STORY,en,pt,es,it,fr,de,ja,HIRAGANA,ROMAJI
1,1. PABLO WAKES UP.,1. PABLO ACORDA.,1. PABLO SE DESPIERTA.,1. PABLO SI SVEGLIA.,1. PABLO SE RÉVEILLE.,1. PABLO WACHT AUF.,1. パブロが目を覚ます。,1. パブロがめをさます。,1. PABLO GA ME WO SAMASU.
1,2. HE PICKS UP HIS TOOTHBRUSH.,2. ELE PEGA A ESCOVA DE DENTES.,2. ÉL TOMA SU CEPILLO DE DIENTES.,2. LUI PRENDE LO SPAZZOLINO.,2. IL PREND SA BROSSE À DENTS.,2. ER NIMMT SEINE ZAHNBÜRSTE.,2. 彼は歯ブラシを手に取る。,2. かれははぶらしをてにとる。,2. KARE WA HABURASHI WO TE NI TORU.
1,3. HE SQUEEZES TOOTHPASTE ON THE TOOTHBRUSH.,3. ELE ESPREME PASTA DE DENTE NA ESCOVA.,3. ÉL EXPRIME PASTA DE DIENTES EN EL CEPILLO.,3. LUI SPREME IL DENTIFRICIO SULLO SPAZZOLINO.,3. IL MET DU DENTIFRICE SUR LA BROSSE À DENTS.,3. ER DRÜCKT ZAHNPASTA AUF DIE ZAHNBÜRSTE.,3. 彼は歯ブラシに歯磨き粉を出す。,3. かれははぶらしにはみがきこをだす。,3. KARE WA HABURASHI NI HAMIGAKIKO WO DASU.
1,4. HE BRUSHES HIS TEETH (CLOSEUP).,4. ELE ESCOVA OS DENTES (CLOSEUP).,4. ÉL SE CEPILLA LOS DIENTES (PRIMER PLANO).,4. LUI SI LAVA I DENTI (PRIMO PIANO).,4. IL SE BROSSE LES DENTS (GROS PLAN).,4. ER PUTZT SEINE ZÄHNE (NAHAUFNAHME).,4. 彼は歯を磨く（クローズアップ）。,4. かれははをみがく（クローズアップ）。,4. KARE WA HA WO MIGAKU (CLOSE-UP).
1,4. HE BRUSHES HIS TEETH.,4. ELE ESCOVA OS DENTES.,4. ÉL SE CEPILLA LOS DIENTES.,4. LUI SI LAVA I DENTI.,4. IL SE BROSSE LES DENTS.,4. ER PUTZT SEINE ZÄHNE.,4. 彼は歯を磨く。,5. かれははをみがく。,5. KARE WA HA WO MIGAKU.
1,5. HE RINSES HIS MOUTH WITH WATER.,5. ELE ENXÁGUA A BOCA COM ÁGUA.,5. ÉL SE ENJUAGA LA BOCA CON AGUA.,5. LUI SCIAQUA LA BOCCA CON ACQUA.,5. IL SE RINCE LA BOUCHE AVEC DE L’EAU.,5. ER SPÜLT SEINEN MUND MIT WASSER.,5. 彼は口を水でゆすぐ。,6. かれはくちをみずでゆすぐ。,6. KARE WA KUCHI WO MIZU DE YUSUGU.
1,6. HE RINSES THE TOOTHBRUSH.,6. ELE ENXÁGUA A ESCOVA DE DENTES.,6. ÉL ENJUAGA EL CEPILLO DE DIENTES.,6. LUI RISCIACQUA LO SPAZZOLINO.,6. IL RINCE SA BROSSE À DENTS.,6. ER SPÜLT DIE ZAHNBÜRSTE AB.,6. 彼は歯ブラシを洗う。,7. かれははぶらしをあらう。,7. KARE WA HABURASHI WO ARAU.
1,7. HE PUTS THE TOOTHBRUSH IN THE HOLDER.,7. ELE COLOCA A ESCOVA NO SUPORTE.,7. ÉL PONE EL CEPILLO EN EL SOPORTE.,7. LUI METTE LO SPAZZOLINO NEL PORTASPZZOLINO.,7. IL MET LA BROSSE À DENTS DANS LE PORTE-BROSSE.,7. ER STECKT DIE ZAHNBÜRSTE IN DEN HALTER.,7. 彼は歯ブラシをホルダーに置く。,8. かれははぶらしをホルダーにおく。,8. KARE WA HABURASHI WO HORUDĀ NI OKU.
1,8. HE DRIES HIS HANDS WITH A TOWEL.,8. ELE SECA AS MÃOS COM UMA TOALHA.,8. ÉL SE SÉCA LAS MANOS CON UNA TOALLA.,8. LUI SI ASCIUGA LE MANI CON UN ASCIUGAMANO.,8. IL SE SÈCHE LES MAINS AVEC UNE SERVIETTE.,8. ER TROCKNET SEINE HÄNDE MIT EINEM HANDTUCH.,8. 彼はタオルで手を乾かす。,9. かれはタオルでてをかわかす。,9. KARE WA TAORU DE TE WO KAWAKASU.
1,9. HE SMILES IN THE MIRROR.,9. ELE SORRI NO ESPELHO.,9. ÉL SONRÍE EN EL ESPEJO.,9. LUI SORRIDE NELLO SPECCHIO.,9. IL SOURIT DANS LE MIROIR.,9. ER LÄCHELT IM SPIEGEL.,9. 彼は鏡に向かって笑う。,10. かれはかがみにむかってわらう。,10. KARE WA KAGAMI NI MUKATTE WARAU.
2,1. HE IS JOHN.,1. ELE É JOHN.,1. ÉL ES JOHN.,1. LUI È JOHN.,1. IL EST JOHN.,1. ER IST JOHN.,1. 彼はジョンです。,11. かれはジョンです。,11. KARE WA JOHN DESU.
2,2. HIS HANDS ARE DIRTY.,2. SUAS MÃOS ESTÃO SUJAS.,2. SUS MANOS ESTÁN SUCIAS.,2. LE SUE MANI SONO SPORCHE.,2. SES MAINS SONT SALES.,2. SEINE HÄNDE SIND SCHMUTZIG.,2. 彼の手は汚れている。,12. かれのてはよごれている。,12. KARE NO TE WA YOGORETE IRU.
2,3. HE WALKS TO THE SINK.,3. ELE CAMINHA ATÉ A PIA.,3. ÉL CAMINA HACIA EL LAVABO.,3. LUI CAMMINA VERSO IL LAVABO.,3. IL MARCHE VERS LE LAVABO.,3. ER GEHT ZUM WASCHBECKEN.,3. 彼は洗面台に歩く。,13. かれはせんめんだいにあるく。,13. KARE WA SENMENDAI NI ARUKU.
2,4. HE TURNS ON THE FAUCET.,4. ELE LIGA A TORNEIRA.,4. ÉL ABRE EL GRIFO.,4. LUI APRE IL RUBINETTO.,4. IL OUVRE LE ROBINET.,4. ER DREHT DEN WASSERHAHN AUF.,4. 彼は蛇口をひねる。,14. かれはじゃぐちをひねる。,14. KARE WA JAGUCHI WO HINERU.
2,5. HE PICKS UP THE SOAP.,5. ELE PEGA O SABONETE.,5. ÉL TOMA EL JABÓN.,5. LUI PRENDE IL SAPONE.,5. IL PREND LE SAVON.,5. ER NIMMT DIE SEIFE.,5. 彼は石鹸を手に取る。,15. かれはせっけんをてにとる。,15. KARE WA SEKKEN WO TE NI TORU.
2,6. HE PICKS UP THE SOAP.,6. ELE PEGA O SABONETE.,6. ÉL TOMA EL JABÓN.,6. LUI PRENDE IL SAPONE.,6. IL PREND LE SAVON.,6. ER NIMMT DIE SEIFE.,6. 彼は石鹸を手に取る。,16. かれはせっけんをてにとる。,16. KARE WA SEKKEN WO TE NI TORU.
2,7. HE WASHES HIS HANDS WITH THE SOAP.,7. ELE LAVA AS MÃOS COM O SABONETE.,7. ÉL SE LAVA LAS MANOS CON EL JABÓN.,7. LUI SI LAVA LE MANI CON IL SAPONE.,7. IL SE LAVE LES MAINS AVEC LE SAVON.,7. ER WÄSCHT SEINE HÄNDE MIT DER SEIFE.,7. 彼は石鹸で手を洗う。,17. かれはせっけんでてをあらう。,17. KARE WA SEKKEN DE TE WO ARAU.
2,8. HE PUTS DOWN THE SOAP.,8. ELE PÕE O SABONETE NO LUGAR.,8. ÉL DEJA EL JABÓN.,8. LUI RIPONE IL SAPONE.,8. IL REPOSE LE SAVON.,8. ER LEGT DIE SEIFE ZURÜCK.,8. 彼は石鹸を元の場所に戻す。,18. かれはせっけんをもとのばしょにもどす。,18. KARE WA SEKKEN WO MOTO NO BASHO NI MODOSU.
2,9. HE RINSES HIS HANDS,9. ELE ENXÁGUA AS MÃOS.,9. ÉL SE ENJUAGA LAS MANOS.,9. LUI RISCIACQUA LE MANI.,9. IL RINCE SES MAINS.,9. ER SPÜLT SEINE HÄNDE.,9. 彼は手をすすぐ。,19. かれはてをすすぐ。,19. KARE WA TE WO SUSUGU.
2,10. HE TURNS OFF THE FAUCET.,10. ELE DESLIGA A TORNEIRA.,10. ÉL CIERRA EL GRIFO.,10. LUI CHIUDE IL RUBINETTO.,10. IL FERME LE ROBINET.,10. ER DREHT DEN WASSERHAHN ZU.,10. 彼は蛇口を閉める。,20. かれはじゃぐちをしめる。,20. KARE WA JAGUCHI WO SHIMERU.
2,11. HE GETS THE TOWEL.,11. ELE PEGA A TOALHA.,11. ÉL TOMA LA TOALLA.,11. LUI PRENDE L’ASCIUGAMANO.,11. IL PREND LA SERVIETTE.,11. ER NIMMT DAS HANDTUCH.,11. 彼はタオルを取る。,21. かれはタオルをとる。,21. KARE WA TAORU WO TORU.
2,12. HE DRIES HIS HANDS WITH THE TOWEL.,12. ELE SECA AS MÃOS COM A TOALHA.,12. ÉL SE SÉCA LAS MANOS CON LA TOALLA.,12. LUI SI ASCIUGA LE MANI CON L’ASCIUGAMANO.,12. IL SE SÈCHE LES MAINS AVEC LA SERVIETTE.,12. ER TROCKNET SEINE HÄNDE MIT DEM HANDTUCH.,12. 彼はタオルで手を乾かす。,22. かれはタオルでてをかわかす。,22. KARE WA TAORU DE TE WO KAWAKASU.
2,13. HE PUTS BACK THE TOWEL.,13. ELE COLOCA A TOALHA DE VOLTA.,13. ÉL DEVUELVE LA TOALLA.,13. LUI RIPONE L’ASCIUGAMANO.,13. IL REMET LA SERVIETTE.,13. ER HÄNGT DAS HANDTUCH ZURÜCK.,13. 彼はタオルを元の場所に戻す。,23. かれはタオルをもとのばしょにもどす。,23. KARE WA TAORU WO MOTO NO BASHO NI MODOSU.
2,14. HIS HANDS ARE CLEAN.,14. SUAS MÃOS ESTÃO LIMPAS.,14. SUS MANOS ESTÁN LIMPIAS.,14. LE SUE MANI SONO PULITE.,14. SES MAINS SONT PROPRES.,14. SEINE HÄNDE SIND SAUBER.,14. 彼の手はきれいです。,24. かれのてはきれいです。,24. KARE NO TE WA KIREI DESU.
2,15. HE WHISTLES.,15. ELE ASSOBIA.,15. ÉL SILBA.,15. LUI FISCHIA.,15. IL Siffle.,15. ER PFEIFT.,15. 彼は口笛を吹く。,25. かれはくちぶえをふく。,25. KARE WA KUCHIBUE WO FUKU.
3,1. SHE IS MARY.,1. ELA É MARY.,1. ELLA ES MARY.,1. LEI È MARY.,1. ELLE EST MARY.,1. SIE IST MARY.,1. 彼女はメアリーです。,1. かのじょはメアリーです。,1. KANOJO WA MĒRĪ DESU.
3,2. SHE SPILLS MILK ON THE TABLE.,2. ELA DERRAMA LEITE NA MESA.,2. ELLA DERRAMA LECHE EN LA MESA.,2. LEI SPARA LATTE SUL TAVOLO.,2. ELLE RENVERSE DU LAIT SUR LA TABLE.,2. SIE VERSCHÜTTET MILCH AUF DEN TISCH.,2. 彼女はテーブルに牛乳をこぼす。,2. かのじょはテーブルにぎゅうにゅうをこぼす。,2. KANOJO WA TĒBURU NI GYŪNYŪ WO KOBOSU.
3,3. SHE RUNS TO THE KITCHEN.,3. ELA CORRE PARA A COZINHA.,3. ELLA CORRE A LA COCINA.,3. LEI CORRE IN CUCINA.,3. ELLE COURT À LA CUISINE.,3. SIE RENNT IN DIE KÜCHE.,3. 彼女はキッチンに走る。,3. かのじょはキッチンにはしる。,3. KANOJO WA KITCHIN NI HASHIRU.
3,4. SHE GETS THE TOWEL.,4. ELA PEGA A TOALHA.,4. ELLA TOMA LA TOALLA.,4. LEI PRENDE L’ASCIUGAMANO.,4. ELLE PREND LA SERVIETTE.,4. SIE NIMMT DAS HANDTUCH.,4. 彼女はタオルを取る。,4. かのじょはタオルをとる。,4. KANOJO WA TAORU WO TORU.
3,5. SHE GETS THE TOWEL.,5. ELA PEGA A TOALHA.,5. ELLA TOMA LA TOALLA.,5. LEI PRENDE L’ASCIUGAMANO.,5. ELLE PREND LA SERVIETTE.,5. SIE NIMMT DAS HANDTUCH.,5. 彼女はタオルを取る。,5. かのじょはタオルをとる。,5. KANOJO WA TAORU WO TORU.
3,6. SHE TURNS ON THE FAUCET.,6. ELA LIGA A TORNEIRA.,6. ELLA ABRE EL GRIFO.,6. LEI APRE IL RUBINETTO.,6. ELLE OUVRE LE ROBINET.,6. SIE DREHT DEN WASSERHAHN AUF.,6. 彼女は蛇口をひねる。,6. かのじょはじゃぐちをひねる。,6. KANOJO WA JAGUCHI WO HINERU.
3,7. SHE TWISTS THE TOWEL.,7. ELA TORCE A TOALHA.,7. ELLA RETUERCE LA TOALLA.,7. LEI STRIZZA L’ASCIUGAMANO.,7. ELLE TORD LA SERVIETTE.,7. SIE WRINGT DAS HANDTUCH AUS.,7. 彼女はタオルを絞る。,7. かのじょはタオルをしぼる。,7. KANOJO WA TAORU WO SHIBORU.
3,8. SHE WETS THE TOWEL.,8. ELA MOLHA A TOALHA.,8. ELLA MOJA LA TOALLA.,8. LEI BAGNA L’ASCIUGAMANO.,8. ELLE MOUILLE LA SERVIETTE.,8. SIE BEFEUCHTET DAS HANDTUCH.,8. 彼女はタオルを濡らす。,8. かのじょはタオルをぬらす。,8. KANOJO WA TAORU WO NURASU.
3,9. SHE RUNS BACK TO THE TABLE.,9. ELA CORRE DE VOLTA PARA A MESA.,9. ELLA CORRE DE VUELTA A LA MESA.,9. LEI CORRE DI NUOVO AL TAVOLO.,9. ELLE COURT DE RETOUR À LA TABLE.,9. SIE RENNT ZURÜCK ZUM TISCH.,9. 彼女はテーブルに戻る。,9. かのじょはテーブルにもどる。,9. KANOJO WA TĒBURU NI MODORU.
3,10. SHE CLEANS THE TABLE WITH THE TOWEL.,10. ELA LIMPA A MESA COM A TOALHA.,10. ELLA LIMPIA LA MESA CON LA TOALLA.,10. LEI PULISCE IL TAVOLO CON L’ASCIUGAMANO.,10. ELLE NETTOIE LA TABLE AVEC LA SERVIETTE.,10. SIE REINIGT DEN TISCH MIT DEM HANDTUCH.,10. 彼女はタオルでテーブルを拭く。,10. かのじょはタオルでテーブルをふく。,10. KANOJO WA TAORU DE TĒBURU WO FUKU.
3,11. SHE WALKS BACK TO THE KITCHEN.,11. ELA VOLTA PARA A COZINHA.,11. ELLA VUELVE A LA COCINA.,11. LEI TORNA IN CUCINA.,11. ELLE RETOURNE À LA CUISINE.,11. SIE GEHT ZURÜCK IN DIE KÜCHE.,11. 彼女はキッチンに戻る。,11. かのじょはキッチンにもどる。,11. KANOJO WA KITCHIN NI MODORU.
3,12. SHE WASHES THE TOWEL.,12. ELA LAVA A TOALHA.,12. ELLA LAVA LA TOALLA.,12. LEI LAVA L’ASCIUGAMANO.,12. ELLE LAVE LA SERVIETTE.,12. SIE WÄSCHT DAS HANDTUCH.,12. 彼女はタオルを洗う。,12. かのじょはタオルをあらう。,12. KANOJO WA TAORU WO ARAU.
3,13. SHE HANGS THE TOWEL ON THE FAUCET.,13. ELA PENDURA A TOALHA NA TORNEIRA.,13. ELLA CUELGA LA TOALLA EN EL GRIFO.,13. LEI APPENDE L’ASCIUGAMANO AL RUBINETTO.,13. ELLE ACCROCHE LA SERVIETTE AU ROBINET.,13. SIE HÄNGT DAS HANDTUCH AN DEN WASSERHAHN.,13. 彼女はタオルを蛇口にかける。,13. かのじょはタオルをじゃぐちにかける。,13. KANOJO WA TAORU WO JAGUCHI NI KAKERU.
3,14. SHE WALKS TO THE TABLE.,14. ELA CAMINHA ATÉ A MESA.,14. ELLA CAMINA HACIA LA MESA.,14. LEI CAMMINA VERSO IL TAVOLO.,14. ELLE MARCHE VERS LA TABLE.,14. SIE GEHT ZUM TISCH.,14. 彼女はテーブルに歩く。,14. かのじょはテーブルにあるく。,14. KANOJO WA TĒBURU NI ARUKU.
3,15. SHE DRINKS MILK.,15. ELA BEBE LEITE.,15. ELLA BEBE LECHE.,15. LEI BEVE LATTE.,15. ELLE BOIT DU LAIT.,15. SIE TRINKT MILCH.,15. 彼女は牛乳を飲む。,15. かのじょはぎゅうにゅうをのむ。,15. KANOJO WA GYŪNYŪ WO NOMU.
3,16. HER MOTHER SAYS - DON'T SPILL MILK ON THE TABLE.,16. SUA MÃE DIZ – NÃO DERRAME LEITE NA MESA.,16. SU MADRE DICE – NO DERRAMES LECHE EN LA MESA.,16. SUA MADRE DICE – NON VERSARE IL LATTE SUL TAVOLO.,16. SA MÈRE DIT – NE RENVERSEZ PAS DE LAIT SUR LA TABLE.,16. IHRE MUTTER SAGT – NICHT DIE MILCH AUF DEN TISCH VERSCHÜTTEN.,16. 彼女の母親が言う – テーブルに牛乳をこぼさないで。,16. かのじょのははおやがいう – テーブルにぎゅうにゅうをこぼさないで。,16. KANOJO NO HAHAOYA GA IU – TĒBURU NI GYŪNYŪ WO KOBOSANAIDE.
4,1. JOHN GETS VITAMINS.,1. JOHN PEGA AS VITAMINAS.,1. JOHN TOMA VITAMINAS.,1. JOHN PRENDE LE VITAMINE.,1. JOHN PREND DES VITAMINES.,1. JOHN NIMMT VITAMINE.,1. ジョンはビタミンを取る。,1. ジョンはビタミンをとる。,1. JON WA BITAMIN WO TORU.
4,2. HE TAKES OFF THE LID.,2. ELE REMOVE A TAMPA.,2. ÉL QUITA LA TAPA.,2. LUI TOGLIE IL COPERCHIO.,2. IL ENLÈVE LE COUVERCLE.,2. ER NIMMT DEN DECKEL AB.,2. 彼は蓋を取る。,2. かれはふたをとる。,2. KARE WA FUTA WO TORU.
4,3. HE GETS ONE VITAMIN.,3. ELE PEGA UMA VITAMINA.,3. ÉL TOMA UNA VITAMINA.,3. LUI PRENDE UNA VITAMINA.,3. IL PREND UNE VITAMINE.,3. ER NIMMT EINE VITAMIN.,3. 彼はビタミンを1つ取る。,3. かれはビタミンをひとつとる。,3. KARE WA BITAMIN WO HITOTSU TORU.
4,4. HE PUTS BACK THE LID. HE PUTS ON THE LID.,4. ELE COLOCA A TAMPA DE VOLTA. ELE COLOCA A TAMPA.,4. ÉL PONE LA TAPA DE VUELTA. ÉL PONE LA TAPA.,4. LUI RIPONE IL COPERCHIO. LUI METTE IL COPERCHIO.,4. IL REMET LE COUVERCLE. IL MET LE COUVERCLE.,4. ER SETZT DEN DECKEL ZURÜCK. ER SETZT DEN DECKEL AUF.,4. 彼は蓋を戻す。彼は蓋を置く。,4. かれはふたをもどす。かれはふたをおく。,4. KARE WA FUTA WO MODOSU. KARE WA FUTA WO OKU.
4,5. HE PUTS DOWN THE VITAMINS.,5. ELE COLOCA AS VITAMINAS NO LUGAR.,5. ÉL DEJA LAS VITAMINAS.,5. LUI RIPONE LE VITAMINE.,5. IL REPOSE LES VITAMINES.,5. ER LEGT DIE VITAMINE ZURÜCK.,5. 彼はビタミンを置く。,5. かれはビタミンをおく。,5. KARE WA BITAMIN WO OKU.
4,6. HE TAKES ONE VITAMIN.,6. ELE PEGA UMA VITAMINA.,6. ÉL TOMA UNA VITAMINA.,6. LUI PRENDE UNA VITAMINA.,6. IL PREND UNE VITAMINE.,6. ER NIMMT EINE VITAMIN.,6. 彼はビタミンを1つ取る。,6. かれはビタミンをひとつとる。,6. KARE WA BITAMIN WO HITOTSU TORU.
4,7. HE DRINKS WATER.,7. ELE BEBE ÁGUA.,7. ÉL BEBE AGUA.,7. LUI BEVE ACQUA.,7. IL BOIT DE L’EAU.,7. ER TRINKT WASSER.,7. 彼は水を飲む。,7. かれはみずをのむ。,7. KARE WA MIZU WO NOMU.
4,8. HE CHOKES.,8. ELE ENGASGA.,8. ÉL SE ATRAGANTA.,8. LUI SI SOFFOCA.,8. IL S’ÉTOUFFE.,8. ER HÄLT SICH DEN HALS.,8. 彼はむせる。,8. かれはむせる。,8. KARE WA MUSERU.
4,9. HE DRINKS MORE WATER.,9. ELE BEBE MAIS ÁGUA.,9. ÉL BEBE MÁS AGUA.,9. LUI BEVE PIÙ ACQUA.,9. IL BOIT PLUS D’EAU.,9. ER TRINKT MEHR WASSER.,9. 彼はさらに水を飲む。,9. かれはさらにみずをのむ。,9. KARE WA SARANI MIZU WO NOMU.
4,10. HE SWALLOWS.,10. ELE ENGOLE.,10. ÉL TRAGA.,10. LUI DEGLUTISCE.,10. IL AVALÉ.,10. ER SCHLUCKT.,10. 彼は飲み込む。,10. かれはのみこむ。,10. KARE WA NOMIKOMU.
5,1. JANE GETS A SLICE OF BREAD.,1. JANE PEGA UMA FATIA DE PÃO.,1. JANE TOMA UNA REBANADA DE PAN.,1. JANE PRENDE UNA FETTA DI PANE.,1. JANE PREND UNE TRANCHE DE PAIN.,1. JANE NIMMT EINE SCHEIBE BROT.,1. ジェーンはパンを1枚取る。,1. ジェーンはパンを1まいとる。,1. JĒN WA PAN WO 1 MAI TORU.
5,2. SHE PUTS THE SLICE OF BREAD IN THE TOASTER.,2. ELA COLOCA A FATIA DE PÃO NA TORRADEIRA.,2. ELLA PONE LA REBANADA DE PAN EN LA TOSTADORA.,2. LEI METTE LA FETTA DI PANE NEL TOAST.,2. ELLE MET LA TRANCHE DE PAIN DANS LE GRILLE-PAIN.,2. SIE LEGT DIE BROTSCHEIBE IN DEN TOASTER.,2. 彼女はパンをトースターに入れる。,2. かのじょはパンをトースターにいれる。,2. KANOJO WA PAN WO TŌSUTĀ NI IRERU.
5,3. SHE TURNS ON THE TOASTER.,3. ELA LIGA A TORRADEIRA.,3. ELLA ENCIENDE LA TOSTADORA.,3. LEI ACCENDE IL TOAST.,3. ELLE ALLUME LE GRILLE-PAIN.,3. SIE SCHALTET DEN TOASTER EIN.,3. 彼女はトースターをつける。,3. かのじょはトースターをつける。,3. KANOJO WA TŌSUTĀ WO TSUKERU.
5,4. SHE WAITS SIXTY SECONDS.,4. ELA ESPERA SESSENTA SEGUNDOS.,4. ELLA ESPERA SESENTA SEGUNDOS.,4. LEI ASPETTA SESSANTA SECONDI.,4. ELLE ATTEND SOIXANTE SECONDES.,4. SIE WARTET SECHZIG SEKUNDEN.,4. 彼女は60秒待つ。,4. かのじょは60びょうまつ。,4. KANOJO WA 60 BYŌ MATSU.
5,5. THE TOAST IS READY.,5. O TOAST ESTÁ PRONTO.,5. EL PAN ESTÁ LISTO.,5. IL TOAST È PRONTO.,5. LE PAIN GRILLÉ EST PRÊT.,5. DER TOAST IST FERTIG.,5. トーストができた。,5. トーストができた。,5. TŌSUTO GA DEKITA.
5,6. SHE GETS THE TOAST OUT OF THE TOASTER.,6. ELA RETIRA O TOAST DA TORRADEIRA.,6. ELLA SACA EL PAN DEL TOASTER.,6. LEI TOGLIE IL TOAST DAL TOAST.,6. ELLE SORT LE PAIN DU GRILLE-PAIN.,6. SIE NIMMT DEN TOAST AUS DEM TOASTER.,6. 彼女はトーストをトースターから出す。,6. かのじょはトーストをトースターからだす。,6. KANOJO WA TŌSUTO WO TŌSUTĀ KARA DASU.
5,7. SHE PUTS THE TOAST ON THE PLATE.,7. ELA COLOCA O TOAST NO PRATO.,7. ELLA PONE EL PAN EN EL PLATO.,7. LEI METTE IL TOAST SUL PIATTO.,7. ELLE MET LE PAIN SUR L’ASSIETTE.,7. SIE LEGT DEN TOAST AUF DEN TELLER.,7. 彼女はトーストを皿に置く。,7. かのじょはトーストをさらににおく。,7. KANOJO WA TŌSUTO WO ZARU NI OKU.
5,8. SHE GETS A KNIFE AND BUTTER.,8. ELA PEGA UMA FACA E MANTEIGA.,8. ELLA TOMA UN CUCHILLO Y MANTEQUILLA.,8. LEI PRENDE UN COLTELLO E IL BURRO.,8. ELLE PREND UN COUTEAU ET DU BEURRE.,8. SIE NIMMT EIN MESSER UND BUTTER.,8. 彼女はナイフとバターを取る。,8. かのじょはナイフとバターをとる。,8. KANOJO WA NAIFU TO BATĀ WO TORU.
5,9. SHE SPREADS BUTTER ON THE TOAST WITH A KNIFE.,9. ELA PASSA MANTEIGA NO TOAST COM A FACA.,9. ELLA UNTA MANTEQUILLA EN EL PAN CON EL CUCHILLO.,9. LEI SPALMA IL BURRO SUL TOAST CON IL COLTELLO.,9. ELLE ÉTALER DU BEURRE SUR LE PAIN AVEC LE COUTEAU.,9. SIE STREICHT BUTTER AUF DEN TOAST MIT DEM MESSER.,9. 彼女はナイフでトーストにバターを塗る。,9. かのじょはナイフでトーストにバターをぬる。,9. KANOJO WA NAIFU DE TŌSUTO NI BATĀ WO NURU.
5,10. SHE GETS JAM.,10. ELA PEGA GELEIA.,10. ELLA TOMA MERMELADA.,10. LEI PRENDE LA MARMELLATA.,10. ELLE PREND DE LA CONFITURE.,10. SIE NIMMT MARMELADE.,10. 彼女はジャムを取る。,10. かのじょはジャムをとる。,10. KANOJO WA JAMU WO TORU.
5,11. SHE PUTS JAM ON THE TOAST WITH A SPOON.,11. ELA COLOCA GELEIA NO TOAST COM UMA COLHER.,11. ELLA PONE MERMELADA EN EL PAN CON UNA CUCHARA.,11. LEI METTE LA MARMELLATA SUL TOAST CON UN CUCCHIAIO.,11. ELLE MET LA CONFITURE SUR LE PAIN AVEC UNE CUILLÈRE.,11. SIE STREICHT MARMELADE AUF DEN TOAST MIT EINEM LÖFFEL.,11. 彼女はスプーンでトーストにジャムを塗る。,11. かのじょはスプーンでトーストにジャムをぬる。,11. KANOJO WA SUPŪN DE TŌSUTO NI JAMU WO NURU.
5,12. SHE SPREADS JAM ON THE TOAST WITH THE KNIFE.,12. ELA ESPALHA GELEIA NO TOAST COM A FACA.,12. ELLA UNTA MERMELADA EN EL PAN CON EL CUCHILLO.,12. LEI SPALMA LA MARMELLATA SUL TOAST CON IL COLTELLO.,12. ELLE ÉTALER LA CONFITURE SUR LE PAIN AVEC LE COUTEAU.,12. SIE STREICHT MARMELADE AUF DEN TOAST MIT DEM MESSER.,12. 彼女はナイフでトーストにジャムを塗る。,12. かのじょはナイフでトーストにジャムをぬる。,12. KANOJO WA NAIFU DE TŌSUTO NI JAMU WO NURU.
5,13. SHE CUTS THE TOAST.,13. ELA CORTA O TOAST.,13. ELLA CORTA EL PAN.,13. LEI TAGLIA IL TOAST.,13. ELLE COUPE LE PAIN.,13. SIE SCHNEIDET DEN TOAST.,13. 彼女はトーストを切る。,13. かのじょはトーストをきる。,13. KANOJO WA TŌSUTO WO KIRU.
5,14. SHE CUTS THE TOAST (CLOSEUP).,14. ELA CORTA O TOAST (CLOSEUP).,14. ELLA CORTA EL PAN (PRIMER PLANO).,14. LEI TAGLIA IL TOAST (PRIMO PIANO).,14. ELLE COUPE LE PAIN (GROS PLAN).,14. SIE SCHNEIDET DEN TOAST (NAHAUFNAHME).,14. 彼女はトーストを切る（クローズアップ）。,14. かのじょはトーストをきる（クローズアップ）。,14. KANOJO WA TŌSUTO WO KIRU (KURŌZUPPU).
5,15. SHE GETS ONE HALF OF THE TOAST.,15. ELA PEGA METADE DO TOAST.,15. ELLA TOMA LA MITAD DEL PAN.,15. LEI PRENDE META’ DEL TOAST.,15. ELLE PREND LA MOITIÉ DU PAIN.,15. SIE NIMMT DIE HÄLFTE DES TOASTS.,15. 彼女はトーストの半分を取る。,15. かのじょはトーストのはんぶんをとる。,15. KANOJO WA TŌSUTO NO HANBUN WO TORU.
5,16. SHE BITES THE TOAST.,16. ELA MORD O TOAST.,16. ELLA MUERDE EL PAN.,16. LEI MORDE IL TOAST.,16. ELLE MORD LE PAIN.,16. SIE BEISST DEN TOAST.,16. 彼女はトーストをかじる。,16. かのじょはトーストをかじる。,16. KANOJO WA TŌSUTO WO KAJIRU.
5,17. SHE CHEWS.,17. ELA MASTIGA.,17. ELLA MASTICA.,17. LEI MASTICA.,17. ELLE MÂCHE.,17. SIE KAUEN.,17. 彼女は噛む。,17. かのじょはかむ。,17. KANOJO WA KAMU.
6,1. MARINA WAKES UP.,1. MARINA ACORDA.,1. MARINA SE DESPIERTA.,1. MARINA SI SVEGLIA.,1. MARINA SE RÉVEILLE.,1. MARINA WACHT AUF.,1. マリナが目を覚ます。,1. マリナがめをさます。,1. MARINA GA ME WO SAMASU.
6,2. SHE WALKS TO THE KITCHEN.,2. ELA CAMINHA ATÉ A COZINHA.,2. ELLA CAMINA HACIA LA COCINA.,2. LEI CAMMINA IN CUCINA.,2. ELLE MARCHE VERS LA CUISINE.,2. SIE GEHT IN DIE KÜCHE.,2. 彼女はキッチンに歩く。,2. かのじょはキッチンにあるく。,2. KANOJO WA KITCHIN NI ARUKU.
6,3. SHE FILLS THE COFFEE MACHINE WITH WATER.,3. ELA ENCHE A MÁQUINA DE CAFÉ COM ÁGUA.,3. ELLA LLENA LA CAFETERA CON AGUA.,3. LEI RIEMPIE LA MACCHINA DEL CAFFÈ D’ACQUA.,3. ELLE REMPLIT LA MACHINE À CAFÉ D’EAU.,3. SIE FÜLLT DIE KAFFeemaschine MIT WASSER.,3. 彼女はコーヒーメーカーに水を入れる。,3. かのじょはコーヒーメーカーにみずをいれる。,3. KANOJO WA KŌHĪMĒKĀ NI MIZU WO IRERU.
6,4. SHE PUTS COFFEE IN THE FILTER.,4. ELA COLOCA CAFÉ NO FILTRO.,4. ELLA PONE CAFÉ EN EL FILTRO.,4. LEI METTE IL CAFFÈ NEL FILTRO.,4. ELLE MET LE CAFÉ DANS LE FILTRE.,4. SIE GIBT KAFFEE IN DEN FILTER.,4. 彼女はフィルターにコーヒーを入れる。,4. かのじょはフィルターにコーヒーをいれる。,4. KANOJO WA FIRUTĀ NI KŌHĪ WO IRERU.
6,5. SHE TURNS ON THE COFFEE MACHINE.,5. ELA LIGA A MÁQUINA DE CAFÉ.,5. ELLA ENCIENDE LA CAFETERA.,5. LEI ACCENDE LA MACCHINA DEL CAFFÈ.,5. ELLE ALLUME LA MACHINE À CAFÉ.,5. SIE SCHALTE DIE KAFFeemaschine EIN.,5. 彼女はコーヒーメーカーをつける。,5. かのじょはコーヒーメーカーをつける。,5. KANOJO WA KŌHĪMĒKĀ WO TSUKERU.
6,6. THE COFFEE SMELLS GOOD.,6. O CAFÉ CHEIRA BEM.,6. EL CAFÉ HUELE BIEN.,6. IL CAFFÈ ODORA BENE.,6. LE CAFÉ SENT BON.,6. DER KAFFEE RIECHT GUT.,6. コーヒーはいい香りがする。,6. コーヒーはいいかおりがする。,6. KŌHĪ WA II KAORI GA SURU.
6,7. SHE POURS COFFEE INTO A CUP.,7. ELA DESPEJA O CAFÉ EM UMA XÍCARA.,7. ELLA VIERTE EL CAFÉ EN UNA TAZA.,7. LEI VERSA IL CAFFÈ IN UNA TAZZA.,7. ELLE VERSE LE CAFÉ DANS UNE TASSE.,7. SIE GIEßT DEN KAFFEE IN EINE TASSE.,7. 彼女はコーヒーをカップに注ぐ。,7. かのじょはコーヒーをカップにそそぐ。,7. KANOJO WA KŌHĪ WO KAPPU NI SOSOGU.
6,8. SHE ADDS SUGAR.,8. ELA ADICIONA AÇÚCAR.,8. ELLA AGREGA AZÚCAR.,8. LEI AGGIUNGE ZUCCHERO.,8. ELLE AJOUTE DU SUCRE.,8. SIE FÜGT ZUCKER HINZU.,8. 彼女は砂糖を入れる。,8. かのじょはさとうをいれる。,8. KANOJO WA SATŌ WO IRERU.
6,9. SHE ADDS MILK.,9. ELA ADICIONA LEITE.,9. ELLA AGREGA LECHE.,9. LEI AGGIUNGE LATTE.,9. ELLE AJOUTE DU LAIT.,9. SIE FÜGT MILCH HINZU.,9. 彼女はミルクを入れる。,9. かのじょはミルクをいれる。,9. KANOJO WA MIRUKU WO IRERU.
6,10. SHE STIRS THE COFFEE.,10. ELA MEXE O CAFÉ.,10. ELLA REVUELVE EL CAFÉ.,10. LEI MESCOLA IL CAFFÈ.,10. ELLE REMUE LE CAFÉ.,10. SIE RÜHRT DEN KAFFEE UM.,10. 彼女はコーヒーをかき混ぜる。,10. かのじょはコーヒーをかきまぜる。,10. KANOJO WA KŌHĪ WO KAKIMAZERU.
6,11. SHE DRINKS THE COFFEE AND ENJOYS IT.,11. ELA BEBE O CAFÉ E APROVEITA.,11. ELLA BEBE EL CAFÉ Y LO DISFRUTA.,11. LEI BEVE IL CAFFÈ E LO GUSTA.,11. ELLE BOIT LE CAFÉ ET L’APPRÉCIE.,11. SIE TRINKT DEN KAFFEE UND GENIEßT IHN.,11. 彼女はコーヒーを飲んで楽しむ。,11. かのじょはコーヒーをのんでたのしむ。,11. KANOJO WA KŌHĪ WO NONDE TANOSHIMU.
7,1. TYRONE HEARS HIS CAT MEOW.,1. TYRONE OUVE SEU GATO MIAR.,1. TYRONE OYE A SU GATO MAULLAR.,1. TYRONE SENTE IL GATTO MIAGOLARE.,1. TYRONE ENTEND SON CHAT MIAULER.,1. TYRONE HÖRT SEINE KATZE MIAUEN.,1. タイロンは猫の鳴き声を聞く。,1. タイロンはねこのなきごえをきく。,1. TAIRON WA NEKO NO NAKIGOE WO KIKU.
7,2. HE WALKS TO THE KITCHEN.,2. ELE CAMINHA ATÉ A COZINHA.,2. ÉL CAMINA HACIA LA COCINA.,2. LUI CAMMINA IN CUCINA.,2. IL MARCHE VERS LA CUISINE.,2. ER GEHT IN DIE KÜCHE.,2. 彼はキッチンに歩く。,2. かれはキッチンにあるく。,2. KARE WA KITCHIN NI ARUKU.
7,3. HE TAKES A BOWL FROM THE SHELF.,3. ELE PEGA UMA TIGELA DA PRATELEIRA.,3. ÉL TOMA UN BOL DEL ESTANTE.,3. LUI PRENDE UNA CIOTOLA DAL RIPIANO.,3. IL PREND UN BOL DE L’ÉTAGÈRE.,3. ER NIMMT EINE SCHÜSSEL VOM REGAL.,3. 彼は棚からボウルを取る。,3. かれはたなからボウルをとる。,3. KARE WA TANA KARA BŌRU WO TORU.
7,4. HE OPENS A CAN OF CAT FOOD.,4. ELE ABRE UMA LATA DE RAÇÃO.,4. ÉL ABRE UNA LATA DE COMIDA PARA GATO.,4. LUI APRE UNA LATTA DI CIBO PER GATTI.,4. IL OUVRE UNE BOÎTE DE NOURRITURE POUR CHAT.,4. ER ÖFFNET EINE DOSE KATZENFUTTER.,4. 彼は猫の餌の缶を開ける。,4. かれはねこのえのかんをあける。,4. KARE WA NEKO NO E NO KAN WO AKERU.
7,5. HE PUTS THE CAT FOOD IN THE BOWL.,5. ELE COLOCA A RAÇÃO NA TIGELA.,5. ÉL PONE LA COMIDA EN EL BOL.,5. LUI METTE IL CIBO NELLA CIOTOLA.,5. IL MET LA NOURRITURE DANS LE BOL.,5. ER GIBT DAS FUTTER IN DIE SCHÜSSEL.,5. 彼は餌をボウルに入れる。,5. かれはえをボウルにいれる。,5. KARE WA E WO BŌRU NI IRERU.
7,6. HE FILLS ANOTHER BOWL WITH WATER.,6. ELE ENCHE OUTRA TIGELA COM ÁGUA.,6. ÉL LLENA OTRA BOL CON AGUA.,6. LUI RIEMPIE UN’ALTRA CIOTOLA D’ACQUA.,6. IL REMPLIT UN AUTRE BOL D’EAU.,6. ER FÜLLT EINE ANDERE SCHÜSSEL MIT WASSER.,6. 彼は別のボウルに水を入れる。,6. かれはべつのボウルにみずをいれる。,6. KARE WA BETSU NO BŌRU NI MIZU WO IRERU.
7,7. THE CAT EATS QUICKLY.,7. O GATO COME RÁPIDO.,7. EL GATO COME RÁPIDO.,7. IL GATTO MANGIA VELOCEMENTE.,7. LE CHAT MANGE RAPIDEMENT.,7. DIE KATZE FRISST SCHNELL.,7. 猫は素早く食べる。,7. ねこはすばやくたべる。,7. NEKO WA SUBAYAKU TABERU.
7,8. HE WATCHES THE CAT EAT THE FOOD.,8. ELE OBSERVA O GATO COMER A RAÇÃO.,8. ÉL OBSERVA AL GATO COMER LA COMIDA.,8. LUI GUARDA IL GATTO MANGIARE IL CIBO.,8. IL REGARDE LE CHAT MANGER LA NOURRITURE.,"8. ER SIEHT ZU, WIE DIE KATZE DAS FUTTER FRISST.",8. 彼は猫が餌を食べるのを見守る。,8. かれはねこがえをたべるのをみまもる。,8. KARE WA NEKO GA E WO TABERU NO WO MIMAMORU.
7,9. THE CAT FINISHES AND LICKS ITS PAWS.,9. O GATO TERMINA E LAMBE AS PATAS.,9. EL GATO TERMINA Y SE LAME LAS PATAS.,9. IL GATTO FINISCE E LECCA LE ZAMPE.,9. LE CHAT FINIT ET SE LÈCHE LES PATTES.,9. DIE KATZE IST FERTIG UND LECKT IHRE PFOTEN.,9. 猫は食べ終えて手を舐める。,9. ねこはたべおえててをなめる。,9. NEKO WA TABEOETE TE WO NAMERU.
7,10. HE PETS THE CAT AND SMILES.,10. ELE FAZ CARINHO NO GATO E SORRI.,10. ÉL ACARICIA AL GATO Y SONRÍE.,10. LUI ACCAREZZA IL GATTO E SORRIDE.,10. IL CÂLINE LE CHAT ET SOURIT.,10. ER STREICHELT DIE KATZE UND LÄCHELT.,10. 彼は猫を撫でて微笑む。,10. かれはねこをなでてほほえむ。,10. KARE WA NEKO WO NADETE HOHOEMU.
8,1. JEFF GETS A BOX OF CEREAL.,1. JEFF PEGA UMA CAIXA DE CEREAIS.,1. JEFF TOMA UNA CAJA DE CEREALES.,1. JEFF PRENDE UNA SCATOLA DI CEREALI.,1. JEFF PREND UNE BOÎTE DE CÉRÉALES.,1. JEFF NIMMT EINE SCHACHTEL MÜSLI.,1. ジェフはシリアルの箱を取る。,1. ジェフはシリアルのはこをとる。,1. JEFU WA SHIRIALU NO HAKO WO TORU.
8,"2. A BOWL, A SPOON, AND A PLATE.","2. UMA TIGELA, UMA COLHER E UM PRATO.","2. UN BOL, UNA CUCHARA Y UN PLATO.","2. UNA CIOTOLA, UN CUCCHIAIO E UN PIATTO.","2. UN BOL, UNE CUILLÈRE ET UNE ASSIETTE.","2. EINE SCHÜSSEL, EIN LÖFFEL UND EIN TELLER.",2. ボウル、スプーン、皿。,2. ボウル、スプーン、さら。,"2. BŌRU, SUPŪN, SARA."
8,3. HE OPENS THE BOX OF CEREAL.,3. ELE ABRE A CAIXA DE CEREAIS.,3. ÉL ABRE LA CAJA DE CEREALES.,3. LUI APRE LA SCATOLA DI CEREALI.,3. IL OUVRE LA BOÎTE DE CÉRÉALES.,3. ER ÖFFNET DIE MÜSLI-SCHACHTEL.,3. 彼はシリアルの箱を開ける。,3. かれはシリアルのはこをあける。,3. KARE WA SHIRIALU NO HAKO WO AKERU.
8,4. HE PUTS CEREAL IN THE BOWL.,4. ELE COLOCA CEREAIS NA TIGELA.,4. ÉL PONE CEREALES EN EL BOL.,4. LUI METTE I CEREALI NELLA CIOTOLA.,4. IL MET LES CÉRÉALES DANS LE BOL.,4. ER GIBT MÜSLI IN DIE SCHÜSSEL.,4. 彼はシリアルをボウルに入れる。,4. かれはシリアルをボウルにいれる。,4. KARE WA SHIRIALU WO BŌRU NI IRERU.
8,"5. HE SPILLS CEREAL ON THE PLATE, AND ON THE TABLE.",5. ELE DERRAMA CEREAIS NO PRATO E NA MESA.,5. ÉL DERRAMA CEREALES EN EL PLATO Y EN LA MESA.,5. LUI SPARA I CEREALI SUL PIATTO E SUL TAVOLO.,5. IL RENVERSE LES CÉRÉALES SUR L’ASSIETTE ET SUR LA TABLE.,5. ER VERSCHÜTTET MÜSLI AUF DEN TELLER UND DEN TISCH.,5. 彼はシリアルを皿とテーブルにこぼす。,5. かれはシリアルをさらとテーブルにこぼす。,5. KARE WA SHIRIALU WO SARA TO TĒBURU NI KOBOSU.
8,6. HE GETS THE CEREAL FROM THE PLATE.,6. ELE PEGA OS CEREAIS DO PRATO.,6. ÉL TOMA LOS CEREALES DEL PLATO.,6. LUI PRENDE I CEREALI DAL PIATTO.,6. IL PREND LES CÉRÉALES DE L’ASSIETTE.,6. ER NIMMT DAS MÜSLI VOM TELLER.,6. 彼は皿からシリアルを取る。,6. かれはさらからシリアルをとる。,6. KARE WA SARA KARA SHIRIALU WO TORU.
8,7. AND PUTS IT IN THE BOWL.,7. E COLOCA NA TIGELA.,7. Y LOS PONE EN EL BOL.,7. E LI METTE NELLA CIOTOLA.,7. ET LES MET DANS LE BOL.,7. UND LEGT SIE IN DIE SCHÜSSEL.,7. それをボウルに入れる。,7. それをボウルにいれる。,7. SORE WO BŌRU NI IRERU.
8,8. HE CLOSES THE BOX OF CEREAL.,8. ELE FECHA A CAIXA DE CEREAIS.,8. ÉL CIERRA LA CAJA DE CEREALES.,8. LUI CHIUDE LA SCATOLA DI CEREALI.,8. IL FERME LA BOÎTE DE CÉRÉALES.,8. ER SCHLIESST DIE MÜSLI-SCHACHTEL.,8. 彼はシリアルの箱を閉める。,8. かれはシリアルのはこをしめる。,8. KARE WA SHIRIALU NO HAKO WO SHIMERU.
8,9. HE GETS SUGAR.,9. ELE PEGA AÇÚCAR.,9. ÉL TOMA AZÚCAR.,9. LUI PRENDE ZUCCHERO.,9. IL PREND DU SUCRE.,9. ER NIMMT ZUCKER.,9. 彼は砂糖を取る。,9. かれはさとうをとる。,9. KARE WA SATŌ WO TORU.
8,10. HE PUTS SUGAR IN THE BOWL WITH A SPOON.,10. ELE COLOCA AÇÚCAR NA TIGELA COM UMA COLHER.,10. ÉL PONE AZÚCAR EN EL BOL CON UNA CUCHARA.,10. LUI METTE ZUCCHERO NELLA CIOTOLA CON UN CUCCHIAIO.,10. IL MET LE SUCRE DANS LE BOL AVEC UNE CUILLÈRE.,10. ER GIBT ZUCKER IN DIE SCHÜSSEL MIT EINEM LÖFFEL.,10. 彼はスプーンでボウルに砂糖を入れる。,10. かれはスプーンでボウルにさとうをいれる。,10. KARE WA SUPŪN DE BŌRU NI SATŌ WO IRERU.
8,11. HE GETS MILK.,11. ELE PEGA LEITE.,11. ÉL TOMA LECHE.,11. LUI PRENDE LATTE.,11. IL PREND DU LAIT.,11. ER NIMMT MILCH.,11. 彼はミルクを取る。,11. かれはミルクをとる。,11. KARE WA MIRUKU WO TORU.
8,12. HE POURS MILK IN THE BOWL.,12. ELE DESPEJA LEITE NA TIGELA.,12. ÉL VIERTE LECHE EN EL BOL.,12. LUI VERSA IL LATTE NELLA CIOTOLA.,12. IL VERSE LE LAIT DANS LE BOL.,12. ER GIEßT MILCH IN DIE SCHÜSSEL.,12. 彼はボウルにミルクを注ぐ。,12. かれはボウルにミルクをそそぐ。,12. KARE WA BŌRU NI MIRUKU WO SOSOGU.
8,13. HE EATS CEREAL WITH MILK.,13. ELE COME CEREAIS COM LEITE.,13. ÉL COME CEREALES CON LECHE.,13. LUI MANGIA CEREALI CON LATTE.,13. IL MANGE DES CÉRÉALES AVEC DU LAIT.,13. ER ISST MÜSLI MIT MILCH.,13. 彼はミルク入りのシリアルを食べる。,13. かれはミルクいりのシリアルをたべる。,13. KARE WA MIRUKU IRI NO SHIRIALU WO TABERU.
8,14. HE CHEWS.,14. ELE MASTIGA.,14. ÉL MASTICA.,14. LUI MASTICA.,14. IL MÂCHE.,14. ER KAUEN.,14. 彼は噛む。,14. かれはかむ。,14. KARE WA KAMU.
8,15. HE SWALLOWS.,15. ELE ENGOLE.,15. ÉL TRAGA.,15. LUI DEGLUTISCE.,15. IL AVALÉ.,15. ER SCHLUCKT.,15. 彼は飲み込む。,15. かれはのみこむ。,15. KARE WA NOMIKOMU.
9,1. SARAH GRABS A BOOK FROM THE SHELF.,1. SARAH PEGA UM LIVRO DA PRATELEIRA.,1. SARAH TOMA UN LIBRO DEL ESTANTE.,1. SARAH PRENDE UN LIBRO DAL RIPIANO.,1. SARAH PREND UN LIVRE DE L’ÉTAGÈRE.,1. SARAH NIMMT EIN BUCH VOM REGAL.,1. サラは棚から本を取る。,1. サラはたなからほんをとる。,1. SARA WA TANA KARA HON WO TORU.
9,2. SHE SITS DOWN IN A COMFORTABLE CHAIR.,2. ELA SE SENTA EM UMA POLTRONA CONFORTÁVEL.,2. ELLA SE SIENTA EN UN SILLÓN CÓMODO.,2. LEI SI SIEDA IN UNA POLTRONA COMODA.,2. ELLE S’ASSOIT DANS UN FAUTEUIL CONFORTABLE.,2. SIE SETZT SICH IN EINEN BEQUEMEN STUHL.,2. 彼女は快適な椅子に座る。,2. かのじょはかいてきないすにすわる。,2. KANOJO WA KAITEKI NA ISU NI SUWARU.
9,3. SHE OPENS THE BOOK.,3. ELA ABRE O LIVRO.,3. ELLA ABRE EL LIBRO.,3. LEI APRE IL LIBRO.,3. ELLE OUVRE LE LIVRE.,3. SIE ÖFFNET DAS BUCH.,3. 彼女は本を開く。,3. かのじょはほんをひらく。,3. KANOJO WA HON WO HIRAKU.
9,4. SHE BEGINS READING THE FIRST PAGE.,4. ELA COMEÇA A LER A PRIMEIRA PÁGINA.,4. ELLA EMPIEZA A LEER LA PRIMERA PÁGINA.,4. LEI INIZIA A LEGGERE LA PRIMA PAGINA.,4. ELLE COMMENCE À LIRE LA PREMIÈRE PAGE.,4. SIE BEGINNT DIE ERSTE SEITE ZU LESEN.,4. 彼女は最初のページを読み始める。,4. かのじょはさいしょのページをよみはじめる。,4. KANOJO WA SAISHO NO PĒJI WO YOMIHHAJIMERU.
9,5. SHE FLIPS THE PAGE.,5. ELA VIRÁ A PÁGINA.,5. ELLA PASA LA PÁGINA.,5. LEI GIRA LA PAGINA.,5. ELLE TOURNE LA PAGE.,5. SIE BLÄTTERT DIE SEITE UM.,5. 彼女はページをめくる。,5. かのじょはページをめくる。,5. KANOJO WA PĒJI WO MEKURU.
9,6. SHE READS CAREFULLY.,6. ELA LÊ COM ATENÇÃO.,6. ELLA LEE CON CUIDADO.,6. LEI LEGGE ATTENTAMENTE.,6. ELLE LIT ATTENTIVEMENT.,6. SIE LIEST AUFMERKSAM.,6. 彼女は注意深く読む。,6. かのじょはちゅういぶかくよむ。,6. KANOJO WA CHŪI BUKAKU YOMU.
9,7. SHE PAUSES TO THINK ABOUT THE STORY.,7. ELA PAUSA PARA PENSAR NA HISTÓRIA.,7. ELLA PAUSA PARA PENSAR EN LA HISTORIA.,7. LEI SI FERMA A PENSARE ALLA STORIA.,7. ELLE PAUSE POUR PENSER À L’HISTOIRE.,"7. SIE MACHT EINE PAUSE, UM ÜBER DIE GESCHICHTE NACHZUDENKEN.",7. 彼女は物語について考えるために一旦止まる。,7. かのじょはものがたりについてかんがえるためにいったんとまる。,7. KANOJO WA MONOGATARI NI TSUITE KANGAERU TAME NI ITTAN TOMARU.
9,8. SHE FINISHES READING THE BOOK.,8. ELA TERMINA DE LER O LIVRO.,8. ELLA TERMINA DE LEER EL LIBRO.,8. LEI FINISCE DI LEGGERE IL LIBRO.,8. ELLE TERMINE DE LIRE LE LIVRE.,8. SIE LESEN DAS BUCH FERTIG.,8. 彼女は本を読み終える。,8. かのじょはほんをよみおえる。,8. KANOJO WA HON WO YOMIOERU.
9,9. SHE CLOSES THE BOOK.,9. ELA FECHA O LIVRO.,9. ELLA CIERRA EL LIBRO.,9. LEI CHIUDE IL LIBRO.,9. ELLE FERME LE LIVRE.,9. SIE SCHLIESST DAS BUCH.,9. 彼女は本を閉じる。,9. かのじょはほんをとじる。,9. KANOJO WA HON WO TOJIRU.
10,1. MARINA WALKS TO THE KITCHEN.,1. MARINA CAMINHA ATÉ A COZINHA.,1. MARINA CAMINA HACIA LA COCINA.,1. MARINA CAMMINA IN CUCINA.,1. MARINA MARCHE VERS LA CUISINE.,1. MARINA GEHT IN DIE KÜCHE.,1. マリナはキッチンに歩く。,1. マリナはキッチンにあるく。,1. MARINA WA KITCHIN NI ARUKU.
10,2. SHE GETS THE KETTLE.,2. ELA PEGA O CHALEIRA.,2. ELLA TOMA LA TETERA.,2. LEI PRENDE IL BOLLITORE.,2. ELLE PREND LA THÉIÈRE.,2. SIE NIMMT DEN WASSERKOCHER.,2. 彼女はやかんを取る。,2. かのじょはやかんをとる。,2. KANOJO WA YAKAN WO TORU.
10,3. SHE PUTS WATER IN THE TEA KETTLE.,3. ELA COLOCA ÁGUA NA CHALEIRA.,3. ELLA PONE AGUA EN LA TETERA.,3. LEI METTE ACQUA NEL BOLLITORE.,3. ELLE MET DE L’EAU DANS LA THÉIÈRE.,3. SIE FÜLLT WASSER IN DEN WASSERKOCHER.,3. 彼女はやかんに水を入れる。,3. かのじょはやかんにみずをいれる。,3. KANOJO WA YAKAN NI MIZU WO IRERU.
10,4. SHE PUTS THE TEA KETTLE ON THE STOVE.,4. ELA COLOCA A CHALEIRA NO FOGÃO.,4. ELLA PONE LA TETERA EN LA ESTUFA.,4. LEI METTE IL BOLLITORE SUL FUOCO.,4. ELLE MET LA THÉIÈRE SUR LA CUISINIÈRE.,4. SIE STELLT DEN WASSERKOCHER AUF DEN HERD.,4. 彼女はやかんをコンロに置く。,4. かのじょはやかんをコンロにおく。,4. KANOJO WA YAKAN WO KONRO NI OKU.
10,5. SHE TURNS ON THE STOVE.,5. ELA LIGA O FOGÃO.,5. ELLA ENCIENDE LA ESTUFA.,5. LEI ACCENDE IL FUOCO.,5. ELLE ALLUME LA CUISINIÈRE.,5. SIE SCHALTE DEN HERD EIN.,5. 彼女はコンロをつける。,5. かのじょはコンロをつける。,5. KANOJO WA KONRO WO TSUKERU.
10,6. THE WATER IS HOT.,6. A ÁGUA ESTÁ QUENTE.,6. EL AGUA ESTÁ CALIENTE.,6. L’ACQUA È CALDA.,6. L’EAU EST CHAUDE.,6. DAS WASSER IST HEIß.,6. 水が熱い。,6. みずがあつい。,6. MIZU GA ATSUI.
10,7. SHE TURNS OFF THE STOVE.,7. ELA DESLIGA O FOGÃO.,7. ELLA APAGA LA ESTUFA.,7. LEI SPEGNE IL FUOCO.,7. ELLE ÉTEINT LA CUISINIÈRE.,7. SIE SCHALTE DEN HERD AUS.,7. 彼女はコンロを消す。,7. かのじょはコンロをけす。,7. KANOJO WA KONRO WO KESU.
10,8. SHE GETS A TEA BAG.,8. ELA PEGA UM SACHÊ DE CHÁ.,8. ELLA TOMA UNA BOLSA DE TÉ.,8. LEI PRENDE UNA BUSTINA DI TÈ.,8. ELLE PREND UN SACHET DE THÉ.,8. SIE NIMMT EIN TEEBEUTEL.,8. 彼女はティーバッグを取る。,8. かのじょはティーバッグをとる。,8. KANOJO WA TĪBAGGU WO TORU.
10,9. SHE PUTS THE TEA BAG IN THE CUP.,9. ELA COLOCA O SACHÊ DE CHÁ NA XÍCARA.,9. ELLA PONE LA BOLSA DE TÉ EN LA TAZA.,9. LEI METTE LA BUSTINA DI TÈ NELLA TAZZA.,9. ELLE MET LE SACHET DE THÉ DANS LA TASSE.,9. SIE GIBT DEN TEEBEUTEL IN DIE TASSE.,9. 彼女はティーバッグをカップに入れる。,9. かのじょはティーバッグをカップにいれる。,9. KANOJO WA TĪBAGGU WO KAPPU NI IRERU.
10,10. SHE POURS HOT WATER IN THE TEA CUP.,10. ELA DESPEJA ÁGUA QUENTE NA XÍCARA DE CHÁ.,10. ELLA VIERTE AGUA CALIENTE EN LA TAZA DE TÉ.,10. LEI VERSA ACQUA CALDA NELLA TAZZA DI TÈ.,10. ELLE VERSE DE L’EAU CHAUDE DANS LA TASSE DE THÉ.,10. SIE GIEßT HEISSES WASSER IN DIE TEETASSE.,10. 彼女はティーカップに熱いお湯を注ぐ。,10. かのじょはティーカップにあついおゆをそそぐ。,10. KANOJO WA TĪKAPPU NI ATSUI OYU WO SOSOGU.
10,11. SHE TAKES OUT THE TEA BAG.,11. ELA RETIRA O SACHÊ DE CHÁ.,11. ELLA SACA LA BOLSA DE TÉ.,11. LEI TOGLIE LA BUSTINA DI TÈ.,11. ELLE RETIRE LE SACHET DE THÉ.,11. SIE NIMMT DEN TEEBEUTEL HERAUS.,11. 彼女はティーバッグを取り出す。,11. かのじょはティーバッグをとりだす。,11. KANOJO WA TĪBAGGU WO TORIDASU.
10,12. SHE POURS MILK IN THE CUP.,12. ELA DESPEJA LEITE NA XÍCARA.,12. ELLA VIERTE LECHE EN LA TAZA.,12. LEI VERSA LATTE NELLA TAZZA.,12. ELLE VERSE DU LAIT DANS LA TASSE.,12. SIE GIEßT MILCH IN DIE TASSE.,12. 彼女はカップにミルクを注ぐ。,12. かのじょはカップにミルクをそそぐ。,12. KANOJO WA KAPPU NI MIRUKU WO SOSOGU.
10,13. SHE DRINKS THE TEA.,13. ELA BEBE O CHÁ.,13. ELLA BEBE EL TÉ.,13. LEI BEVE IL TÈ.,13. ELLE BOIT LE THÉ.,13. SIE TRINKT DEN TEE.,13. 彼女はお茶を飲む。,13. かのじょはおちゃをのむ。,13. KANOJO WA OCHA WO NOMU.
10,14. SHE GIVES A CUP OF TEA TO JOHN.,14. ELA DÁ UMA XÍCARA DE CHÁ PARA JOHN.,14. ELLA DA UNA TAZA DE TÉ A JOHN.,14. LEI DA UNA TAZZA DI TÈ A JOHN.,14. ELLE DONNE UNE TASSE DE THÉ À JOHN.,14. SIE GIBT JOHN EINE TASSE TEE.,14. 彼女はジョンにお茶を渡す。,14. かのじょはジョンにおちゃをわたす。,14. KANOJO WA JON NI OCHA WO WATASU.
11,1. JANE GETS TWO EGGS AND A FRYING PAN.,1. JANE PEGA DOIS OVOS E UMA FRIGIDEIRA.,1. JANE TOMA DOS HUEVOS Y UNA SARTÉN.,1. JANE PRENDE DUE UOVA E UNA PADELLA.,1. JANE PREND DEUX ŒUFS ET UNE POÊLE.,1. JANE NIMMT ZWEI EIER UND EINE PFANNE.,1. ジェーンは卵2個とフライパンを取る。,1. ジェーンはたまご2ことフライパンをとる。,1. JANE WA TAMAGO 2 KO TO FURAIPAN WO TORU.
11,2. SHE BREAKS THE EGGS IN THE BOWL.,2. ELA QUEBRA OS OVOS NA TIGELA.,2. ELLA ROMPE LOS HUEVOS EN EL BOL.,2. LEI ROMPE LE UOVA NELLA CIOTOLA.,2. ELLE CASSE LES ŒUFS DANS LE BOL.,2. SIE SCHLÄGT DIE EIER IN DIE SCHÜSSEL.,2. 彼女はボウルに卵を割る。,2. かのじょはボウルにたまごをわる。,2. KANOJO WA BŌRU NI TAMAGO WO WARU.
11,3. SHE PUTS SALT AND MILK IN THE BOWL.,3. ELA COLOCA SAL E LEITE NA TIGELA.,3. ELLA AGREGA SAL Y LECHE EN EL BOL.,3. LEI METTE SALE E LATTE NELLA CIOTOLA.,3. ELLE MET DU SEL ET DU LAIT DANS LE BOL.,3. SIE GIBT SALZ UND MILCH IN DIE SCHÜSSEL.,3. 彼女はボウルに塩とミルクを入れる。,3. かのじょはボウルにしおとミルクをいれる。,3. KANOJO WA BŌRU NI SHIO TO MIRUKU WO IRERU.
11,4. SHE STIRS THE EGGS.,4. ELA MEXE OS OVOS.,4. ELLA REVUELVE LOS HUEVOS.,4. LEI MESCOLA LE UOVA.,4. ELLE REMUE LES ŒUFS.,4. SIE RÜHRT DIE EIER UM.,4. 彼女は卵をかき混ぜる。,4. かのじょはたまごをかきまぜる。,4. KANOJO WA TAMAGO WO KAKIMAZERU.
11,5. SHE PUTS OIL IN THE FRYING PAN.,5. ELA COLOCA ÓLEO NA FRIGIDEIRA.,5. ELLA PONE ACEITE EN LA SARTÉN.,5. LEI METTE OLIO NELLA PADELLA.,5. ELLE MET DE L’HUILE DANS LA POÊLE.,5. SIE GIBT ÖL IN DIE PFANNE.,5. 彼女はフライパンに油を入れる。,5. かのじょはフライパンにあぶらをいれる。,5. KANOJO WA FURAIPAN NI ABURA WO IRERU.
11,6. SHE PUTS THE FRYING PAN ON THE STOVE.,6. ELA COLOCA A FRIGIDEIRA NO FOGÃO.,6. ELLA PONE LA SARTÉN EN LA ESTUFA.,6. LEI METTE LA PADELLA SUL FUOCO.,6. ELLE MET LA POÊLE SUR LA CUISINIÈRE.,6. SIE STELLT DIE PFANNE AUF DEN HERD.,6. 彼女はフライパンをコンロに置く。,6. かのじょはフライパンをコンロにおく。,6. KANOJO WA FURAIPAN WO KONRO NI OKU.
11,7. SHE TURNS ON THE STOVE.,7. ELA LIGA O FOGÃO.,7. ELLA ENCIENDE LA ESTUFA.,7. LEI ACCENDE IL FUOCO.,7. ELLE ALLUME LA CUISINIÈRE.,7. SIE SCHALTE DEN HERD EIN.,7. 彼女はコンロをつける。,7. かのじょはコンロをつける。,7. KANOJO WA KONRO WO TSUKERU.
11,8. SHE TURNS ON THE STOVE (CLOSEUP).,8. ELA LIGA O FOGÃO (CLOSEUP).,8. ELLA ENCIENDE LA ESTUFA (PRIMER PLANO).,8. LEI ACCENDE IL FUOCO (PRIMO PIANO).,8. ELLE ALLUME LA CUISINIÈRE (GROS PLAN).,8. SIE SCHALTE DEN HERD EIN (NAHAUFNAHME).,8. 彼女はコンロをつける（クローズアップ）。,8. かのじょはコンロをつける（クローズアップ）。,8. KANOJO WA KONRO WO TSUKERU (KURŌZUAPPU).
11,9. THE OIL IS HOT.,9. O ÓLEO ESTÁ QUENTE.,9. EL ACEITE ESTÁ CALIENTE.,9. L’OLIO È CALDO.,9. L’HUILE EST CHAUDE.,9. DAS ÖL IST HEIß.,9. 油が熱い。,9. あぶらがあつい。,9. ABURA GA ATSUI.
11,10. SHE POURS THE EGGS IN THE FRYING PAN.,10. ELA DESPEJA OS OVOS NA FRIGIDEIRA.,10. ELLA VIERTE LOS HUEVOS EN LA SARTÉN.,10. LEI VERSA LE UOVA NELLA PADELLA.,10. ELLE VERSE LES ŒUFS DANS LA POÊLE.,10. SIE GIEßT DIE EIER IN DIE PFANNE.,10. 彼女は卵をフライパンに入れる。,10. かのじょはたまごをフライパンにいれる。,10. KANOJO WA TAMAGO WO FURAIPAN NI IRERU.
11,11. SHE STIRS THE EGGS.,11. ELA MEXE OS OVOS.,11. ELLA REVUELVE LOS HUEVOS.,11. LEI MESCOLA LE UOVA.,11. ELLE REMUE LES ŒUFS.,11. SIE RÜHRT DIE EIER UM.,11. 彼女は卵をかき混ぜる。,11. かのじょはたまごをかきまぜる。,11. KANOJO WA TAMAGO WO KAKIMAZERU.
11,12. SHE TURNS OFF THE STOVE.,12. ELA DESLIGA O FOGÃO.,12. ELLA APAGA LA ESTUFA.,12. LEI SPEGNE IL FUOCO.,12. ELLE ÉTEINT LA CUISINIÈRE.,12. SIE SCHALTE DEN HERD AUS.,12. 彼女はコンロを消す。,12. かのじょはコンロをけす。,12. KANOJO WA KONRO WO KESU.
11,13. HE PUTS THE EGGS ON THE PLATE WITH A SPOON.,13. ELA COLOCA OS OVOS NO PRATO COM UMA COLHER.,13. ÉL PONE LOS HUEVOS EN EL PLATO CON UNA CUCHARA.,13. LEI METTE LE UOVA SUL PIATTO CON UN CUCCHIAIO.,13. ELLE MET LES ŒUFS SUR L’ASSIETTE AVEC UNE CUILLÈRE.,13. ER GIBT DIE EIER MIT EINEM LÖFFEL AUF DEN TELLER.,13. 彼女はスプーンで卵を皿に置く。,13. かのじょはスプーンでたまごをさらに皿におく。,13. KANOJO WA SUPŪN DE TAMAGO WO SARA NI OKU.
11,14. SHE EATS THE EGGS.,14. ELA COME OS OVOS.,14. ELLA COME LOS HUEVOS.,14. LEI MANGIA LE UOVA.,14. ELLE MANGE LES ŒUFS.,14. SIE ISST DIE EIER.,14. 彼女は卵を食べる。,14. かのじょはたまごをたべる。,14. KANOJO WA TAMAGO WO TABERU.
12,1. BRUNO WALKS TO THE REFRIGERATOR.,1. BRUNO CAMINHA ATÉ A GELADEIRA.,1. BRUNO CAMINA HACIA EL REFRIGERADOR.,1. BRUNO CAMMINA VERSO IL FRIGORIFERO.,1. BRUNO MARCHE VERS LE RÉFRIGÉRATEUR.,1. BRUNO GEHT ZUM KÜHLSCHRANK.,1. ブルーノは冷蔵庫に歩く。,1. ブルーノはれいぞうこにあるく。,1. BURŪNO WA REIZŌKO NI ARUKU.
12,2. HE OPENS THE REFRIGERATOR.,2. ELE ABRE A GELADEIRA.,2. ÉL ABRE EL REFRIGERADOR.,2. LUI APRE IL FRIGORIFERO.,2. IL OUVRE LE RÉFRIGÉRATEUR.,2. ER ÖFFNET DEN KÜHLSCHRANK.,2. 彼は冷蔵庫を開ける。,2. かれはれいぞうこをあける。,2. KARE WA REIZŌKO WO AKERU.
12,3. HE OPENS THE FREEZER.,3. ELE ABRE O CONGELADOR.,3. ÉL ABRE EL CONGELADOR.,3. LUI APRE IL CONGELATORE.,3. IL OUVRE LE CONGÉLATEUR.,3. ER ÖFFNET DEN GEFRIERSCHRANK.,3. 彼は冷凍庫を開ける。,3. かれはれいとうこをあける。,3. KARE WA REITŌKO WO AKERU.
12,4. HE GETS ICE CREAM OUT OF THE FREEZER.,4. ELE PEGA SORVETE DO CONGELADOR.,4. ÉL SACA HELADO DEL CONGELADOR.,4. LUI PRENDE IL GELATO DAL CONGELATORE.,4. IL PREND DE LA GLACE DU CONGÉLATEUR.,4. ER NIMMT EIS AUS DEM GEFRIERSCHRANK.,4. 彼は冷凍庫からアイスクリームを取る。,4. かれはれいとうこからアイスクリームをとる。,4. KARE WA REITŌKO KARA AISUKURĪMU WO TORU.
12,5. HE CLOSES THE REFRIGERATOR.,5. ELE FECHA A GELADEIRA.,5. ÉL CIERRA EL REFRIGERADOR.,5. LUI CHIUDE IL FRIGORIFERO.,5. IL FERME LE RÉFRIGÉRATEUR.,5. ER SCHLIESST DEN KÜHLSCHRANK.,5. 彼は冷蔵庫を閉める。,5. かれはれいぞうこをしめる。,5. KARE WA REIZŌKO WO SHIMERU.
12,"6. HE GETS ICE CREAM OUT OF THE BOX WITH A SPOON, AND PUTS IT IN THE BOWL.",6. ELE PEGA O SORVETE DA CAIXA COM UMA COLHER E COLOCA NA TIGELA.,6. ÉL SACA EL HELADO DE LA CAJA CON UNA CUCHARA Y LO PONE EN EL BOL.,6. LUI PRENDE IL GELATO DALLA SCATOLA CON UN CUCCHIAIO E LO METTE NELLA CIOTOLA.,6. IL PREND LA GLACE DE LA BOÎTE AVEC UNE CUILLÈRE ET LA MET DANS LE BOL.,6. ER NIMMT DAS EIS AUS DER SCHACHTEL MIT EINEM LÖFFEL UND GIBT ES IN DIE SCHÜSSEL.,6. 彼はスプーンで箱からアイスクリームを取り、ボウルに入れる。,6. かれはスプーンではこからアイスクリームをとり、ボウルにいれる。,"6. KARE WA SUPŪN DE HAKO KARA AISUKURĪMU WO TORI, BŌRU NI IRERU."
12,7. HE WALKS TO THE LIVING ROOM.,7. ELE CAMINHA ATÉ A SALA.,7. ÉL CAMINA HACIA LA SALA.,7. LUI CAMMINA VERSO IL SOGGIORNO.,7. IL MARCHE VERS LE SALON.,7. ER GEHT INS WOHNZIMMER.,7. 彼はリビングに歩く。,7. かれはリビングにあるく。,7. KARE WA RIBINGU NI ARUKU.
12,8. HE SINGS.,8. ELE CANTA.,8. ÉL CANTA.,8. LUI CANTA.,8. IL CHANTE.,8. ER SINGT.,8. 彼は歌う。,8. かれはうたう。,8. KARE WA UTAU.
12,9. HE TURNS ON THE TELEVISION.,9. ELE LIGA A TELEVISÃO.,9. ÉL ENCIENDE LA TELEVISIÓN.,9. LUI ACCENDE LA TELEVISIONE.,9. IL ALLUME LA TÉLÉVISION.,9. ER SCHALTE DEN FERNSEHER EIN.,9. 彼はテレビをつける。,9. かれはテレビをつける。,9. KARE WA TEREBI WO TSUKERU.
12,10. HE SITS IN THE RECLINER.,10. ELE SE SENTA NO RECLINÁVEL.,10. ÉL SE SIENTA EN EL SILLÓN RECLINABLE.,10. LUI SI SIEDE SULLA POLTRONA RECLINABILE.,10. IL S’ASSOIT DANS LE FAUTEUIL RELAX.,10. ER SETZT SICH IN DEN RELAXSESSEL.,10. 彼はリクライニングチェアに座る。,10. かれはリクライニングチェアにすわる。,10. KARE WA RIKURAININGU CHEA NI SUWARU.
12,11. HE WATCHES TELEVISION.,11. ELE ASSISTE TELEVISÃO.,11. ÉL MIRA TELEVISIÓN.,11. LUI GUARDA LA TELEVISIONE.,11. IL REGARDE LA TÉLÉVISION.,11. ER SIEHT FERN.,11. 彼はテレビを見る。,11. かれはテレビをみる。,11. KARE WA TEREBI WO MIRU.
12,12. HE WATCHES TELEVISION AND EATS ICE CREAM.,12. ELE ASSISTE TELEVISÃO E COME SORVETE.,12. ÉL MIRA TELEVISIÓN Y COME HELADO.,12. LUI GUARDA LA TELEVISIONE E MANGIA IL GELATO.,12. IL REGARDE LA TÉLÉVISION ET MANGE DE LA GLACE.,12. ER SIEHT FERN UND ISST EIS.,12. 彼はテレビを見ながらアイスクリームを食べる。,12. かれはテレビをみながらアイスクリームをたべる。,12. KARE WA TEREBI WO MINAGARA AISUKURĪMU WO TABERU.
12,13. HE GOES BACK TO THE REFRIGERATOR.,13. ELE VOLTA À GELADEIRA.,13. ÉL VUELVE AL REFRIGERADOR.,13. LUI TORNA AL FRIGORIFERO.,13. IL REVIENT AU RÉFRIGÉRATEUR.,13. ER GEHT ZUM KÜHLSCHRANK ZURÜCK.,13. 彼は冷蔵庫に戻る。,13. かれはれいぞうこにもどる。,13. KARE WA REIZŌKO NI MODORU.
13,1.JESSICA BREAKS A GLASS.,1. JÉSSICA QUEBRA UM COPO.,1. JÉSSICA ROMPE UN VASO.,1. JÉSSICA ROMPE UN BICCHIERE.,1. JÉSSICA CASSE UN VERRE.,1. JESSICA BRICHT EIN GLAS.,1. ジェシカはグラスを割る。,1. ジェシカはグラスをわる。,1. JESHIKA WA GURASU WO WARU.
13,2. SHE GETS THE BIG BROKEN PIECES.,2. ELA PEGA OS GRANDES PEDAÇOS.,2. ELLA TOMA LOS PEDAZOS GRANDES.,2. LEI PRENDE I PEZZI GRANDI.,2. ELLE PREND LES GROS MORCEAUX.,2. SIE NIMMT DIE GROSSEN STÜCKE.,2. 彼女は大きな破片を取る。,2. かのじょはおおきなはへんをとる。,2. KANOJO WA ŌKINA HAHEN WO TORU.
13,3. SHE TAKES THE BIG BROKEN PIECES TO THE TRASH CAN.,3. ELA LEVA OS GRANDES PEDAÇOS PARA O LIXO.,3. ELLA LLEVA LOS PEDAZOS GRANDES A LA PAPELERA.,3. LEI PORTA I PEZZI GRANDI NELL’IMMONDIZIA.,3. ELLE EMPORTE LES GROS MORCEAUX À LA POUBELLE.,3. SIE BRINGT DIE GROSSEN STÜCKE ZUM MÜLLEIMER.,3. 彼女は大きな破片をゴミ箱に運ぶ。,3. かのじょはおおきなはへんをゴミばこにはこぶ。,3. KANOJO WA ŌKINA HAHEN WO GOMIBAKO NI HAKOBU.
13,4. SHE THROWS THE BIG BROKEN PIECES IN THE TRASH CAN.,4. ELA JOGA OS GRANDES PEDAÇOS NO LIXO.,4. ELLA TIRA LOS PEDAZOS GRANDES EN LA PAPELERA.,4. LEI GETTA I PEZZI GRANDI NEL CESTINO.,4. ELLE JETTE LES GROS MORCEAUX DANS LA POUBELLE.,4. SIE WERFT DIE GROSSEN STÜCKE IN DEN MÜLLEIMER.,4. 彼女は大きな破片をゴミ箱に捨てる。,4. かのじょはおおきなはへんをゴミばこにすてる。,4. KANOJO WA ŌKINA HAHEN WO GOMIBAKO NI SUTERU.
13,5. SHE GETS THE BROOM AND THE DUSTPAN.,5. ELA PEGA A VASSOURA E A PA.,5. ELLA TOMA LA ESCOPA Y EL RECOGEDOR.,5. LEI PRENDE LA SCOPA E LA PALETTA.,5. ELLE PREND LE BALAI ET LA PELLE.,5. SIE NIMMT BESEN UND KEHRBLECH.,5. 彼女はほうきとちりとりを取る。,5. かのじょはほうきとちりとりをとる。,5. KANOJO WA HŌKI TO CHIRITORI WO TORU.
13,6. SHE GETS THE BROOM AND THE DUSTPAN.,6. ELA PEGA A VASSOURA E A PA.,6. ELLA TOMA LA ESCOPA Y EL RECOGEDOR.,6. LEI PRENDE LA SCOPA E LA PALETTA.,6. ELLE PREND LE BALAI ET LA PELLE.,6. SIE NIMMT BESEN UND KEHRBLECH.,6. 彼女はほうきとちりとりを取る。,6. かのじょはほうきとちりとりをとる。,6. KANOJO WA HŌKI TO CHIRITORI WO TORU.
13,7. SHE SWEEPS ALL THE SMALL BROKEN PIECES ONTO THE DUSTPAN.,7. ELA VARRE TODOS OS PEQUENOS PEDAÇOS PARA A PA.,7. ELLA BARRE TODOS LOS PEDAZOS PEQUEÑOS HACIA EL RECOGEDOR.,7. LEI SPAZZA TUTTI I PEZZI PICCOLI SULLA PALETTA.,7. ELLE BALAYE TOUS LES PETITS MORCEAUX SUR LA PELLE.,7. SIE KEHRT ALLE KLEINEN STÜCKE AUF DAS KEHRBLECH.,7. 彼女は小さな破片をちりとりに掃く。,7. かのじょはちいさなはへんをちりとりにはく。,7. KANOJO WA CHĪSANA HAHEN WO CHIRITORI NI HAKU.
13,8. SHE THROWS THE SMALL BROKEN PIECES INTO THE TRASH CAN.,8. ELA JOGA OS PEQUENOS PEDAÇOS NO LIXO.,8. ELLA TIRA LOS PEDAZOS PEQUEÑOS EN LA PAPELERA.,8. LEI GETTA I PEZZI PICCOLI NEL CESTINO.,8. ELLE JETTE LES PETITS MORCEAUX DANS LA POUBELLE.,8. SIE WERFT DIE KLEINEN STÜCKE IN DEN MÜLLEIMER.,8. 彼女は小さな破片をゴミ箱に捨てる。,8. かのじょはちいさなはへんをゴミばこにすてる。,8. KANOJO WA CHĪSANA HAHEN WO GOMIBAKO NI SUTERU.
13,9. SHE PUTS BACK THE DUSTPAN AND THE BROOM.,9. ELA COLOCA A PA E A VASSOURA DE VOLTA.,9. ELLA PONE LA ESCOPA Y EL RECOGEDOR DE VUELTA.,9. LEI RIMETTE LA SCOPA E LA PALETTA A POSTO.,9. ELLE REMET LE BALAI ET LA PELLE À LEUR PLACE.,9. SIE STELLT BESEN UND KEHRBLECH ZURÜCK.,9. 彼女はほうきとちりとりを戻す。,9. かのじょはほうきとちりとりをもどす。,9. KANOJO WA HŌKI TO CHIRITORI WO MODOSU.
13,10. SHE GETS ANOTHER GLASS.,10. ELA PEGA OUTRO COPO.,10. ELLA TOMA OTRO VASO.,10. LEI PRENDE UN ALTRO BICCHIERE.,10. ELLE PREND UN AUTRE VERRE.,10. SIE NIMMT EIN ANDERES GLAS.,10. 彼女は別のグラスを取る。,10. かのじょはべつのグラスをとる。,10. KANOJO WA BETSU NO GURASU WO TORU.
13,11. HER HUSBAND SAYS - DON'T BREAK ANOTHER GLASS.,11. SEU MARIDO DIZ - NÃO QUEBRE OUTRO COPO.,11. SU ESPOSO DICE - NO ROMPAS OTRO VASO.,11. SUO MARITO DICE - NON ROMPERE UN ALTRO BICCHIERE.,11. SON MARI DIT - NE CASSE PAS UN AUTRE VERRE.,11. IHR MANN SAGT - BRICHT KEIN WEITERES GLAS.,11. 夫は言う - もう一つグラスを割らないで。,11. おっとはいう - もうひとつグラスをわらないで。,11. OTTO WA IU - MŌ HITOTSU GURASU WO WARANAIDE.
14,1. THE HOUSE IS DIRTY.,1. A CASA ESTÁ SUJA.,1. LA CASA ESTÁ SUCIA.,1. LA CASA È SPORCA.,1. LA MAISON EST SALE.,1. DAS HAUS IST SCHMUTZIG.,1. 家は汚れている。,1. いえはよごれている。,1. IE WA YOGORETE IRU.
14,2. MARIO PUTS ON AN APRON.,2. MARIO VESTE UM AVENTAL.,2. MARIO SE PONE UN DELANTAL.,2. MARIO INDOSSA UN GREMBIULE.,2. MARIO MET UN TABLIER.,2. MARIO ZIEHT EINE SCHÜRZE AN.,2. マリオはエプロンを着る。,2. マリオはエプロンをきる。,2. MARIO WA EPURON WO KIRU.
14,3. THEY PUT BLEACH POWDER IN THE SINK.,3. ELES COLOCAM CLORO EM PÓ NA PIA.,3. PONEN POLVO DE LEJÍA EN EL FREGADERO.,3. METTONO POLVERE DI CANDEGGINA NEL LAVANDINO.,3. ILS METTENT DE LA POUDRE D’EAU DE JAVEL DANS L’ÉVIER.,3. SIE GEBEN BLEICHPULVER IN DAS SPÜLBECKEN.,3. 彼らは流しに漂白粉を入れる。,3. かれらはながしにひょうはくこをいれる。,3. KARERA WA NAGASHI NI HYŌHAKUKO WO IRERU.
14,4. JACK SCRUBS THE SINK WITH A SPONGE.,4. JACK ESFREGA A PIA COM UMA ESPONJA.,4. JACK FRIEGA EL FREGADERO CON UNA ESPONJA.,4. JACK STROFINA IL LAVANDINO CON UNA SPUGNA.,4. JACK FROTTE L’ÉVIER AVEC UNE ÉPONGE.,4. JACK SCHRUBBT DAS SPÜLBECKEN MIT EINEM SCHWAMM.,4. ジャックはスポンジで流しをこする。,4. ジャックはスポンジでながしをこする。,4. JAKKU WA SUPONJI DE NAGASHI WO KOSURU.
14,5. MARIO GETS A BROOM.,5. MARIO PEGA UMA VASSOURA.,5. MARIO TOMA UNA ESCOPA.,5. MARIO PRENDE UNA SCOPA.,5. MARIO PREND UN BALAI.,5. MARIO NIMMT EINEN BESEN.,5. マリオはほうきを取る。,5. マリオはほうきをとる。,5. MARIO WA HŌKI WO TORU.
14,6. HE SWEEPS THE KITCHEN FLOOR.,6. ELE VARRE O CHÃO DA COZINHA.,6. ÉL BARRE EL SUELO DE LA COCINA.,6. LUI SPAZZOLA IL PAVIMENTO DELLA CUCINA.,6. IL BALAYE LE SOL DE LA CUISINE.,6. ER KEHRT DEN KÜCHENBODEN.,6. 彼はキッチンの床を掃く。,6. かれはキッチンのゆかをはく。,6. KARE WA KITCHIN NO YUKA WO HAKU.
14,7. JACK FILLS A BUCKET WITH WATER.,7. JACK ENCHE UM BALDE COM ÁGUA.,7. JACK LLENA UN CUBO CON AGUA.,7. JACK RIEMPIE UN SECCHIO D’ACQUA.,7. JACK REMPLIT UN SEAU D’EAU.,7. JACK FÜLLT EINEN EIMER MIT WASSER.,7. ジャックはバケツに水を入れる。,7. ジャックはバケツにみずをいれる。,7. JAKKU WA BAKETSU NI MIZU WO IRERU.
14,8. HE PUTS SOAP IN THE WATER.,8. ELE COLOCA SABÃO NA ÁGUA.,8. ÉL PONE JABÓN EN EL AGUA.,8. LUI METTE IL SAPONE NELL’ACQUA.,8. IL MET DU SAVON DANS L’EAU.,8. ER GIBT SEIFE INS WASSER.,8. 彼は水に石鹸を入れる。,8. かれはみずにせっけんをいれる。,8. KARE WA MIZU NI SEKKEN WO IRERU.
14,9. HE MOPS THE KITCHEN FLOOR.,9. ELE PASSA MOP NO CHÃO DA COZINHA.,9. ÉL FRIEGA EL SUELO DE LA COCINA.,9. LUI LAVA IL PAVIMENTO DELLA CUCINA CON UN MOP.,9. IL LAVE LE SOL DE LA CUISINE AVEC UN BALAI-BROSSE.,9. ER WISCHT DEN KÜCHENBODEN.,9. 彼はキッチンの床をモップで拭く。,9. かれはキッチンのゆかをモップでふく。,9. KARE WA KITCHIN NO YUKA WO MOPPU DE FUKU.
14,10. MARIO GETS A RAG.,10. MARIO PEGA UM PANINHO.,10. MARIO TOMA UN PAÑO.,10. MARIO PRENDE UN PANNETTO.,10. MARIO PREND UN CHIFFON.,10. MARIO NIMMT EIN TUCH.,10. マリオは雑巾を取る。,10. マリオはぞうきんをとる。,10. MARIO WA ZŌKIN WO TORU.
14,11. HE DUSTS THE FURNITURE WITH THE RAG.,11. ELE TIRA O PÓ DOS MÓVEIS COM O PANINHO.,11. ÉL QUITA EL POLVO DE LOS MUEBLES CON EL PAÑO.,11. LUI SPOLVERA I MOBILI CON IL PANNO.,11. IL DÉPOUSSIÈRE LES MEUBLES AVEC LE CHIFFON.,11. ER ENTSTAUBT DIE MÖBEL MIT DEM TUCH.,11. 彼は雑巾で家具のほこりを払う。,11. かれはぞうきんでかぐのほこりをはらう。,11. KARE WA ZŌKIN DE KAGU NO HOKORI WO HARAU.
14,12. JACK PUTS THE TRASH IN THE TRASH CAN.,12. JACK COLOCA O LIXO NO LIXEIRO.,12. JACK PONE LA BASURA EN LA PAPELERA.,12. JACK METTE LA SPAZZATURA NELL’IMMONDIZIA.,12. JACK MET LES ORDURES DANS LA POUBELLE.,12. JACK STELLT DEN MÜLL IN DEN MÜLLEIMER.,12. ジャックはゴミをゴミ箱に入れる。,12. ジャックはゴミをゴミばこにいれる。,12. JAKKU WA GOMI WO GOMIBAKO NI IRERU.
14,13. HE VACUUMS THE RUG.,13. ELE ASPIRA O TAPETE.,13. ÉL ASPIRA LA ALFOMBRA.,13. LUI ASPIRA IL TAPPETO.,13. IL PASSE L’ASPIRATEUR SUR LE TAPIS.,13. ER SAUGT DEN TEPPICH.,13. 彼はカーペットを掃除機で吸う。,13. かれはカーペットをそうじきですう。,13. KARE WA KĀPETTO WO SŌJIKI DE SŪ.
14,14. THE HOUSE IS CLEAN.,14. A CASA ESTÁ LIMPA.,14. LA CASA ESTÁ LIMPIA.,14. LA CASA È PULITA.,14. LA MAISON EST PROPRE.,14. DAS HAUS IST SAUBER.,14. 家はきれい。,14. いえはきれい。,14. IE WA KIREI.
15,1. JEFFREY BREAKS A PLATE.,1. JEFFREY QUEBRA UM PRATO.,1. JEFFREY ROMPE UN PLATO.,1. JEFFREY ROMPE UN PIATTO.,1. JEFFREY CASSE UNE ASSIETTE.,1. JEFFREY BRICHT EINEN TELLER.,1. ジェフリーは皿を割る。,1. ジェフリーはさらをわる。,1. JEFURĪ WA SARA WO WARU.
15,2. HE PICKS UP THE BROKEN PIECES.,2. ELE PEGA OS PEDAÇOS QUEBRADOS.,2. ÉL RECOGE LOS PEDAZOS ROTOS.,2. LUI PRENDE I PEZZI ROTTI.,2. IL RAMASSE LES MORCEAUX CASSÉS.,2. ER NIMMT DIE GEBROCHENEN STÜCKE AUF.,2. 彼は割れた破片を取る。,2. かれはわれたはへんをとる。,2. KARE WA WARETA HAHEN WO TORU.
15,3. HE WALKS TO THE CUPBOARD.,3. ELE CAMINHA ATÉ O ARMÁRIO.,3. ÉL CAMINA HACIA EL ARMARIO.,3. LUI CAMMINA VERSO L’ARMADIO.,3. IL MARCHE VERS LE PLACARD.,3. ER GEHT ZUM SCHRANK.,3. 彼は戸棚に歩く。,3. かれはとだなにあるく。,3. KARE WA TODANA NI ARUKU.
15,4. HE GETS THE GLUE.,4. ELE PEGA A COLA.,4. ÉL TOMA EL PEGAMENTO.,4. LUI PRENDE LA COLLA.,4. IL PREND LA COLLE.,4. ER NIMMT DEN KLEBER.,4. 彼は接着剤を取る。,4. かれはせっちゃくざいをとる。,4. KARE WA SECCHAKUZAI WO TORU.
15,5. HE TAKES OFF THE LID.,5. ELE TIRA A TAMPA.,5. ÉL QUITA LA TAPA.,5. LUI TOGLIE IL TAPPO.,5. IL ENLÈVE LE COUVERCLE.,5. ER NIMMT DEN DECKEL AB.,5. 彼は蓋を外す。,5. かれはふたをはずす。,5. KARE WA FUTA WO HAZUSU.
15,6. HE SQUEEZES THE GLUE.,6. ELE ESPREME A COLA.,6. ÉL APRIETA EL PEGAMENTO.,6. LUI SPREME LA COLLA.,6. IL PRESSE LA COLLE.,6. ER DRÜCKT DEN KLEBER AUS.,6. 彼は接着剤を絞る。,6. かれはせっちゃくざいをしぼる。,6. KARE WA SECCHAKUZAI WO SHIBORU.
15,7. HE PUTS GLUE ON THE BROKEN PIECES.,7. ELE COLOCA COLA NOS PEDAÇOS QUEBRADOS.,7. ÉL PONE PEGAMENTO EN LOS PEDAZOS ROTOS.,7. LUI METTE LA COLLA SUI PEZZI ROTTI.,7. IL MET DE LA COLLE SUR LES MORCEAUX CASSÉS.,7. ER GIBT KLEBER AUF DIE GEBROCHENEN STÜCKE.,7. 彼は割れた破片に接着剤を塗る。,7. かれはわれたはへんにせっちゃくざいをぬる。,7. KARE WA WARETA HAHEN NI SECCHAKUZAI WO NURU.
15,8. HE GLUES THE BROKEN PIECES TOGETHER.,8. ELE COLA OS PEDAÇOS QUEBRADOS.,8. ÉL PEGA LOS PEDAZOS ROTOS CON PEGAMENTO.,8. LUI INCOLLA I PEZZI ROTTI.,8. IL COLLE LES MORCEAUX CASSÉS ENSEMBLE.,8. ER KLEBT DIE GEBROCHENEN TEILE ZUSAMMEN.,8. 彼は割れた破片を接着する。,8. かれはわれたはへんをせっちゃくする。,8. KARE WA WARETA HAHEN WO SECCHAKU SURU.
15,9. HE HOLDS THE PLATE TOGETHER FOR FIVE MINUTES.,9. ELE SEGURA O PRATO JUNTO POR CINCO MINUTOS.,9. ÉL SOSTIENE EL PLATO JUNTO POR CINCO MINUTOS.,9. LUI TIENE IL PIATTO INSIEME PER CINQUE MINUTI.,9. IL TIEN LE PLAT ENSEMBLE PENDANT CINQ MINUTES.,9. ER HÄLT DEN TELLER FÜNF MINUTEN ZUSAMMEN.,9. 彼は皿を5分間押さえる。,9. かれはさらを5ふんかんおさえる。,9. KARE WA SARA WO 5 FUNKAN OSAERU.
15,10. HE PUTS DOWN THE PLATE ON THE TABLE CAREFULLY.,10. ELE COLOCA O PRATO NA MESA COM CUIDADO.,10. ÉL PONE EL PLATO EN LA MESA CON CUIDADO.,10. LUI METTE IL PIATTO SUL TAVOLO CON CURA.,10. IL POSE L’ASSIETTE SUR LA TABLE AVEC PRÉCAUTION.,10. ER STELLT DEN TELLER VORSICHTIG AUF DEN TISCH.,10. 彼は皿を慎重にテーブルに置く。,10. かれはさらをしんちょうにテーブルにおく。,10. KARE WA SARA WO SHINCHŌ NI TĒBURU NI OKU.
15,11. HE PUTS BACK THE LID.,11. ELE COLOCA A TAMPA DE VOLTA.,11. ÉL PONE LA TAPA DE VUELTA.,11. LUI RIPONE IL TAPPO.,11. IL REMET LE COUVERCLE.,11. ER SETZT DEN DECKEL ZURÜCK.,11. 彼は蓋を戻す。,11. かれはふたをもどす。,11. KARE WA FUTA WO MODOSU.
15,12. HE PUTS THE GLUE BACK IN THE CUPBOARD.,12. ELE COLOCA A COLA DE VOLTA NO ARMÁRIO.,12. ÉL DEVUELVE EL PEGAMENTO AL ARMARIO.,12. LUI RIPONE LA COLLA NELL’ARMADIO.,12. IL REMET LA COLLE DANS LE PLACARD.,12. ER STELLT DEN KLEBER ZURÜCK IN DEN SCHRANK.,12. 彼は接着剤を戸棚に戻す。,12. かれはせっちゃくざいをとだなにもどす。,12. KARE WA SECCHAKUZAI WO TODANA NI MODOSU.
15,13. HE WAITS FOR A DAY.,13. ELE ESPERA UM DIA.,13. ÉL ESPERA UN DÍA.,13. LUI ASPETTA UN GIORNO.,13. IL ATTEND UN JOUR.,13. ER WARTET EINEN TAG.,13. 彼は1日待つ。,13. かれはいちにちまつ。,13. KARE WA ICHINICHI MATSU.
15,14. HE GIVES THE PLATE TO HIS FRIEND.,14. ELE DÁ O PRATO AO SEU AMIGO.,14. ÉL DA EL PLATO A SU AMIGO.,14. LUI DÀ IL PIATTO AL SUO AMICO.,14. IL DONNE L’ASSIETTE À SON AMI.,14. ER GIBT DEN TELLER SEINEM FREUND.,14. 彼は皿を友達に渡す。,14. かれはさらをともだちにわたす。,14. KARE WA SARA WO TOMODACHI NI WATASU.
16,1. MARINA WALKS.,1. MARINA CAMINHA.,1. MARINA CAMINA.,1. MARINA CAMMINA.,1. MARINA MARCHE.,1. MARINA GEHT.,1. マリナは歩く。,1. マリナはあるく。,1. MARINA WA ARUKU.
16,2. SHE FALLS DOWN.,2. ELA CAI.,2. ELLA SE CAE.,2. LEI CADE.,2. ELLE TOMBE.,2. SIE FÄLLT.,2. 彼女は転ぶ。,2. かのじょはころぶ。,2. KANOJO WA KOROBU.
16,3. SHE GETS UP.,3. ELA SE LEVANTA.,3. ELLA SE LEVANTA.,3. LEI SI ALZA.,3. ELLE SE LÈVE.,3. SIE STEHT AUF.,3. 彼女は立ち上がる。,3. かのじょはたちあがる。,3. KANOJO WA TACHIAGARU.
16,4. HER KNEE HURTS.,4. O JOELHO DELA DÓI.,4. SU RODILLA DUELE.,4. IL SUO GINOCCHIO FA MALE.,4. SON GENOU DOLE.,4. IHR KNIE TUT WEH.,4. 彼女の膝が痛い。,4. かのじょのひざがいたい。,4. KANOJO NO HIZA GA ITAI.
16,5. SHE CRIES.,5. ELA CHORA.,5. ELLA LLORA.,5. LEI PIANGE.,5. ELLE PLEURE.,5. SIE WEINT.,5. 彼女は泣く。,5. かのじょはなく。,5. KANOJO WA NAKU.
16,6. SHE LOOKS AT HER KNEE.,6. ELA OLHA PARA O JOELHO.,6. ELLA MIRA SU RODILLA.,6. LEI GUARDA IL GINOCCHIO.,6. ELLE REGARDE SON GENOU.,6. SIE SIEHT AUF IHR KNIE.,6. 彼女は膝を見る。,6. かのじょはひざをみる。,6. KANOJO WA HIZA WO MIRU.
16,7. HER KNEE BLEEDS.,7. O JOELHO DELA SANGRA.,7. SU RODILLA SANGRA.,7. IL SUO GINOCCHIO SANGUA.,7. SON GENOU SAIGNE.,7. IHR KNIE BLUTET.,7. 彼女の膝が血を流す。,7. かのじょのひざがちをながす。,7. KANOJO NO HIZA GA CHI WO NAGASU.
16,8. SHE TAKES A TISSUE OUT OF HER POCKET.,8. ELA PEGA UM LENÇO DO BOLSO.,8. ELLA SACA UN PAÑUELO DE SU BOLSILLO.,8. LEI PRENDE UN FAZZOLETTO DALLA TASCA.,8. ELLE SORT UN MOUCHOIR DE SA POCHE.,8. SIE NIMMT EIN TASCHENTUCH AUS DER TASCHE.,8. 彼女はポケットからティッシュを出す。,8. かのじょはポケットからティッシュをだす。,8. KANOJO WA POKETTO KARA TISSYU WO DASU.
16,9. SHE PUTS THE TISSUE ON HER KNEE.,9. ELA COLOCA O LENÇO NO JOELHO.,9. ELLA PONE EL PAÑUELO EN SU RODILLA.,9. LEI METTE IL FAZZOLETTO SUL GINOCCHIO.,9. ELLE MET LE MOUCHOIR SUR SON GENOU.,9. SIE LEGT DAS TASCHENTUCH AUF IHR KNIE.,9. 彼女は膝にティッシュを置く。,9. かのじょはひざにティッシュをおく。,9. KANOJO WA HIZA NI TISSYU WO OKU.
16,10. SHE RUNS TO THE DRUGSTORE.,10. ELA CORRE PARA A FARMÁCIA.,10. ELLA CORRE A LA FARMACIA.,10. LEI CORRE ALLA FARMACIA.,10. ELLE COUR À LA PHARMACIE.,10. SIE RENNT ZUR APOTHEKE.,10. 彼女は薬局へ走る。,10. かのじょはやっきょくへはしる。,10. KANOJO WA YAKKYOKU HE HASHIRU.
16,11. SHE BUYS MEDICINE.,11. ELA COMPRA REMÉDIO.,11. ELLA COMPRA MEDICINA.,11. LEI COMPRA MEDICINA.,11. ELLE ACHÈTE DES MÉDICAMENTS.,11. SIE KAUFT MEDIKAMENTE.,11. 彼女は薬を買う。,11. かのじょはくすりをかう。,11. KANOJO WA KUSURI WO KAU.
16,12. SHE GOES BACK HOME.,12. ELA VOLTA PARA CASA.,12. ELLA VUELVE A CASA.,12. LEI TORNA A CASA.,12. ELLE RENTRE CHEZ ELLE.,12. SIE GEHT NACH HAUSE ZURÜCK.,12. 彼女は家に戻る。,12. かのじょはいえにもどる。,12. KANOJO WA IE NI MODORU.
16,13. SHE RINSES HER KNEE AND LEG.,13. ELA ENXÁGUA O JOELHO E A PERNA.,13. ELLA ENJUAGA SU RODILLA Y PIERNA.,13. LEI RISCIACQUA IL GINOCCHIO E LA GAMBA.,13. ELLE RINCE SON GENOU ET SA JAMBE.,13. SIE SPÜLT IHR KNIE UND BEIN.,13. 彼女は膝と脚を洗う。,13. かのじょはひざとあしをあらう。,13. KANOJO WA HIZA TO ASHI WO ARAU.
16,14. SHE PUTS MEDICINE ON HER KNEE AND CRIES.,14. ELA PASSA REMÉDIO NO JOELHO E CHORA.,14. ELLA PONE MEDICINA EN SU RODILLA Y LLORA.,14. LEI METTE MEDICINA SUL GINOCCHIO E PIANGE.,14. ELLE MET DU MÉDICAMENT SUR SON GENOU ET PLEURE.,14. SIE TRÄGT MEDIKAMENT AUF IHR KNIE AUF UND WEINT.,14. 彼女は膝に薬を塗って泣く。,14. かのじょはひざにくすりをぬってなく。,14. KANOJO WA HIZA NI KUSURI WO NUTTE NAKU.
16,15. SHE GETS AN ADHESIVE BANDAGE.,15. ELA PEGA UM CURATIVO.,15. ELLA TOMA UNA TIRA ADHESIVA.,15. LEI PRENDE UN CEROTTO.,15. ELLE PREND UN PANSEMENT.,15. SIE NIMMT EIN HEFTPFLASTER.,15. 彼女は絆創膏を取る。,15. かのじょはばんそうこうをとる。,15. KANOJO WA BANSŌKŌ WO TORU.
16,16. SHE PEELS OFF THE WRAPPER.,16. ELA DESENROLA A EMBALAGEM.,16. ELLA PELE LA ENVOLTURA.,16. LEI SBUCCIA LA CONFEZIONE.,16. ELLE DÉCOLLE L’EMBALLAGE.,16. SIE ZIEHT DIE VERPACKUNG AB.,16. 彼女は包装を剥がす。,16. かのじょはほうそうをはがす。,16. KANOJO WA HŌSŌ WO HAGASU.
16,17. SHE PUTS THE BAND AID ON HER KNEE.,17. ELA COLOCA O CURATIVO NO JOELHO.,17. ELLA PONE LA TIRA ADHESIVA EN SU RODILLA.,17. LEI METTE IL CEROTTO SUL GINOCCHIO.,17. ELLE MET LE PANSEMENT SUR SON GENOU.,17. SIE KLEBT DAS HEFTPFLASTER AUF IHR KNIE.,17. 彼女は膝に絆創膏を貼る。,17. かのじょはひざにばんそうこうをはる。,17. KANOJO WA HIZA NI BANSŌKŌ WO HARU.
16,18. SHE THROWS OUT THE WRAPPER.,18. ELA JOGA FORA A EMBALAGEM.,18. ELLA TIRA LA ENVOLTURA.,18. LEI BUTTA VIA LA CONFEZIONE.,18. ELLE JETTE L’EMBALLAGE.,18. SIE WIRFT DIE VERPACKUNG WEG.,18. 彼女は包装を捨てる。,18. かのじょはほうそうをすてる。,18. KANOJO WA HŌSŌ WO SUTERU.
17,1. THE DISHES ARE DIRTY.,1. A LOUÇA ESTÁ SUJA.,1. LOS PLATOS ESTÁN SUCIOS.,1. I PIATTI SONO SPORCHI.,1. LA VAISSELLE EST SALE.,1. DAS GESCHIRR IST SCHMUTZIG.,1. 皿は汚れている。,1. さらはよごれている。,1. SARA WA YOGORETE IRU.
17,2. SHE PUTS A PLUG IN THE SINK.,2. ELA COLOCA UM TAMPA NA PIA.,2. ELLA PONE UN TAPÓN EN EL FREGADERO.,2. LEI METTE UN TAPPO NEL LAVANDINO.,2. ELLE MET UN BOUCHON DANS L’ÉVIER.,2. SIE SETZT EINEN STOPFEN IN DAS SPÜLBECKEN.,2. 彼女は流しに栓をする。,2. かのじょはながしにせんをする。,2. KANOJO WA NAGASHI NI SEN WO SURU.
17,3. SHE FILLS THE SINK WITH WATER.,3. ELA ENCHE A PIA COM ÁGUA.,3. ELLA LLENA EL FREGADERO CON AGUA.,3. LEI RIEMPIE IL LAVANDINO D’ACQUA.,3. ELLE REMPLIT L’ÉVIER D’EAU.,3. SIE FÜLLT DAS SPÜLBECKEN MIT WASSER.,3. 彼女は流しに水を入れる。,3. かのじょはながしにみずをいれる。,3. KANOJO WA NAGASHI NI MIZU WO IRERU.
17,4. SHE PUTS SOAP IN THE WATER.,4. ELA COLOCA SABÃO NA ÁGUA.,4. ELLA PONE JABÓN EN EL AGUA.,4. LEI METTE SAPONE NELL’ACQUA.,4. ELLE MET DU SAVON DANS L’EAU.,4. SIE GIBT SEIFE INS WASSER.,4. 彼女は水に石鹸を入れる。,4. かのじょはみずにせっけんをいれる。,4. KANOJO WA MIZU NI SEKKEN WO IRERU.
17,5. SHE RINSES THE DISHES.,5. ELA ENXÁGUA A LOUÇA.,5. ELLA ENJUAGA LOS PLATOS.,5. LEI RISCIACQUA I PIATTI.,5. ELLE RINCE LA VAISSELLE.,5. SIE SPÜLT DAS GESCHIRR AB.,5. 彼女は皿をすすぐ。,5. かのじょはさらをすすぐ。,5. KANOJO WA SARA WO SUSUGU.
17,6. THE WATER IS HOT.,6. A ÁGUA ESTÁ QUENTE.,6. EL AGUA ESTÁ CALIENTE.,6. L’ACQUA È CALDA.,6. L’EAU EST CHAUDE.,6. DAS WASSER IST HEISS.,6. 水は熱い。,6. みずはあつい。,6. MIZU WA ATSUI.
17,7. SHE PUTS THE DISHES IN THE WATER.,7. ELA COLOCA A LOUÇA NA ÁGUA.,7. ELLA PONE LOS PLATOS EN EL AGUA.,7. LEI METTE I PIATTI NELL’ACQUA.,7. ELLE MET LA VAISSELLE DANS L’EAU.,7. SIE LEGT DAS GESCHIRR INS WASSER.,7. 彼女は皿を水に入れる。,7. かのじょはさらをみずにいれる。,7. KANOJO WA SARA WO MIZU NI IRERU.
17,8. SHE SCRUBS THE DISHES WITH A SPONGE.,8. ELA ESCREVE A LOUÇA COM UMA ESPONJA.,8. ELLA FRIEGA LOS PLATOS CON UNA ESPONJA.,8. LEI STROFINA I PIATTI CON UNA SPUGNA.,8. ELLE FROTTE LA VAISSELLE AVEC UNE ÉPONGE.,8. SIE SCHRUBBT DAS GESCHIRR MIT EINEM SCHWAMM.,8. 彼女はスポンジで皿をこする。,8. かのじょはスポンジでさらをこする。,8. KANOJO WA SUPONJI DE SARA WO KOSURU.
17,9. SHE RINSES THE DISHES.,9. ELA ENXÁGUA A LOUÇA.,9. ELLA ENJUAGA LOS PLATOS.,9. LEI RISCIACQUA I PIATTI.,9. ELLE RINCE LA VAISSELLE.,9. SIE SPÜLT DAS GESCHIRR AB.,9. 彼女は皿をすすぐ。,9. かのじょはさらをすすぐ。,9. KANOJO WA SARA WO SUSUGU.
17,10. THE DISHES ARE CLEAN.,10. A LOUÇA ESTÁ LIMPA.,10. LOS PLATOS ESTÁN LIMPIOS.,10. I PIATTI SONO PULITI.,10. LA VAISSELLE EST PROPRE.,10. DAS GESCHIRR IST SAUBER.,10. 皿はきれい。,10. さらはきれい。,10. SARA WA KIREI.
17,11. SHE PUTS THE DISHES IN THE DISH RACK.,11. ELA COLOCA A LOUÇA NO ESCORREDOR.,11. ELLA PONE LOS PLATOS EN EL ESCURREPLATOS.,11. LEI METTE I PIATTI SULL’ASCIUGAPIATTI.,11. ELLE MET LA VAISSELLE DANS L’ÉGOUTTOIR.,11. SIE LEGT DAS GESCHIRR IN DAS ABTROCKNENDE GESTELL.,11. 彼女は皿を水切りかごに置く。,11. かのじょはさらをみずきりかごにおく。,11. KANOJO WA SARA WO MIZUKIRI KAGO NI OKU.
17,12. SHE TAKES OUT THE PLUG.,12. ELA TIRA O TAMPA.,12. ELLA QUITA EL TAPÓN.,12. LEI TOGLIE IL TAPPO.,12. ELLE ENLÈVE LE BOUCHON.,12. SIE NIMMT DEN STOPFEN AB.,12. 彼女は栓を抜く。,12. かのじょはせんをぬく。,12. KANOJO WA SEN WO NUKU.
17,13. SHE PUTS BLEACH IN THE SINK.,13. ELA COLOCA CLORO NA PIA.,13. ELLA PONE LEJÍA EN EL FREGADERO.,13. LEI METTE CANDEGGINA NEL LAVANDINO.,13. ELLE MET DE L’EAU DE JAVEL DANS L’ÉVIER.,13. SIE GIBT BLEICHPULVER INS SPÜLBECKEN.,13. 彼女は流しに漂白剤を入れる。,13. かのじょはながしにひょうはくざいをいれる。,13. KANOJO WA NAGASHI NI HYŌHAKUZAI WO IRERU.
17,14. SHE SCRUBS THE SINK WITH A SPONGE.,14. ELA ESCREVE A PIA COM UMA ESPONJA.,14. ELLA FRIEGA EL FREGADERO CON UNA ESPONJA.,14. LEI STROFINA IL LAVANDINO CON UNA SPUGNA.,14. ELLE FROTTE L’ÉVIER AVEC UNE ÉPONGE.,14. SIE SCHRUBBT DAS SPÜLBECKEN MIT EINEM SCHWAMM.,14. 彼女はスポンジで流しをこする。,14. かのじょはスポンジでながしをこする。,14. KANOJO WA SUPONJI DE NAGASHI WO KOSURU.
17,15. SHE RINSES THE SINK.,15. ELA ENXÁGUA A PIA.,15. ELLA ENJUAGA EL FREGADERO.,15. LEI RISCIACQUA IL LAVANDINO.,15. ELLE RINCE L’ÉVIER.,15. SIE SPÜLT DAS SPÜLBECKEN AB.,15. 彼女は流しをすすぐ。,15. かのじょはながしをすすぐ。,15. KANOJO WA NAGASHI WO SUSUGU.
18,1. HIROKI IS SICK.,1. HIROKI ESTÁ DOENTE.,1. HIROKI ESTÁ ENFERMO.,1. HIROKI È MALATO.,1. HIROKI EST MALADE.,1. HIROKI IST KRANK.,1. ヒロキは病気です。,1. ヒロキはびょうきです。,1. HIROKI WA BYŌKI DESU.
18,2. HE HAS A HEADACHE.,2. ELE TEM DOR DE CABEÇA.,2. TIENE DOLOR DE CABEZA.,2. HA MAL DI TESTA.,2. IL A MAL À LA TÊTE.,2. ER HAT KOPFSCHMERZEN.,2. 彼は頭痛がする。,2. かれはずつうがする。,2. KARE WA ZUTSŪ GA SURU.
18,3. HE SNEEZES.,3. ELE ESPIRRA.,3. ESTORNUDA.,3. STARNUTA.,3. IL ÉTERNUE.,3. ER NIESST.,3. 彼はくしゃみをする。,3. かれはくしゃみをする。,3. KARE WA KUSHAMI WO SURU.
18,4. HE TAKES OUT A TISSUE.,4. ELE PEGA UM LENÇO.,4. SACA UN PAÑUELO.,4. PRENDE UN FAZZOLETTO.,4. IL PREND UN MOUCHOIR.,4. ER NIMMT EIN TASCHENTUCH.,4. 彼はティッシュを取り出す。,4. かれはティッシュをとりだす。,4. KARE WA TISSYU WO TORIDASU.
18,5. HE BLOWS HIS NOSE.,5. ELE ASSOA O NARIZ.,5. SE SUA LA NARIZ.,5. SI SOFFIA IL NASO.,5. IL SE MOUCHE.,5. ER SCHNÄUZT SICH DIE NASE.,5. 彼は鼻をかむ。,5. かれははなをかむ。,5. KARE WA HANA WO KAMU.
18,6. HE RUBS HIS EYES.,6. ELE ESFREGA OS OLHOS.,6. SE FROTA LOS OJOS.,6. SI STROFINA GLI OCCHI.,6. IL SE FROTTE LES YEUX.,6. ER REIBT SICH DIE AUGEN.,6. 彼は目をこする。,6. かれはめをこする。,6. KARE WA ME WO KOSURU.
18,7. HE COUGHS.,7. ELE TOSSE.,7. TOSSE.,7. TOSSE.,7. IL TOUSSE.,7. ER HUSTET.,7. 彼は咳をする。,7. かれはせきをする。,7. KARE WA SEKI WO SURU.
18,8. HE GOES TO THE DRUGSTORE.,8. ELE VAI À FARMÁCIA.,8. VA A LA FARMACIA.,8. VA IN FARMACIA.,8. IL VA À LA PHARMACIE.,8. ER GEHT ZUR APOTHEKE.,8. 彼は薬局に行く。,8. かれはやっきょくにいく。,8. KARE WA YAKKYOKU NI IKU.
18,9. HE FAINTS.,9. ELE DESMAIA.,9. SE DESMAYA.,9. SVENUTO.,9. IL S’ÉVANOUIE.,9. ER FÄLLT OHNÄCHTIG UM.,9. 彼は気を失う。,9. かれはきをうしなう。,9. KARE WA KI WO USHINA U.
18,10. HE FAINTS.,10. ELE DESMAIA.,10. SE DESMAYA.,10. SVENUTO.,10. IL S’ÉVANOUIE.,10. ER FÄLLT OHNÄCHTIG UM.,10. 彼は気を失う。,10. かれはきをうしなう。,10. KARE WA KI WO USHINA U.
18,11. HE GETS UP.,11. ELE SE LEVANTA.,11. SE LEVANTA.,11. SI ALZA.,11. IL SE LÈVE.,11. ER STEHT AUF.,11. 彼は立ち上がる。,11. かれはたちあがる。,11. KARE WA TACHIAGARU.
18,12. HE WALKS INTO THE DRUGSTORE.,12. ELE ENTRA NA FARMÁCIA.,12. ENTRA EN LA FARMACIA.,12. ENTRA NELLA FARMACIA.,12. IL ENTRE DANS LA PHARMACIE.,12. ER BETRITT DIE APOTHEKE.,12. 彼は薬局に入る。,12. かれはやっきょくにいる。,12. KARE WA YAKKYOKU NI IRU.
18,13. HE BUYS MEDICINE.,13. ELE COMPRA REMÉDIO.,13. COMPRA MEDICINA.,13. COMPRA MEDICINA.,13. IL ACHÈTE DES MÉDICAMENTS.,13. ER KAUFT MEDIKAMENTE.,13. 彼は薬を買う。,13. かれはくすりをかう。,13. KARE WA KUSURI WO KAU.
18,14. HE GOES BACK HOME.,14. ELE VOLTA PARA CASA.,14. VUELVE A CASA.,14. TORNA A CASA.,14. IL RENTRE CHEZ LUI.,14. ER GEHT NACH HAUSE ZURÜCK.,14. 彼は家に戻る。,14. かれはいえにもどる。,14. KARE WA IE NI MODORU.
18,15. HE TAKES MEDICINE.,15. ELE TOMA REMÉDIO.,15. TOMA MEDICINA.,15. PRENDE MEDICINA.,15. IL PREND DES MÉDICAMENTS.,15. ER NIMMT MEDIKAMENTE EIN.,15. 彼は薬を飲む。,15. かれはくすりをのむ。,15. KARE WA KUSURI WO NOMU.
18,16. HE GOES TO BED.,16. ELE VAI PARA A CAMA.,16. SE ACUESTA.,16. VA A LETTO.,16. IL VA SE COUCHER.,16. ER GEHT ZU BETT.,16. 彼は寝る。,16. かれはねる。,16. KARE WA NERU.
19,1. PATRICIA GOES HOME.,1. PATRICIA VAI PARA CASA.,1. PATRICIA VA A CASA.,1. PATRICIA VA A CASA.,1. PATRICIA RENTRE CHEZ ELLE.,1. PATRICIA GEHT NACH HAUSE.,1. パトリシアは家に帰る。,1. パトリシアはいえにかえる。,1. PATORISHIA WA IE NI KAERU.
19,2. SHE GOES UP THE STAIRS.,2. ELA SOBE AS ESCADAS.,2. SUBE LAS ESCALERAS.,2. SALE LE SCALE.,2. ELLE MONTE LES ESCALIERS.,2. SIE GEHT DIE TREPPE HOCH.,2. 彼女は階段を上がる。,2. かのじょはかいだんをのぼる。,2. KANOJO WA KAIDAN WO NOBORU.
19,3. SHE OPENS HER PURSE.,3. ELA ABRE A BOLSA.,3. ABRE SU BOLSO.,3. APRE LA BORSA.,3. ELLE OUVRE SON SAC.,3. SIE ÖFFNET IHRE TASCHE.,3. 彼女はバッグを開ける。,3. かのじょはバッグをあける。,3. KANOJO WA BAGGU WO AKERU.
19,4. SHE TAKES OUT THE KEYS.,4. ELA PEGA AS CHAVES.,4. SACA LAS LLAVES.,4. PRENDE LE CHIAVI.,4. ELLE PREND LES CLÉS.,4. SIE NIMMT DIE SCHLÜSSEL.,4. 彼女は鍵を取り出す。,4. かのじょはかぎをとりだす。,4. KANOJO WA KAGI WO TORIDASU.
19,5. SHE STICKS THE KEY IN THE LOCK.,5. ELA COLOCA A CHAVE NA FECHADURA.,5. METE LA LLAVE EN LA CERRADURA.,5. INFILA LA CHIAVE NELLA SERRATURA.,5. ELLE MET LA CLÉ DANS LA SERRURE.,5. SIE STECKT DEN SCHLÜSSEL INS SCHLOSS.,5. 彼女は鍵を鍵穴に差し込む。,5. かのじょはかぎをかぎあなにさしこむ。,5. KANOJO WA KAGI WO KAGIANA NI SASHIKOMU.
19,6. SHE UNLOCKS THE DOOR.,6. ELA DESTRANCA A PORTA.,6. ABRE LA PUERTA.,6. SBLOCCA LA PORTA.,6. ELLE DÉVERROUILLE LA PORTE.,6. SIE ENTSPERRT DIE TÜR.,6. 彼女はドアを開ける。,6. かのじょはドアをあける。,6. KANOJO WA DOA WO AKERU.
19,7. SHE OPENS THE DOOR.,7. ELA ABRE A PORTA.,7. ABRE LA PUERTA.,7. APRE LA PORTA.,7. ELLE OUVRE LA PORTE.,7. SIE ÖFFNET DIE TÜR.,7. 彼女はドアを開ける。,7. かのじょはドアをあける。,7. KANOJO WA DOA WO AKERU.
19,8. SHE GOES IN.,8. ELA ENTRA.,8. ENTRA.,8. ENTRA.,8. ELLE ENTRE.,8. SIE GEHT HINEIN.,8. 彼女は入る。,8. かのじょははいる。,8. KANOJO WA HAIRU.
19,9. SHE SHUTS THE DOOR.,9. ELA FECHA A PORTA.,9. CIERRA LA PUERTA.,9. CHIUDE LA PORTA.,9. ELLE FERME LA PORTE.,9. SIE SCHLIESST DIE TÜR.,9. 彼女はドアを閉める。,9. かのじょはドアをしめる。,9. KANOJO WA DOA WO SHIMERU.
19,10. SHE LOCKS THE DOOR.,10. ELA TRAVA A PORTA.,10. CIERRA CON LLAVE LA PUERTA.,10. CHIUDE A CHIAVE LA PORTA.,10. ELLE FERME LA PORTE À CLÉ.,10. SIE SCHLIESST DIE TÜR AB.,10. 彼女はドアに鍵をかける。,10. かのじょはドアにかぎをかける。,10. KANOJO WA DOA NI KAGI WO KAKERU.
19,11. SHE TURNS ON THE LAMP.,11. ELA LIGA A LÂMPADA.,11. ENCIENDE LA LÁMPARA.,11. ACCENDE LA LAMPADA.,11. ELLE ALLUME LA LAMPE.,11. SIE SCHALTE DIE LAMPE EIN.,11. 彼女はランプをつける。,11. かのじょはランプをつける。,11. KANOJO WA RANPU WO TSUKERU.
19,12. SHE SITS IN THE RECLINER.,12. ELA SE SENTA NA POLTRONA.,12. SE SIENTA EN EL RECLINER.,12. SI SIEDE SULLA POLTRONA.,12. ELLE S’ASSEOIT DANS LE FAUTEUIL.,12. SIE SETZT SICH IN DEN SESSEL.,12. 彼女はリクライニングチェアに座る。,12. かのじょはリクライニングチェアにすわる。,12. KANOJO WA RIKURAININGU CHEA NI SUWARU.
20,"1. BABATUNDE GETS A VASE, AND A BOX.",1. BABATUNDE PEGA UM VASO E UMA CAIXA.,1. BABATUNDE TOMA UN JARRÓN Y UNA CAJA.,1. BABATUNDE PRENDE UN VASO E UNA SCATOLA.,1. BABATUNDE PREND UN VASE ET UNE BOÎTE.,1. BABATUNDE NIMMT EINE VASE UND EINE SCHACHTEL.,1. ババトゥンデは花瓶と箱を取る。,1. ババトゥンデはかびんとはこをとる。,1. BABATUNDE WA KABIN TO HAKO WO TORU.
20,"2. HE GETS A ROLL OF RIBBON, A PAIR OF SCISSORS, AND GIFT WRAP.","2. ELE PEGA UM ROLO DE FITA, UMA TESOURA E PAPEL DE PRESENTE.","2. TOMA UN ROLLO DE CINTA, UN PAR DE TIJERAS Y PAPEL DE REGALO.","2. PRENDE UN ROTOLINO DI NASTRO, UN PAIO DI FORBICI E CARTA REGALO.","2. IL PREND UN ROULEAU DE RUBAN, UNE PAIRE DE CISEAUX ET DU PAPIER CADEAU.","2. ER NIMMT EIN BAND, EINE SCHERE UND GESCHENKPAPIER.",2. 彼はリボンのロールとハサミとラッピングペーパーを取る。,2. かれはリボンのロールとはさみとラッピングペーパーをとる。,2. KARE WA RIBON NO RŌRU TO HASAMI TO RAPPINGU PĒPĀ WO TORU.
20,3. HE WRAPS THE VASE WITH PAPER.,3. ELE EMBALA O VASO COM PAPEL.,3. ENVUELVE EL JARRÓN CON PAPEL.,3. AVVOLGE IL VASO CON LA CARTA.,3. IL EMBALLE LE VASE AVEC DU PAPIER.,3. ER WICKELT DIE VASE IN PAPIER.,3. 彼は花瓶を紙で包む。,3. かれはかびんをかみでつつむ。,3. KARE WA KABIN WO KAMI DE TSUTSUMU.
20,4. HE PUTS THE VASE IN THE BOX.,4. ELE COLOCA O VASO NA CAIXA.,4. PONE EL JARRÓN EN LA CAJA.,4. METTE IL VASO NELLA SCATOLA.,4. IL MET LE VASE DANS LA BOÎTE.,4. ER LEGT DIE VASE IN DIE SCHACHTEL.,4. 彼は花瓶を箱に入れる。,4. かれはかびんをはこにいれる。,4. KARE WA KABIN WO HAKO NI IRERU.
20,5. HE CLOSES THE BOX.,5. ELE FECHA A CAIXA.,5. CIERRA LA CAJA.,5. CHIUDE LA SCATOLA.,5. IL FERME LA BOÎTE.,5. ER SCHLIESST DIE SCHACHTEL.,5. 彼は箱を閉じる。,5. かれははこをしめる。,5. KARE WA HAKO WO SHIMERU.
20,6. HE PUTS THE BOX ON THE GIFT PAPER.,6. ELE COLOCA A CAIXA SOBRE O PAPEL DE PRESENTE.,6. PONE LA CAJA SOBRE EL PAPEL DE REGALO.,6. METTE LA SCATOLA SULLA CARTA REGALO.,6. IL MET LA BOÎTE SUR LE PAPIER CADEAU.,6. ER LEGT DIE SCHACHTEL AUF DAS GESCHENKPAPIER.,6. 彼は箱をラッピングペーパーの上に置く。,6. かれははこをラッピングペーパーのうえにおく。,6. KARE WA HAKO WO RAPPINGU PĒPĀ NO UE NI OKU.
20,7. HE WRAPS THE BOX WITH THE GIFT WRAP.,7. ELE EMBALA A CAIXA COM O PAPEL DE PRESENTE.,7. ENVUELVE LA CAJA CON EL PAPEL DE REGALO.,7. AVVOLGE LA SCATOLA CON LA CARTA REGALO.,7. IL EMBALLE LA BOÎTE AVEC LE PAPIER CADEAU.,7. ER WICKELT DIE SCHACHTEL IN GESCHENKPAPIER.,7. 彼は箱をラッピングペーパーで包む。,7. かれははこをラッピングペーパーでつつむ。,7. KARE WA HAKO WO RAPPINGU PĒPĀ DE TSUTSUMU.
20,8. HE GETS A PIECE OF TAPE.,8. ELE PEGA UM PEDAÇO DE FITA ADESIVA.,8. TOMA UN TROZO DE CINTA ADHESIVA.,8. PRENDE UN PEZZO DI NASTRO ADESIVO.,8. IL PREND UN MORCEAU DE RUBAN ADHÉSIF.,8. ER NIMMT EIN STÜCK KLEBEBAND.,8. 彼はテープを取る。,8. かれはテープをとる。,8. KARE WA TĒPU WO TORU.
20,9. HE TAKES THE WRAPPING PAPER SHUT.,9. ELE SEGURA O PAPEL DE EMBALAR FECHADO.,9. SUJETA EL PAPEL DE ENVOLTURA.,9. TENE LA CARTA DA REGALO CHIUSA.,9. IL TIENT LE PAPIER D’EMBALLAGE FERME.,9. ER HÄLT DAS GESCHENKPAPIER ZU.,9. 彼はラッピングペーパーを押さえる。,9. かれはラッピングペーパーをおさえる。,9. KARE WA RAPPINGU PĒPĀ WO OSAERU.
20,10. HE GETS THE ROLL OF RIBBON AND THE PAIR OF SCISSORS.,10. ELE PEGA O ROLO DE FITA E A TESOURA.,10. TOMA EL ROLLO DE CINTA Y LAS TIJERAS.,10. PRENDE IL ROTOLINO DI NASTRO E LE FORBICI.,10. IL PREND LE ROULEAU DE RUBAN ET LES CISEAUX.,10. ER NIMMT DAS BAND UND DIE SCHERE.,10. 彼はリボンのロールとハサミを取る。,10. かれはリボンのロールとはさみをとる。,10. KARE WA RIBON NO RŌRU TO HASAMI WO TORU.
20,11. HE CUTS A PIECE OF RIBBON WITH THE PAIR OF SCISSORS.,11. ELE CORTA UM PEDAÇO DE FITA COM A TESOURA.,11. CORTA UN TROZO DE CINTA CON LAS TIJERAS.,11. TAGLIA UN PEZZO DI NASTRO CON LE FORBICI.,11. IL COUPE UN MORCEAU DE RUBAN AVEC LES CISEAUX.,11. ER SCHNEIDET EIN STÜCK BAND MIT DER SCHERE.,11. 彼はハサミでリボンを切る。,11. かれははさみでリボンをきる。,11. KARE WA HASAMI DE RIBON WO KIRU.
20,12. HE WRAPS THE GIFT BOX IN RIBBON.,12. ELE EMBALA A CAIXA COM A FITA.,12. ENVUELVE LA CAJA CON LA CINTA.,12. AVVOLGE LA SCATOLA CON IL NASTRO.,12. IL EMBALLE LA BOÎTE AVEC LE RUBAN.,12. ER WICKELT DIE SCHACHTEL MIT DEM BAND EIN.,12. 彼は箱をリボンで包む。,12. かれははこをリボンでつつむ。,12. KARE WA HAKO WO RIBON DE TSUTSUMU.
20,13. HE TIES A BOW.,13. ELE FAZ UM LAÇO.,13. HACE UN LAZO.,13. FA UN FIocco.,13. IL FAIT UN NOEUD.,13. ER MACHT EINE SCHLEIFE.,13. 彼はリボンで結び目を作る。,13. かれはリボンでむすびめをつくる。,13. KARE WA RIBON DE MUSUBIME WO TSUKURU.
20,14. HE GIVES THE PRESENT TO HIS FRIEND.,14. ELE DÁ O PRESENTE AO AMIGO.,14. DA EL REGALO A SU AMIGO.,14. DA IL REGALO AL SUO AMICO.,14. IL DONNE LE CADEAU À SON AMI.,14. ER GIBT DAS GESCHENK SEINEM FREUND.,14. 彼は友達にプレゼントを渡す。,14. かれはともだちにプレゼントをわたす。,14. KARE WA TOMODACHI NI PUREZENTO WO WATASU.
21,1. SAKI GRABS A BANANA AND SOME BERRIES.,1. SAKI PEGA UMA BANANA E ALGUMAS FRUTAS VERMELHAS.,1. SAKI TOMA UN PLÁTANO Y ALGUNAS BAYAS.,1. SAKI PRENDE UNA BANANA E DELLE BACCHE.,1. SAKI PREND UNE BANANE ET DES BAIES.,1. SAKI NIMMT EINE BANANE UND EINIGE BEEREN.,1. サキはバナナとベリーを取る。,1. サキはバナナとベリーをとる。,1. SAKI WA BANANA TO BERĪ WO TORU.
21,2. SHE ADDS THE FRUITS TO THE BLENDER.,2. ELA COLOCA AS FRUTAS NO LIQUIDIFICADOR.,2. AÑADE LAS FRUTAS A LA LICUADORA.,2. METTE LA FRUTTA NEL FRULLATORE.,2. ELLE MET LES FRUITS DANS LE MIXEUR.,2. SIE GIBT DIE FRÜCHTE IN DEN MIXER.,2. 彼女はフルーツをブレンダーに入れる。,2. かのじょはフルーツをブレンダーにいれる。,2. KANOJO WA FURŪTSU WO BURENDĀ NI IRERU.
21,3. SHE POURS SOME MILK INTO THE BLENDER.,3. ELA COLOCA UM POUCO DE LEITE NO LIQUIDIFICADOR.,3. VIERTE UN POCO DE LECHE EN LA LICUADORA.,3. VERSA UN PO’ DI LATTE NEL FRULLATORE.,3. ELLE VERSE DU LAIT DANS LE MIXEUR.,3. SIE GIBT ETWAS MILCH IN DEN MIXER.,3. 彼女はブレンダーに牛乳を入れる。,3. かのじょはブレンダーにぎゅうにゅうをいれる。,3. KANOJO WA BURENDĀ NI GYŪNYŪ WO IRERU.
21,4. SHE ADDS YOGURT TO THE MIXTURE.,4. ELA COLOCA IOGURTE NA MISTURA.,4. AÑADE YOGUR A LA MEZCLA.,4. AGGIUNGE LO YOGUR ALLA MISCELA.,4. ELLE AJOUTE DU YAOURT AU MÉLANGE.,4. SIE FÜGT JOGHURT ZUM MIX HINZU.,4. 彼女は混ぜ物にヨーグルトを加える。,4. かのじょはまぜものにヨーグルトをくわえる。,4. KANOJO WA MAZEMONO NI YŌGURUTO WO KUWAERU.
21,5. SHE TURNS ON THE BLENDER AND HOLDS THE LID SHUT.,5. ELA LIGA O LIQUIDIFICADOR E SEGURA A TAMPA.,5. ENCIENDE LA LICUADORA Y SUJETA LA TAPA.,5. ACCENDE IL FRULLATORE E TIENE CHIUSO IL COPERCHIO.,5. ELLE MET LE MIXEUR EN MARCHE ET TIENT LE COUVERCLE.,5. SIE SCHALTET DEN MIXER EIN UND HÄLT DEN DECKEL FEST.,5. 彼女はブレンダーを回して蓋を押さえる。,5. かのじょはブレンダーをまわしてふたをおさえる。,5. KANOJO WA BURENDĀ WO MAWASHITE FUTA WO OSAERU.
21,6. SHE POURS THE SMOOTHIE INTO A GLASS.,6. ELA DESPEJA O SMOOTHIE NUM COPO.,6. VIERTE EL BATIDO EN UN VASO.,6. VERSA LO SMOOTHIE IN UN BICCHIERE.,6. ELLE VERSE LE SMOOTHIE DANS UN VERRE.,6. SIE GIEßT DEN SMOOTHIE IN EIN GLAS.,6. 彼女はスムージーをグラスに注ぐ。,6. かのじょはスムージーをグラスにそそぐ。,6. KANOJO WA SUMŪJĪ WO GURASU NI SOSOGU.
21,7. SHE ADDS A STRAW.,7. ELA COLOCA UM CANUDO.,7. PONE UNA PAJILLA.,7. METTE UNA CANNUCCIA.,7. ELLE MET UNE PAILLE.,7. SIE STECKT EINEN STROHHALM EIN.,7. 彼女はストローを入れる。,7. かのじょはストローをいれる。,7. KANOJO WA SUTORŌ WO IRERU.
21,8. SHE TAKES A SIP.,8. ELA DÁ UM GOLINHO.,8. TOMA UN SORBO.,8. PRENDE UN SORSO.,8. ELLE PREND UNE GORGÉE.,8. SIE NIMMT EINEN SCHNIPSEL.,8. 彼女は一口飲む。,8. かのじょはひとくちのむ。,8. KANOJO WA HITOKUCHI NOMU.
21,9. SHE PUTS THE BLENDER AWAY.,9. ELA GUARDA O LIQUIDIFICADOR.,9. GUARDA LA LICUADORA.,9. METTE VIA IL FRULLATORE.,9. ELLE RANGE LE MIXEUR.,9. SIE RÄUMT DEN MIXER WEG.,9. 彼女はブレンダーを片付ける。,9. かのじょはブレンダーをかたづける。,9. KANOJO WA BURENDĀ WO KATAZUKERU.
21,10. SHE ENJOYS THE SMOOTHIE.,10. ELA APROVEITA O SMOOTHIE.,10. DISFRUTA DEL BATIDO.,10. GUSTA LO SMOOTHIE.,10. ELLE DÉGUSTE LE SMOOTHIE.,10. SIE GENIEßT DEN SMOOTHIE.,10. 彼女はスムージーを楽しむ。,10. かのじょはスムージーをたのしむ。,10. KANOJO WA SUMŪJĪ WO TANOSHIMU.
22,1. EUGENIA LOOKS AT THE ROOM.,1. EUGENIA OLHA PARA O QUARTO.,1. EUGENIA MIRA LA HABITACIÓN.,1. EUGENIA GUARDA LA STANZA.,1. EUGENIA REGARDE LA PIÈCE.,1. EUGENIA SCHAUT SICH DAS ZIMMER AN.,1. ユージニアは部屋を見る。,1. ユージニアはへやをみる。,1. YŪJINIA WA HEYA WO MIRU.
22,2. SHE CHOOSES A NEW COLOR FOR THE WALLS.,2. ELA ESCOLHE UMA NOVA COR PARA AS PAREDES.,2. ELLA ELIGE UN NUEVO COLOR PARA LAS PAREDES.,2. SCEGLIE UN NUOVO COLORE PER LE PARETI.,2. ELLE CHOISIT UNE NOUVELLE COULEUR POUR LES MURS.,2. SIE WÄHLT EINE NEUE FARBE FÜR DIE WÄNDE.,2. 彼女は壁の新しい色を選ぶ。,2. かのじょはかべのあたらしいいろをえらぶ。,2. KANOJO WA KABE NO ATARASHII IRO WO ERABU.
22,3. SHE PAINTS THE WALLS.,3. ELA PINTA AS PAREDES.,3. ELLA PINTA LAS PAREDES.,3. DIPINGE LE PARETI.,3. ELLE PEINT LES MURS.,3. SIE STREICHT DIE WÄNDE.,3. 彼女は壁を塗る。,3. かのじょはかべをぬる。,3. KANOJO WA KABE WO NURU.
22,4. SHE ARRANGES THE FURNITURE.,4. ELA ORGANIZA OS MÓVEIS.,4. ELLA ARREGLA LOS MUEBLES.,4. SISTEMA I MOBILI.,4. ELLE RANGE LES MEUBLES.,4. SIE RICHTET DIE MÖBEL AUF.,4. 彼女は家具を整える。,4. かのじょはかぐをととのえる。,4. KANOJO WA KAGU WO TOTONOERU.
22,5. SHE HANGS A PICTURE ON THE WALL.,5. ELA PENDE UM QUADRO NA PAREDE.,5. CUELGA UN CUADRO EN LA PARED.,5. APPENDE UN QUADRO SUL MURO.,5. ELLE ACCROCHE UN TABLEAU AU MUR.,5. SIE HÄNGT EIN BILD AN DIE WAND.,5. 彼女は壁に絵を掛ける。,5. かのじょはかべにえをかける。,5. KANOJO WA KABE NI E WO KAKERU.
22,6. SHE PLACES A RUG ON THE FLOOR.,6. ELA COLOCA UM TAPETE NO CHÃO.,6. COLOCA UNA ALFOMBRA EN EL SUELO.,6. METTE UN TAPPETO SUL PAVIMENTO.,6. ELLE PLACE UN TAPIS SUR LE SOL.,6. SIE LEGT EINEN TEPPICH AUF DEN BODEN.,6. 彼女は床にラグを置く。,6. かのじょはゆかにラグをおく。,6. KANOJO WA YUKA NI RAGU WO OKU.
22,7. SHE ADDS DECORATIVE CUSHIONS.,7. ELA ADICIONA ALMOFADAS DECORATIVAS.,7. AÑADE COJINES DECORATIVOS.,7. AGGIUNGE CUSCINI DECORATIVI.,7. ELLE AJOUTE DES COUSSINS DÉCORATIFS.,7. SIE LEGT DEKORATIVE KISSEN HINZU.,7. 彼女は装飾用クッションを置く。,7. かのじょはそうしょくようクッションをおく。,7. KANOJO WA SŌSHOKUYŌ KUSSHON WO OKU.
22,8. SHE CHECKS THE ROOM'S LOOK.,8. ELA VERIFICA A APARÊNCIA DO QUARTO.,8. ELLA REVISE EL ASPECTO DE LA HABITACIÓN.,8. CONTROLLA L’ASPETTO DELLA STANZA.,8. ELLE VÉRIFIE L’APPARENCE DE LA PIÈCE.,8. SIE PRÜFT DAS AUSSEHEN DES ZIMMERS.,8. 彼女は部屋の見た目を確認する。,8. かのじょはへやのみためをかくにんする。,8. KANOJO WA HEYA NO MITAME WO KAKUNIN SURU.
22,9. SHE ADDS SOME PLANTS.,9. ELA COLOCA ALGUMAS PLANTAS.,9. AÑADE ALGUNAS PLANTAS.,9. AGGIUNGE DELLE PIANTE.,9. ELLE AJOUTE QUELQUES PLANTES.,9. SIE STELLT EINIGE PFLANZEN HINZU.,9. 彼女は植物を置く。,9. かのじょはしょくぶつをおく。,9. KANOJO WA SHOKUBUTSU WO OKU.
22,10. SHE STEPS BACK AND ADMIRES THE ROOM.,10. ELA AFASTA-SE E ADMIRA O QUARTO.,10. SE ALEJA Y ADMIRA LA HABITACIÓN.,10. SI ALLONTA E AMMIRA LA STANZA.,10. ELLE RECULE ET ADMIRE LA PIÈCE.,10. SIE TRETET ZURÜCK UND BEWUNDERT DAS ZIMMER.,10. 彼女は一歩下がって部屋を眺める。,10. かのじょはいっぽさがってへやをながめる。,10. KANOJO WA IPPO SAGATTE HEYA WO NAGAMERU.
23,1. JONATHAN TIES HIS SHOES.,1. JONATHAN AMARRA SEUS SAPATOS.,1. JONATHAN ATA SUS ZAPATOS.,1. JONATHAN ALLACIA LE SCARPE.,1. JONATHAN LACE SES CHAUSSURES.,1. JONATHAN BINDEN SEINE SCHUHE.,1. ジョナサンは靴を結ぶ。,1. ジョナサンはくつをむすぶ。,1. JONASAN WA KUTSU WO MUSUBU.
23,2. HE STEPS OUTSIDE.,2. ELE SAI FORA.,2. SALE AFUERA.,2. ESCE FUORI.,2. IL SORT DEHORS.,2. ER GEHT NACH DRAUSSEN.,2. 彼は外に出る。,2. かれはそとにでる。,2. KARE WA SOTO NI DERU.
23,3. HE STARTS WALKING DOWN THE STREET.,3. ELE COMEÇA A ANDAR PELA RUA.,3. EMPIEZA A CAMINAR POR LA CALLE.,3. INIZIA A CAMMINARE PER LA STRADA.,3. IL COMMENCE À MARCHER DANS LA RUE.,3. ER BEGINNT DIE STRASSE HINUNTERZUGEHEN.,3. 彼は通りを歩き始める。,3. かれはとおりをあるきはじめる。,3. KARE WA TŌRI WO ARUKIHajimeru.
23,4. HE ENJOYS THE SCENERY.,4. ELE APROVEITA A CENA.,4. DISFRUTA DEL PAISAJE.,4. SI GODDE IL PAESAGGIO.,4. IL PROFITE DU PAYSAGE.,4. ER GENIEßT DIE LANDSCHAFT.,4. 彼は景色を楽しむ。,4. かれはけしきをたのしむ。,4. KARE WA KESHIKI WO TANOSHIMU.
23,5. HE WALKS PAST THE PARK.,5. ELE PASSA PELO PARQUE.,5. PASA POR EL PARQUE.,5. PASSA DAL PARCO.,5. IL PASSE DEVANT LE PARC.,5. ER GEHT AM PARK VORBEI.,5. 彼は公園を通る。,5. かれはこうえんをとおる。,5. KARE WA KŌEN WO TŌRU.
23,6. HE WAVES TO A NEIGHBOR.,6. ELE ACENA PARA UM VIZINHO.,6. SALUDA A UN VECINO.,6. SALUTA UN VICINO.,6. IL SALUE UN VOISIN.,6. ER WINKT EINEM NACHBAR.,6. 彼は隣人に手を振る。,6. かれはりんじんにてをふる。,6. KARE WA RINJIN NI TE WO FURU.
23,7. HE GOES AROUND THE CORNER.,7. ELE DOBRA NA ESQUINA.,7. DOBLA EN LA ESQUINA.,7. GIRA ALL’ANGOLO.,7. IL TOURNE LE COIN.,7. ER GEHT UM DIE ECKE.,7. 彼は角を曲がる。,7. かれはかどをまがる。,7. KARE WA KADO WO MAGARU.
23,8. HE CROSSES THE STREET.,8. ELE ATRAVESSA A RUA.,8. CRUZA LA CALLE.,8. ATTRAVERSA LA STRADA.,8. IL TRAVERSE LA RUE.,8. ER ÜBERQUERT DIE STRASSE.,8. 彼は通りを渡る。,8. かれはとおりをわたる。,8. KARE WA TŌRI WO WATARU.
23,9. HE ARRIVES AT HOME.,9. ELE CHEGA EM CASA.,9. LLEGA A CASA.,9. ARRIVA A CASA.,9. IL ARRIVE CHEZ LUI.,9. ER KOMMT ZUHAUSE AN.,9. 彼は家に着く。,9. かれはいえにつく。,9. KARE WA IE NI TSUKU.
24,1. HITOSHI GETS IN THE CAR.,1. HITOSHI ENTRA NO CARRO.,1. HITOSHI SE SUBE AL COCHE.,1. HITOSHI SALE IN AUTO.,1. HITOSHI ENTRE DANS LA VOITURE.,1. HITOSHI STEIGT INS AUTO EIN.,1. ひとしは車に乗る。,1. ひとしはくるまにのる。,1. HITOSHI WA KURUMA NI NORU.
24,2. HE PUTS ON HIS SEATBELT.,2. ELE COLOCA O CINTO DE SEGURANÇA.,2. SE PONE EL CINTURÓN DE SEGURIDAD.,2. METTE LA CINTURA DI SICUREZZA.,2. IL MET SA CEINTURE.,2. ER GURTET SICH AN.,2. 彼はシートベルトを締める。,2. かれはシートベルトをしめる。,2. KARE WA SĪTOBERUTO WO SHIMERU.
24,3. HE STARTS THE ENGINE.,3. ELE LIGA O MOTOR.,3. ENCIENDE EL MOTOR.,3. ACCENDE IL MOTORE.,3. IL DÉMARRE LE MOTEUR.,3. ER STARTET DEN MOTOR.,3. 彼はエンジンをかける。,3. かれはエンジンをかける。,3. KARE WA ENJIN WO KAKERU.
24,4. HE ADJUSTS THE MIRRORS.,4. ELE AJUSTA OS ESPELHOS.,4. AJUSTA LOS ESPEJOS.,4. REGOLA GLI SPECCHI.,4. IL RÈGLE LES RÉTROVISEURS.,4. ER STELLT DIE SPIEGEL EIN.,4. 彼はミラーを調整する。,4. かれはミラーをちょうせいする。,4. KARE WA MIRĀ WO CHŌSEI SURU.
24,5. HE PUTS THE CAR IN DRIVE.,5. ELE COLOCA O CARRO EM MARCHA.,5. PONE EL COCHE EN MARCHA.,5. METTE L’AUTO IN MARCIA.,5. IL MET LA VOITURE EN MARCHE.,5. ER GIBT DEN WAGEN IN GANG.,5. 彼は車をドライブに入れる。,5. かれはくるまをドライブにいれる。,5. KARE WA KURUMA WO DORAIBU NI IRERU.
24,6. HE CHECKS THE SURROUNDINGS.,6. ELE VERIFICA AO REDOR.,6. VERIFICA LOS ALREDEDORES.,6. CONTROLLA I DINTORNI.,6. IL VÉRIFIE LES ENVIRONS.,6. ER ÜBERPRÜFT DIE UMGEBUNG.,6. 彼は周囲を確認する。,6. かれはしゅういをかくにんする。,6. KARE WA SHŪI WO KAKUNIN SURU.
24,7. HE LOOKS OUT THE WINDOW.,7. ELE OLHA PELA JANELA.,7. MIRA POR LA VENTANA.,7. GUARDA DAL FINESTRO.,7. IL REGARDE PAR LA FENÊTRE.,7. ER SCHAUT AUS DEM FENSTER.,7. 彼は窓の外を見る。,7. かれはまどのそとをみる。,7. KARE WA MADO NO SOTO WO MIRU.
24,8. HE DRIVES DOWN THE STREET.,8. ELE DIRIGE PELA RUA.,8. CONDUCE POR LA CALLE.,8. GUIDA PER LA STRADA.,8. IL CONDUIT DANS LA RUE.,8. ER FÄHRT DIE STRASSE HINUNTER.,8. 彼は通りを運転する。,8. かれはとおりをうんてんする。,8. KARE WA TŌRI WO UNTEN SURU.
24,9. HE TURNS THE STEERING WHEEL.,9. ELE GIRAR O VOLANTE.,9. GIRA EL VOLANTE.,9. GIRA IL VOLANTE.,9. IL TOURNE LE VOLANT.,9. ER DREHT DAS LENKRAD.,9. 彼はハンドルを回す。,9. かれはハンドルをまわす。,9. KARE WA HANDORU WO MAWASU.
24,10. HE PARKS THE CAR.,10. ELE ESTACIONA O CARRO.,10. ESTACIONA EL COCHE.,10. PARCHEGGIA L’AUTO.,10. IL GARDE LA VOITURE.,10. ER PARKT DAS AUTO.,10. 彼は車を駐車する。,10. かれはくるまをちゅうしゃする。,10. KARE WA KURUMA WO CHŪSHA SURU.
24,11. HE STOPS COMPLETELY.,11. ELE PARA COMPLETAMENTE.,11. SE DETIENE COMPLETAMENTE.,11. SI FERMA COMPLETAMENTE.,11. IL S’ARRÊTE COMPLÈTEMENT.,11. ER HÄLT VOLLSTÄNDIG AN.,11. 彼は完全に止まる。,11. かれはかんぜんにとまる。,11. KARE WA KANZEN NI TOMARU.
24,12. HE TURNS OFF THE ENGINE.,12. ELE DESLIGA O MOTOR.,12. APAGA EL MOTOR.,12. SPEGNE IL MOTORE.,12. IL ÉTEINT LE MOTEUR.,12. ER SCHALTET DEN MOTOR AUS.,12. 彼はエンジンを切る。,12. かれはエンジンをきる。,12. KARE WA ENJIN WO KIRU.
25,1. ANNA GRABS A SUITCASE.,1. ANNA PEGA UMA MALA.,1. ANNA TOMA UNA MALETA.,1. ANNA PRENDE UNA VALIGIA.,1. ANNA PREND UNE VALISE.,1. ANNA GREIFT NACH EINEM KOFFER.,1. アンナはスーツケースを取る。,1. アンナはスーツケースをとる。,1. ANNA WA SŪTSUKĒSU WO TORU.
25,2. SHE LAYS OUT THE CLOTHES ON THE BED.,2. ELA ESPALHA AS ROUPAS NA CAMA.,2. COLOCA LA ROPA EN LA CAMA.,2. DISPONE I VESTITI SUL LETTO.,2. ELLE ÉTEND LES VÊTEMENTS SUR LE LIT.,2. SIE LEGT DIE KLEIDUNG AUF DAS BETT.,2. 彼女は服をベッドに広げる。,2. かのじょはふくをベッドにひろげる。,2. KANOJO WA FUKU WO BEDDO NI HIROGERU.
25,3. SHE FOLDS THEM NEATLY.,3. ELA DOBRA-AS ORGANIZADAMENTE.,3. LAS DOBLA ORDENADAMENTE.,3. LE PIEGA ORDINATAMENTE.,3. ELLE LES PLIE SOIGNEUSEMENT.,3. SIE FALTE SIE ORDENTLICH.,3. 彼女はきちんと折りたたむ。,3. かのじょはきちんとおりたたむ。,3. KANOJO WA KICHINTO ORITATAMU.
25,4. SHE PACKS TOILETRIES IN A BAG.,4. ELA COLOCA OS PRODUTOS DE HIGIENE EM UMA BOLSA.,4. GUARDA LOS ARTÍCULOS DE HIGIENE EN UNA BOLSA.,4. METTE I PRODOTTI DI TOILETTE IN UNA BORSA.,4. ELLE MET LES ARTICLES DE TOILETTE DANS UN SAC.,4. SIE PACKT DIE TOILETTENARTIKEL IN EINE TASCHE.,4. 彼女はトイレタリーをバッグに入れる。,4. かのじょはトイレタリーをバッグにいれる。,4. KANOJO WA TOIRETARĪ WO BAGGU NI IRERU.
25,5. SHE PLACES THE TOILETRIES IN THE SUITCASE.,5. ELA COLOCA OS PRODUTOS DE HIGIENE NA MALA.,5. PONE LOS ARTÍCULOS DE HIGIENE EN LA MALETA.,5. METTE I PRODOTTI DI TOILETTE NELLA VALIGIA.,5. ELLE PLACE LES ARTICLES DE TOILETTE DANS LA VALISE.,5. SIE LEGT DIE TOILETTENARTIKEL IN DEN KOFFER.,5. 彼女はトイレタリーをスーツケースに入れる。,5. かのじょはトイレタリーをスーツケースにいれる。,5. KANOJO WA TOIRETARĪ WO SŪTSUKĒSU NI IRERU.
25,6. SHE ZIPS THE SUITCASE CLOSED.,6. ELA ZIPA A MALA.,6. CIERRA LA MALETA CON CREMALLERA.,6. CHIUDE LA VALIGIA.,6. ELLE FERME LA VALISE.,6. SIE REIßVERSCHLIESST DEN KOFFER.,6. 彼女はスーツケースを閉める。,6. かのじょはスーツケースをしめる。,6. KANOJO WA SŪTSUKĒSU WO SHIMERU.
25,7. SHE LIFTS THE SUITCASE.,7. ELA LEVA A MALA.,7. LEVANTA LA MALETA.,7. SOLLEVA LA VALIGIA.,7. ELLE SOULÈVE LA VALISE.,7. SIE HEBT DEN KOFFER AUF.,7. 彼女はスーツケースを持ち上げる。,7. かのじょはスーツケースをもちあげる。,7. KANOJO WA SŪTSUKĒSU WO MOCHIAGERU.
25,8. SHE SETS IT BY THE DOOR.,8. ELA A COLOCA AO LADO DA PORTA.,8. LA COLOCA JUNTO A LA PUERTA.,8. LA POSA ACCANTO ALLA PORTA.,8. ELLE LA PLACE PRÈS DE LA PORTE.,8. SIE STELLT SIE NEBEN DIE TÜR.,8. 彼女はドアのそばに置く。,8. かのじょはドアのそばにおく。,8. KANOJO WA DOA NO SOBA NI OKU.
26,1. SARAH GRABS A SHOPPING LIST.,1. SARAH PEGA UMA LISTA DE COMPRAS.,1. SARAH TOMA UNA LISTA DE COMPRAS.,1. SARAH PRENDE UNA LISTA DELLA SPESA.,1. SARAH PREND LA LISTE DE COURSES.,1. SARAH NIMMT EINE EINKAUFSLISTE.,1. サラは買い物リストを取る。,1. サラはかいものリストをとる。,1. SARA WA KAIMONO RISUTO WO TORU.
26,2. SHE ENTERS THE GROCERY STORE.,2. ELA ENTRA NO MERCADO.,2. ENTRA EN EL SUPERMERCADO.,2. ENTRA NEL SUPERMERCATO.,2. ELLE ENTRE DANS L’ÉPICERIE.,2. SIE BETRITT DEN SUPERMARKT.,2. 彼女はスーパーに入る。,2. かのじょはスーパーにはいる。,2. KANOJO WA SŪPĀ NI HAIRU.
26,3. SHE PICKS UP A BASKET.,3. ELA PEGA UMA CESTA.,3. TOMA UNA CESTA.,3. PRENDE UN CESTINO.,3. ELLE PREND UN PANIER.,3. SIE NIMMT EINEN KORB.,3. 彼女はバスケットを取る。,3. かのじょはバスケットをとる。,3. KANOJO WA BASUKETTO WO TORU.
26,4. SHE GOES TO THE PRODUCE SECTION.,4. ELA VAI PARA A SEÇÃO DE FRUTAS E LEGUMES.,4. VA A LA SECCIÓN DE FRUTAS Y VERDURAS.,4. VA ALLA SEZIONE FRUTTA E VERDURA.,4. ELLE VA AU RAYON FRUITS ET LÉGUMES.,4. SIE GEHT ZUR OBST- UND GEMÜSEABTEILUNG.,4. 彼女は野菜と果物のコーナーに行く。,4. かのじょはやさいとかもものコーナーにいく。,4. KANOJO WA YASAI TO KUDAMONO NO KŌNĀ NI IKU.
26,5. SHE ADDS FRUITS AND VEGETABLES TO HER BASKET.,5. ELA ADICIONA FRUTAS E LEGUMES NA CESTA.,5. AGREGA FRUTAS Y VERDURAS A SU CESTA.,5. AGGIUNGE FRUTTA E VERDURA AL CESTINO.,5. ELLE AJOUTE DES FRUITS ET LÉGUMES DANS SON PANIER.,5. SIE LEGT FRÜCHTE UND GEMÜSE IN DEN KORB.,5. 彼女は果物と野菜をバスケットに入れる。,5. かのじょはくだものとやさいをバスケットにいれる。,5. KANOJO WA KUDAMONO TO YASAI WO BASUKETTO NI IRERU.
26,6. SHE GOES TO THE DAIRY AISLE.,6. ELA VAI PARA O CORREDOR DE LATICÍNIOS.,6. VA AL PASILLO DE LÁCTEOS.,6. VA AL REPARTO LATTICINI.,6. ELLE VA DANS LE RAYON PRODUITS LAITIERS.,6. SIE GEHT ZUR MILCHABTEILUNG.,6. 彼女は乳製品コーナーに行く。,6. かのじょはにゅうせいひんコーナーにいく。,6. KANOJO WA NYŪSEIHIN KŌNĀ NI IKU.
26,7. SHE PICKS UP MILK AND EGGS.,7. ELA PEGA LEITE E OVOS.,7. TOMA LECHE Y HUEVOS.,7. PRENDE LATTE E UOVA.,7. ELLE PREND DU LAIT ET DES ŒUFS.,7. SIE NIMMT MILCH UND EIER.,7. 彼女は牛乳と卵を取る。,7. かのじょはぎゅうにゅうとたまごをとる。,7. KANOJO WA GYŪNYŪ TO TAMAGO WO TORU.
26,8. SHE CHECKS OUT AT THE REGISTER.,8. ELA PASSA PELO CAIXA.,8. PAGA EN LA CAJA.,8. PASSA ALLA CASSA.,8. ELLE PASSE À LA CAISSE.,8. SIE GEHT ZUR KASSE.,8. 彼女はレジに行く。,8. かのじょはレジにいく。,8. KANOJO WA REJI NI IKU.
26,9. SHE PAYS FOR THE GROCERIES.,9. ELA PAGA AS COMPRAS.,9. PAGA POR LOS COMPRAS.,9. PAGA LA SPESA.,9. ELLE PAIE LES COURSES.,9. SIE BEZAHLT DEN EINKAUF.,9. 彼女は買い物の代金を払う。,9. かのじょはかいもののだいきんをはらう。,9. KANOJO WA KAIMONO NO DAIKIN WO HARAU.
26,10. SHE LEAVES THE GROCERY STORE.,10. ELA SAI DO MERCADO.,10. SALE DEL SUPERMERCADO.,10. ESCE DAL SUPERMERCATO.,10. ELLE QUITTE L’ÉPICERIE.,10. SIE VERLÄSST DEN SUPERMARKT.,10. 彼女はスーパーを出る。,10. かのじょはスーパーをでる。,10. KANOJO WA SŪPĀ WO DERU.
26,11. SHE TAKES THE GROCERIES HOME.,11. ELA LEVA AS COMPRAS PARA CASA.,11. LLEVA LAS COMPRAS A CASA.,11. PORTA LA SPESA A CASA.,11. ELLE RAMÈNE LES COURSES À LA MAISON.,11. SIE BRINGT DEN EINKAUF NACH HAUSE.,11. 彼女は買ったものを家に持って帰る。,11. かのじょはかったものをいえにもちかえる。,11. KANOJO WA KATTA MONO WO IE NI MOCHIKAERU.
27,1. JEFF GRABS A BUCKET AND A SHOVEL.,1. JEFF PEGA UM BALDE E UMA PÁ.,1. JEFF TOMA UN CUBO Y UNA PALA.,1. JEFF PRENDE UN SECCHIO E UNA PALETTA.,1. JEFF PREND UN SEAU ET UNE PELLE.,1. JEFF NIMMT EINEN EIMER UND EINE SCHAUFEL.,1. ジェフはバケツとシャベルを取る。,1. ジェフはバケツとシャベルをとる。,1. JEFF WA BAKETSU TO SHABERU WO TORU.
27,2. HE DIGS A HOLE IN THE SAND.,2. ELE CAVA UM BURACO NA AREIA.,2. CAVA UN HUECO EN LA ARENA.,2. SCAVA UN BUCO NELLA SABBIA.,2. IL CREUSE UN TROU DANS LE SABLE.,2. ER GRÄBT EIN LOCH IM SAND.,2. 彼は砂に穴を掘る。,2. かれはすなにあなをほる。,2. KARE WA SUNA NI ANA WO HORU.
27,3. HE FILLS THE BUCKET WITH SAND.,3. ELE ENCHE O BALDE DE AREIA.,3. LLENA EL CUBO DE ARENA.,3. RIEMPIE IL SECCHIO DI SABBIA.,3. IL REMPLIT LE SEAU DE SABLE.,3. ER FÜLLT DEN EIMER MIT SAND.,3. 彼はバケツに砂を入れる。,3. かれはバケツにすなをいれる。,3. KARE WA BAKETSU NI SUNA WO IRERU.
27,4. HE TURNS THE BUCKET UPSIDE DOWN.,4. ELE VIRA O BALDE DE CABEÇA PARA BAIXO.,4. VOLTEA EL CUBO AL REVÉS.,4. RIBALTA IL SECCHIO.,4. IL RENVERSE LE SEAU.,4. ER STELLT DEN EIMER UMGEDREHT AUF.,4. 彼はバケツを逆さにする。,4. かれはバケツをさかさにする。,4. KARE WA BAKETSU WO SAKASA NI SURU.
27,5. HE SHAPES THE SANDCASTLE.,5. ELE MODELA O CASTELO DE AREIA.,5. DA FORMA AL CASTILLO DE ARENA.,5. MODELLA IL CASTELLO DI SABBIA.,5. IL MODELE LE CHÂTEAU DE SABLE.,5. ER FORMt DIE SANDBURG.,5. 彼は砂の城を形作る。,5. かれはすのしろをかたちづくる。,5. KARE WA SUNO SHIRO WO KATACHIDUKURU.
27,6. HE ADDS TOWERS AND WALLS.,6. ELE ADICIONA TORRES E MUROS.,6. AGREGA TORRES Y MUROS.,6. AGGIUNGE TORRI E MURI.,6. IL AJOUTE DES TOURS ET DES MURS.,6. ER FÜGT TÜRME UND MAUERN HINZU.,6. 彼は塔と壁を追加する。,6. かれはとうとへきをついかする。,6. KARE WA TŌ TO HEKI WO TSUIKA SURU.
27,7. HE DECORATES THE CASTLE WITH SHELLS.,7. ELE DECORA O CASTELO COM CONCHAS.,7. DECORA EL CASTILLO CON CONCHAS.,7. DECORA IL CASTELLO CON LE CONCHIGLIE.,7. IL DÉCORE LE CHÂTEAU AVEC DES COQUILLAGES.,7. ER DEKORIERT DIE BURG MIT MUSCHELN.,7. 彼は砂の城を貝で飾る。,7. かれはすのしろをかいでかざる。,7. KARE WA SUNO SHIRO WO KAI DE KAZARU.
27,8. HE SMOOTHS OUT THE SAND.,8. ELE ALISA A AREIA.,8. ALISA LA ARENA.,8. LISCE LA SABBIA.,8. IL LISSE LE SABLE.,8. ER GLÄTTET DEN SAND.,8. 彼は砂をならす。,8. かれはすなをならす。,8. KARE WA SUNA WO NARASU.
27,9. HE ADMIRES THE CASTLE.,9. ELE ADMIRA O CASTELO.,9. ADMIRA EL CASTILLO.,9. AMMIRA IL CASTELLO.,9. IL ADMIRE LE CHÂTEAU.,9. ER BEWUNDERT DIE BURG.,9. 彼は砂の城を眺める。,9. かれはすのしろをながめる。,9. KARE WA SUNO SHIRO WO NAGAMERU.
27,10. HE TAKES A PHOTO OF HIS CREATION.,10. ELE TIRA UMA FOTO DE SUA CRIAÇÃO.,10. TOMA UNA FOTO DE SU CREACIÓN.,10. SCATTA UNA FOTO DELLA SUA CREAZIONE.,10. IL PREND UNE PHOTO DE SA CRÉATION.,10. ER MACHT EIN FOTO VON SEINER KREATION.,10. 彼は作品の写真を撮る。,10. かれはさくひんのしゃしんをとる。,10. KARE WA SAKUHIN NO SHASHIN WO TORU.
28,1. JACK PREHEATS THE OVEN.,1. JACK PREAQUECE O FORNO.,1. JACK PRECALIENTA EL HORNO.,1. JACK PRERISCALDA IL FORNO.,1. JACK PRÉCHAUFFE LE FOUR.,1. JACK HEIZT DEN OFEN VOR.,1. ジャックはオーブンを予熱する。,1. ジャックはオーブンをよねつする。,1. JACK WA ŌBUN WO YONETSU SURU.
28,"2. HE GRABS THE INGREDIENTS - FLOUR, SUGAR, AND EGGS.","2. ELE PEGA OS INGREDIENTES – FARINHA, AÇÚCAR E OVOS.","2. TOMA LOS INGREDIENTES – HARINA, AZÚCAR Y HUEVOS.","2. PRENDE GLI INGREDIENTI – FARINA, ZUCCHERO E UOVA.","2. IL PREND LES INGRÉDIENTS – FARINE, SUCRE ET ŒUFS.","2. ER NIMMT DIE ZUTATEN – MEHL, ZUCKER UND EIER.",2. 彼は材料（小麦粉、砂糖、卵）を取る。,2. かれはざいりょう（こむぎこ、さとう、たまご）をとる。,"2. KARE WA ZAIRYŌ (KOMUGIKO, SATŌ, TAMAGO) WO TORU."
28,3. HE MIXES THE DRY INGREDIENTS IN A BOWL.,3. ELE MISTURA OS INGREDIENTES SECOS EM UMA TIGELA.,3. MEZCLA LOS INGREDIENTES SECOS EN UN BOL.,3. MESCOLA GLI INGREDIENTI SECCHI IN UNA CIOTOLA.,3. IL MÉLANGE LES INGRÉDIENTS SECS DANS UN BOL.,3. ER MISCHT DIE TROCKENEN ZUTATEN IN EINER SCHÜSSEL.,3. 彼は乾いた材料をボウルで混ぜる。,3. かれはかわいたざいりょうをボウルでまぜる。,3. KARE WA KAWAITA ZAIRYŌ WO BŌRU DE MAZERU.
28,4. HE ADDS MILK AND BUTTER.,4. ELE ADICIONA LEITE E MANTEIGA.,4. AÑADE LECHE Y MANTEQUILLA.,4. AGGIUNGE LATTE E BURRO.,4. IL AJOUTE DU LAIT ET DU BEURRE.,4. ER FÜGT MILCH UND BUTTER HINZU.,4. 彼は牛乳とバターを加える。,4. かれはぎゅうにゅうとバターをくわえる。,4. KARE WA GYŪNYŪ TO BATĀ WO KUWAERU.
28,5. HE STIRS THE BATTER UNTIL SMOOTH.,5. ELE MEXE A MASSA ATÉ FICAR HOMOGÊNEA.,5. REMUEVE LA MASA HASTA QUE ESTÉ SUAVE.,5. MESCOLA L’IMPASTO FINCHÉ NON SIA LISCIO.,5. IL MÉLANGE LA PÂTE JUSQU’À CE QU’ELLE SOIT LISSE.,"5. ER RÜHRT DEN TEIG, BIS ER GLATT IST.",5. 彼は生地がなめらかになるまで混ぜる。,5. かれはきじがなめらかになるまでまぜる。,5. KARE WA KIJI GA NAMERAKA NI NARU MADE MAZERU.
28,6. HE POURS THE BATTER INTO A PAN.,6. ELE DESPEJA A MASSA EM UMA FORMA.,6. VIERTE LA MASA EN UN MOLDE.,6. VERSA L’IMPASTO IN UNA TEGLIA.,6. IL VERSE LA PÂTE DANS UN MOULE.,6. ER GIEßT DEN TEIG IN EINE FORM.,6. 彼は生地を型に入れる。,6. かれはきじをかたにいれる。,6. KARE WA KIJI WO KATA NI IRERU.
28,7. HE PLACES THE PAN IN THE OVEN.,7. ELE COLOCA A FORMA NO FORNO.,7. PONE EL MOLDE EN EL HORNO.,7. METTE LA TEGLIA NEL FORNO.,7. IL PLACE LE MOULE DANS LE FOUR.,7. ER STELLT DIE FORM IN DEN OFEN.,7. 彼は型をオーブンに入れる。,7. かれはかたをオーブンにいれる。,7. KARE WA KATA WO ŌBUN NI IRERU.
28,8. HE WAITS.,8. ELE ESPERA.,8. ESPERA.,8. ASPETTA.,8. IL ATTEND.,8. ER WARTET.,8. 彼は待つ。,8. かれはまつ。,8. KARE WA MATSU.
28,9. HE CHECKS THE CAKE WITH A TOOTHPICK.,9. ELE VERIFICA O BOLO COM UM PALITO.,9. REVISA EL PASTEL CON UN PALILLO.,9. CONTROLLA LA TORTA CON UNO STECCHINO.,9. IL VÉRIFIE LE GÂTEAU AVEC UN CURE-DENTS.,9. ER PRÜFT DEN KUCHEN MIT EINEM ZAHNSTOCHER.,9. 彼は爪楊枝でケーキを確認する。,9. かれはつまようじでケーキをかくにんする。,9. KARE WA TSUMAYŌJI DE KĒKI WO KAKUNIN SURU.
28,"10. HE TAKES THE CAKE OUT OF THE OVEN, PUTS IT ON THE COUNTER AND LETS IT COOL.","10. ELE RETIRA O BOLO DO FORNO, COLOCA NO BALCÃO E DEIXA ESFRIAR.","10. SACA EL PASTEL DEL HORNO, LO PONE EN LA ENCIMERA Y DEJA ENFRIAR.","10. TOGLIE LA TORTA DAL FORNO, LA METTE SUL BANCO E LA LASCIARA RAFFREDDARE.","10. IL SORT LE GÂTEAU DU FOUR, LE PLACE SUR LE COMPTOIR ET LE LAISSE REFROIDIR.","10. ER NIMMT DEN KUCHEN AUS DEM OFEN, STELLT IHN AUF DIE THEKE UND LÄSST IHN ABKÜHLEN.",10. 彼はケーキをオーブンから取り出し、カウンターに置いて冷ます。,10. かれはケーキをオーブンからとりだし、カウンターにおいてさます。,"10. KARE WA KĒKI WO ŌBUN KARA TORIDASHI, KAUNTĀ NI OITE SAMASU."
28,11. HE DECORATES THE CAKE WITH FROSTING.,11. ELE DECORA O BOLO COM COBERTURA.,11. DECORA EL PASTEL CON GLASEADO.,11. DECORA LA TORTA CON LA GLASSA.,11. IL DÉCORE LE GÂTEAU AVEC DU GLAÇAGE.,11. ER DEKORIERT DEN KUCHEN MIT FROSTING.,11. 彼はケーキにアイシングで飾り付ける。,11. かれはケーキにアイシングでかざりつける。,11. KARE WA KĒKI NI AISHINGU DE KAZARITSUKERU.
29,1. SHANIQUA GRABS HER PHONE.,1. SHANIQUA PEGA O CELULAR.,1. SHANIQUA TOMA SU TELÉFONO.,1. SHANIQUA PRENDE IL TELEFONO.,1. SHANIQUA PREND SON TÉLÉPHONE.,1. SHANIQUA NIMMT IHR HANDY.,1. シャニクアは電話を取る。,1. シャニクアはでんわをとる。,1. SHANIQUA WA DENWA WO TORU.
29,2. SHE OPENS THE CONTACT LIST.,2. ELA ABRE A LISTA DE CONTATOS.,2. ABRE LA LISTA DE CONTACTOS.,2. APRE LA RUBRICA.,2. ELLE OUVRE LA LISTE DE CONTACTS.,2. SIE ÖFFNET DIE KONTAKTLISTE.,2. 彼女は連絡先リストを開く。,2. かのじょはれんらくさクリストをひらく。,2. KANOJO WA RENRAKUSA LIST WO HIRAKU.
29,3. SHE SELECTS HER FRIEND'S NUMBER.,3. ELA SELECIONA O NÚMERO DO AMIGO.,3. SELECCIONA EL NÚMERO DE SU AMIGO.,3. SELEZIONA IL NUMERO DELL’AMICO.,3. ELLE SÉLECTIONNE LE NUMÉRO DE SON AMI.,3. SIE WÄHLT DIE NUMMER IHRES FREUNDES.,3. 彼女は友達の番号を選ぶ。,3. かのじょはともだちのばんごうをえらぶ。,3. KANOJO WA TOMODACHI NO BANGŌ WO ERABU.
29,4. SHE PRESSES THE CALL BUTTON.,4. ELA PRESSIONA O BOTÃO DE CHAMADA.,4. PRESIONA EL BOTÓN DE LLAMADA.,4. PREME IL PULSANTE DI CHIAMATA.,4. ELLE APPUIE SUR LE BOUTON D’APPEL.,4. SIE DRÜCKT DEN ANRUF-KNOPF.,4. 彼女は通話ボタンを押す。,4. かのじょはつうわボタンをおす。,4. KANOJO WA TSŪWA BOTAN WO OSU.
29,5. SHE WAITS FOR HER FRIEND TO ANSWER.,5. ELA ESPERA O AMIGO RESPONDER.,5. ESPERA QUE SU AMIGO RESPONDA.,5. ASPETTA CHE L’AMICO RISPONDA.,5. ELLE ATTEND QUE SON AMI RÉPONDE.,"5. SIE WARTET, BIS IHR FREUND ABHEBT.",5. 彼女は友達が出るのを待つ。,5. かのじょはともだちがでるのをまつ。,5. KANOJO WA TOMODACHI GA DERU NO WO MATSU.
29,6. SHE TALKS TO HER FRIEND.,6. ELA CONVERSA COM O AMIGO.,6. HABLA CON SU AMIGO.,6. PARLA CON L’AMICO.,6. ELLE PARLE À SON AMI.,6. SIE SPRICHT MIT IHREM FREUND.,6. 彼女は友達と話す。,6. かのじょはともだちとはなす。,6. KANOJO WA TOMODACHI TO HANASU.
29,7. SHE LAUGHS AND SHARES STORIES.,7. ELA RIE E COMPARTILHA HISTÓRIAS.,7. SE RÍE Y COMPARTE HISTORIAS.,7. RIDE E CONDIVIDE STORIE.,7. ELLE RIT ET PARTAGE DES HISTOIRES.,7. SIE LACHT UND TEILT GESCHICHTEN.,7. 彼女は笑って話を共有する。,7. かのじょはわらってはなしをきょうゆうする。,7. KANOJO WA WARATTE HANASHI WO KYŌYŪ SURU.
29,8. SHE SAYS GOODBYE.,8. ELA DIZ ADEUS.,8. DICE ADIÓS.,8. DICE ADDIO.,8. ELLE DIT AU REVOIR.,8. SIE SAGT AUF WIEDERSEHEN.,8. 彼女はさようならと言う。,8. かのじょはさようならという。,8. KANOJO WA SAYŌNARA TO IU.
29,9. SHE HANGS UP THE PHONE.,9. ELA DESLIGA O TELEFONE.,9. CUELGA EL TELÉFONO.,9. RIATTACCA IL TELEFONO.,9. ELLE RACCROCHE LE TÉLÉPHONE.,9. SIE LEGT DAS TELEFON AUF.,9. 彼女は電話を切る。,9. かのじょはでんわをきる。,9. KANOJO WA DENWA WO KIRU.
29,10. SHE SENDS A TEXT TO THANK HER FRIEND.,10. ELA ENVIA UMA MENSAGEM PARA AGRADECER AO AMIGO.,10. ENVÍA UN MENSAJE PARA AGRADECER A SU AMIGO.,10. INVIA UN MESSAGGIO PER RINGRAZIARE L’AMICO.,10. ELLE ENVOIE UN TEXTE POUR REMERCIER SON AMI.,"10. SIE SCHICKT EINE NACHRICHT, UM IHREM FREUND ZU DANKEN.",10. 彼女は友達に感謝のメッセージを送る。,10. かのじょはともだちにかんしゃのメッセージをおくる。,10. KANOJO WA TOMODACHI NI KANSHA NO MESSĒJI WO OKURU.
30,1. JEFFREY SEES HIS NEIGHBOR STRUGGLING WIH GROCERIES.,1. JEFFREY VÊ SEU VIZINHO LUTANDO COM AS COMPRAS.,1. JEFFREY VE A SU VECINO LUCHANDO CON LAS COMPRAS.,1. JEFFREY VE IL SUO VICINO LOTTARE CON LA SPESA.,1. JEFFREY VOIT SON VOISIN LUTTER AVEC LES COURSES.,1. JEFFREY SIEHT SEINEN NACHBAR MIT DEN EINKÄUFEN KÄMPFEN.,1. ジェフリーは隣人が買い物で苦労しているのを見ます。,1. ジェフリーはりんじんがかいものでくろうしているのをみます。,1. JEFFREY WA RINJIN GA KAIMONO DE KURŌ SHITE IRU NO WO MIMASU.
30,2. HE WALKS OVER TO OFFER HELP.,2. ELE CAMINHA PARA OFERECER AJUDA.,2. SE ACERCA PARA OFRECER AYUDA.,2. SI AVVICINA PER OFFRIRE AIUTO.,2. IL S’APPROCHE POUR OFFRIR SON AIDE.,"2. ER GEHT HIN, UM HILFE ANZUBIETEN.",2. 彼は手伝いを申し出るために歩み寄る。,2. かれはてつだいをもうしでるためにあゆみよる。,2. KARE WA TETSUDai WO MŌSHIDERU TAME NI AYUMIYORU.
30,3. HE GRABS A COUPLE BAGS.,3. ELE PEGA ALGUMAS SACOLAS.,3. TOMA UN PAR DE BOLSAS.,3. PRENDE UN PAIO DI BORSE.,3. IL PREND QUELQUES SACS.,3. ER NIMMT EIN PAAR TÜTEN.,3. 彼はいくつかの袋を取る。,3. かれはいくつかのふくろをとる。,3. KARE WA IKUTSUKA NO FUKURO WO TORU.
30,4. HE WALKS HIS NEIGHBOR TO HIS DOOR.,4. ELE ACOMPANHA O VIZINHO ATÉ SUA PORTA.,4. CAMINA CON SU VECINO HASTA SU PUERTA.,4. ACCOMPAGNA IL VICINO FINO ALLA SUA PORTA.,4. IL ACCOMPAGNE SON VOISIN JUSQU’À LA PORTE.,4. ER BEGLEITET SEINEN NACHBAR ZU SEINER TÜR.,4. 彼は隣人をドアまで案内する。,4. かれはりんじんをドアまであんないする。,4. KARE WA RINJIN WO DOA MADE ANNai SURU.
30,5. THEY TALK AND LAUGH.,5. ELES CONVERSAM E RÃO.,5. HABLAN Y SE RÍEN.,5. PARLANO E RIDONO.,5. ILS PARLENT ET RIENT.,5. SIE REDEN UND LACHEN.,5. 彼らは話して笑う。,5. かれらははなしてわらう。,5. KARERA WA HANASHITE WARAU.
30,6. HE HELPS UNLOAD THE BAGS.,6. ELE AJUDA A DESCARREGAR AS SACOLAS.,6. AYUDA A DESCARGAR LAS BOLSAS.,6. AIUTA A SCARICARE LE BORSE.,6. IL AIDE À DÉCHARGER LES SACS.,"6. ER HILFT, DIE TÜTEN AUSZURÄUMEN.",6. 彼は袋を降ろすのを手伝う。,6. かれはふくろをおろすのをてつだう。,6. KARE WA FUKURO WO OROSU NO WO TETSUDŪ.
30,7. HE ASKS HIS NEIGHBOR IF HE NEEDS MORE HELP.,7. ELE PERGUNTA AO VIZINHO SE PRECISA DE MAIS AJUDA.,7. LE PREGUNTA A SU VECINO SI NECESITA MÁS AYUDA.,7. CHIEDE AL VICINO SE NECESSITA ALTRO AIUTO.,7. IL DEMANDE À SON VOISIN S’IL A BESOIN DE PLUS D’AIDE.,"7. ER FRAGT SEINEN NACHBAR, OB ER MEHR HILFE BRAUCHT.",7. 彼は隣人にもっと手伝いが必要か尋ねる。,7. かれはりんじんにもっとてつだいがひつようかたずねる。,7. KARE WA RINJIN NI MOTTO TETSUDAI GA HITSUYŌ KA TAZUNERU.
30,8. HE TRIMS THE GRASS WITH THE WEED EATER.,8. ELE APARA A GRAMA COM O CORTADOR DE GRAMA.,8. RECORTA EL CÉSPED CON EL RECORTADOR.,8. TAGLIA L’ERBA CON IL TAGLIAERBA.,8. IL TAILLE LA PELOUSE AVEC LE COUPE-BORDURE.,8. ER SCHNEIDET DEN RASEN MIT DEM FREISCHNEIDER.,8. 彼は草刈り機で芝生を整える。,8. かれはくさかりきでしばふをととのえる。,8. KARE WA KUSAKARIKI DE SHIBAFU WO TOTONOERU.
30,9. HE MOWS THE LAWN WITH THE LAWN MOWER.,9. ELE CORTA A GRAMA COM O CORTADOR DE RELVA.,9. CORTA EL CÉSPED CON EL CORTACÉSPED.,9. TAGLIA L’ERBA CON IL RASAERBA.,9. IL TONDE LA PELOUSE AVEC LA TONDEUSE.,9. ER MÄHT DEN RASEN MIT DEM RASENMÄHER.,9. 彼は芝刈り機で芝生を刈る。,9. かれはしばかりきでしばふをかる。,9. KARE WA SHIBAKARIKI DE SHIBAFU WO KARU.
30,10. HE THANKS THE NEIGHBOR FOR THE OPPORTUNITY.,10. ELE AGRADECE AO VIZINHO PELA OPORTUNIDADE.,10. AGRADECE AL VECINO POR LA OPORTUNIDAD.,10. RINGRAZIA IL VICINO PER L’OPPORTUNITÀ.,10. IL REMERCIE SON VOISIN POUR L’OPPORTUNITÉ.,10. ER DANKT DEM NACHBAR FÜR DIE GELEGENHEIT.,10. 彼は隣人に感謝する。,10. かれはりんじんにかんしゃする。,10. KARE WA RINJIN NI KANSHA SURU.
30,11. THEY SAY GOODBYE.,11. ELES SE DIZEM ADEUS.,11. SE DICEN ADIÓS.,11. SI DICONO ARRIVEDERCI.,11. ILS SE DISENT AU REVOIR.,11. SIE SAGEN AUF WIEDERSEHEN.,11. 彼らはさようならを言う。,11. かれらはさようならをいう。,11. KARERA WA SAYŌNARA WO IU.
31,1. MARK SITS ON THE COUCH.,1. MARK SE SENTA NO SOFÁ.,1. MARK SE SIENTA EN EL SOFÁ.,1. MARK SI SIEDE SUL DIVANO.,1. MARK S’ASSOIT SUR LE CANAPÉ.,1. MARK SETZT SICH AUF DAS SOFA.,1. マークはソファに座る。,1. マークはソファにすわる。,1. MĀKU WA SOFA NI SUWARU.
31,2. HE TURNS ON THE TV. A GAME IS ON.,2. ELE LIGA A TV. HÁ UM JOGO.,2. ENCIENDE LA TV. HAY UN JUEGO.,2. ACCENDE LA TV. C’È UNA PARTITA.,2. IL ALLUME LA TV. IL Y A UN JEU.,2. ER SCHALTE DEN FERNSEHER EIN. EIN SPIEL LÄUFT.,2. 彼はテレビをつける。試合がある。,2. かれはテレビをつける。しあいがある。,2. KARE WA TEREBI WO TSUKERU. SHIAI GA ARU.
31,3. HE EATS CHIPS AND DRINKS TEA.,3. ELE COME BATATAS FRITAS E BEBE CHÁ.,3. COME PATATAS FRITAS Y BEBE TÉ.,3. MANGIA PATATINE E BEVE TÈ.,3. IL MANGE DES FRITES ET BOIT DU THÉ.,3. ER ISST CHIPS UND TRINKT TEE.,3. 彼はポテトチップスを食べてお茶を飲む。,3. かれはポテトチップスをたべておちゃをのむ。,3. KARE WA POTETO CHIPPUSU WO TABETE OCHA WO NOMU.
31,4. HIS TEAM SCORES.,4. SEU TIME MARCA.,4. SU EQUIPO ANOTA.,4. LA SUA SQUADRA SEGNA.,4. SON ÉQUIPE MARQUE.,4. SEIN TEAM ERZIELT EIN TOR.,4. 彼のチームが得点する。,4. かれのチームがとくてんする。,4. KARE NO CHĪMU GA TOKUTEN SURU.
31,5. THE OTHER TEAM SCORES.,5. O OUTRO TIME MARCA.,5. EL OTRO EQUIPO ANOTA.,5. L’ALTRA SQUADRA SEGNA.,5. L’AUTRE ÉQUIPE MARQUE.,5. DAS ANDERE TEAM ERZIELT EIN TOR.,5. 相手チームも得点する。,5. あいてチームもとくてんする。,5. AITE CHĪMU MO TOKUTEN SURU.
31,6. THE GAME ENDS. IT'S A TIE.,6. O JOGO ACABA. EMPATE.,6. EL JUEGO TERMINA. EMPATE.,6. LA PARTITA FINISCE. PAREGGIO.,6. LE MATCH SE TERMINE. ÉGALITÉ.,6. DAS SPIEL ENDET. UNENTSCHIEDEN.,6. 試合は終わる。引き分け。,6. しあいはおわる。ひきわけ。,6. SHIAI WA OWARU. HIKIWAKE.
31,7. MARK SAYS - THAT WAS A GREAT GAME.,7. MARK DIZ – FOI UM ÓTIMO JOGO.,7. MARK DICE – FUE UN GRAN JUEGO.,7. MARK DICE – È STATA UNA GRAN PARTITA.,7. MARK DIT – C’ÉTAIT UN SUPER MATCH.,7. MARK SAGT – DAS WAR EIN TOLLES SPIEL.,7. マークは言う – すばらしい試合だった。,7. マークはいう – すばらしいしあいだった。,7. MĀKU WA IU – SUBARASHĪ SHIAI DATTA.
32,1. JACQUELINE GRABS THE HOSE.,1. JACQUELINE PEGA A MANGUEIRA.,1. JACQUELINE TOMA LA MANGUERA.,1. JACQUELINE PRENDE IL TUBO.,1. JACQUELINE PREND LE TUYAU.,1. JACQUELINE NIMMT DEN SCHLAUCH.,1. ジャクリーンはホースを取る。,1. ジャクリーンはホースをとる。,1. JAKURĪN WA HŌSU WO TORU.
32,2. SHE TURNS ON THE FAUCET.,2. ELA LIGA A TORNEIRA.,2. ELLA ABRE EL GRIFO.,2. LE APRE IL RUBINETTO.,2. ELLE OUVRE LE ROBINET.,2. SIE DREHT DEN WASSERHAHN AUF.,2. 彼女は蛇口をひねる。,2. かのじょはじゃぐちをひねる。,2. KANOJO WA JAGUCHI WO HINERU.
32,3. WATER COMES OUT OF THE HOSE.,3. A ÁGUA SAI DA MANGUEIRA.,3. EL AGUA SALE DE LA MANGUERA.,3. L’ACQUA ESCE DAL TUBO.,3. L’EAU SORT DU TUYAU.,3. DAS WASSER KOMMT AUS DEM SCHLAUCH.,3. ホースから水が出る。,3. ホースからみずがでる。,3. HŌSU KARA MIZU GA DERU.
32,4. SHE SPRAYS THE CAR WITH THE HOSE.,4. ELA BASTE O CARRO COM A MANGUEIRA.,4. ELLA ROCEA EL COCHE CON LA MANGUERA.,4. LE SPRUZZA IL MACCHINA CON IL TUBO.,4. ELLE ARROSE LA VOITURE AVEC LE TUYAU.,4. SIE SPRÜHT DAS AUTO MIT DEM SCHLAUCH AB.,4. 彼女はホースで車に水をかける。,4. かのじょはホースでくるまにみずをかける。,4. KANOJO WA HŌSU DE KURUMA NI MIZU WO KAKERU.
32,5. SHE PUTS SOAP ON THE CAR AND SCRUBS IT WITH A SPONGE.,5. ELA PASSA SABÃO NO CARRO E ESCOVA COM UMA ESPONJA.,5. ELLA PONE JABÓN EN EL COCHE Y LO FROTA CON UNA ESPONJA.,5. METTE IL SAPONE SULLA MACCHINA E LA STROFINA CON UNA SPUGNA.,5. ELLE MET DU SAVON SUR LA VOITURE ET LA FROTTE AVEC UNE ÉPONGE.,5. SIE SCHMIERT SEIFE AUF DAS AUTO UND BÜRSTET ES MIT EINEM SCHWAMM.,5. 彼女は車に石鹸を塗り、スポンジでこする。,5. かのじょはくるまにせっけんをぬり、スポンジでこする。,"5. KANOJO WA KURUMA NI SEKKEN WO NURI, SUPONJI DE KOSURU."
32,6. SHE RINSES THE CAR WITH THE HOSE.,6. ELA ENXÁGUA O CARRO COM A MANGUEIRA.,6. ELLA ENJUAGA EL COCHE CON LA MANGUERA.,6. SCIAQUA LA MACCHINA CON IL TUBO.,6. ELLE RINCE LA VOITURE AVEC LE TUYAU.,6. SIE SPÜLT DAS AUTO MIT DEM SCHLAUCH AB.,6. 彼女はホースで車を洗い流す。,6. かのじょはホースでくるまをあらいながす。,6. KANOJO WA HŌSU DE KURUMA WO ARAINAGASU.
32,7. SHE DRIES THE CAR WITH THE TOWEL.,7. ELA SECA O CARRO COM A TOALHA.,7. ELLA SECA EL COCHE CON LA TOALLA.,7. ASCIUGA LA MACCHINA CON L’ASCIUGAMANO.,7. ELLE SÈCHE LA VOITURE AVEC LA SERVIETTE.,7. SIE TROCKNET DAS AUTO MIT DEM HANDTUCH.,7. 彼女はタオルで車を拭く。,7. かのじょはタオルでくるまをふく。,7. KANOJO WA TAORU DE KURUMA WO FUKU.
32,8. SHE PUTS AWAY THE HOSE.,8. ELA GUARDA A MANGUEIRA.,8. ELLA GUARDA LA MANGUERA.,8. RIPONE IL TUBO.,8. ELLE RANGE LE TUYAU.,8. SIE LEGT DEN SCHLAUCH WEG.,8. 彼女はホースを片付ける。,8. かのじょはホースをかたづける。,8. KANOJO WA HŌSU WO KATAZUKERU.
32,"9. SHE ADMIRES THE CLEAN, SPARKLING CAR.",9. ELA ADMIRA O CARRO LIMPO E BRILHANTE.,9. ELLA ADMIRA EL COCHE LIMPIO Y BRILLANTE.,9. AMMIRA LA MACCHINA PULITA E LUCENTE.,9. ELLE ADMIRE LA VOITURE PROPRE ET ÉTINCELANTE.,"9. SIE BEWUNDERT DAS SAUBERE, GLÄNZENDE AUTO.",9. 彼女はきれいでピカピカの車を眺める。,9. かのじょはきれいでピカピカのくるまをながめる。,9. KANOJO WA KIREI DE PIKAPIKA NO KURUMA WO NAGAMERU.
33,1. HE SCHEDULES AN APPOINTMENT.,1. ELE MARCA UMA CONSULTA.,1. ÉL PIDE UNA CITA.,1. PRENOTA UN APPUNTAMENTO.,1. IL PREND UN RENDEZ-VOUS.,1. ER VEREINBART EINEN TERMIN.,1. 彼は予約をする。,1. かれはよやくをする。,1. KARE WA YOYAKU WO SURU.
33,2. HE ARRIVES AT THE DENTIST'S OFFICE.,2. ELE CHEGA AO CONSULTÓRIO DO DENTISTA.,2. LLEGA AL CONSULTORIO DEL DENTISTA.,2. ARRIVA DAL DENTISTA.,2. IL ARRIVE CHEZ LE DENTISTE.,2. ER KOMMT ZUM ZAHNARZTPRAXIS.,2. 彼は歯医者に到着する。,2. かれははいしゃにとうちゃくする。,2. KARE WA HAISHA NI TŌCHAKU SURU.
33,3. HE FILLS OUT SOME FORMS.,3. ELE PREENCHA ALGUNS FORMULÁRIOS.,3. LLENA ALGUNOS FORMULARIOS.,3. COMPILA ALCUNI MODULI.,3. IL REMPLIT DES FORMULAIRES.,3. ER FÜLLT EINIGE FORMULARE AUS.,3. 彼はいくつかの用紙に記入する。,3. かれはいくつかのようしにきにゅうする。,3. KARE WA IKUTSUKA NO YŌSHI NI KINYŪ SURU.
33,4. HE WAITS FOR HIS TURN.,4. ELE ESPERA A SUA VEZ.,4. ESPERA SU TURNO.,4. ASPETTA IL SUO TURNO.,4. IL ATTEND SON TOUR.,4. ER WARTET AUF SEINE REIHE.,4. 彼は順番を待つ。,4. かれはじゅんばんをまつ。,4. KARE WA JUNBAN WO MATSU.
33,5. THE DENTIST CALLS HIM IN.,5. O DENTISTA CHAMA-O.,5. EL DENTISTA LO LLAMA.,5. IL DENTISTA LO CHIAMA.,5. LE DENTISTE L’APPELLE.,5. DER ZAHNARZT RUFT IHN.,5. 歯医者が呼ぶ。,5. はいしゃがよぶ。,5. HAISHA GA YOBU.
33,6. HE SITS IN THE DENTIST'S CHAIR.,6. ELE SE SENTA NA CADEIRA DO DENTISTA.,6. SE SIENTA EN LA SILLA DEL DENTISTA.,6. SI SIEDE SULLA POLTRONA DEL DENTISTA.,6. IL S’ASSOIT SUR LE FAUTEUIL DU DENTISTE.,6. ER SETZT SICH AUF DEN ZAHNARZTSTUHL.,6. 彼は歯医者の椅子に座る。,6. かれははいしゃのいすにすわる。,6. KARE WA HAISHA NO ISU NI SUWARU.
33,7. THE DENTIST EXAMINES HIS TEETH.,7. O DENTISTA EXAMINA SEUS DENTES.,7. EL DENTISTA EXAMINA SUS DIENTES.,7. IL DENTISTA ESAMINA I SUOI DENTI.,7. LE DENTISTE EXAMINE SES DENTS.,7. DER ZAHNARZT UNTERSUCHT SEINE ZÄHNE.,7. 歯医者が歯を診察する。,7. はいしゃがはをしんさつする。,7. HAISHA GA HA WO SHINSATSU SURU.
33,8. THE DENTIST CLEANS HIS TEETH.,8. O DENTISTA LIMPA SEUS DENTES.,8. EL DENTISTA LIMPIA SUS DIENTES.,8. IL DENTISTA PULISCE I SUOI DENTI.,8. LE DENTISTE NETTOIE SES DENTS.,8. DER ZAHNARZT REINIGT SEINE ZÄHNE.,8. 歯医者が歯をクリーニングする。,8. はいしゃがはをクリーニングする。,8. HAISHA GA HA WO KURĪNINGU SURU.
33,9. HE FINISHES THE APPOINTMENT AND LEAVES.,9. ELE TERMINA A CONSULTA E SAI.,9. TERMINA LA CITA Y SE VA.,9. TERMINA L’APPUNTAMENTO E SE NE VA.,9. IL TERMINE LE RENDEZ-VOUS ET PART.,9. ER BEENDET DEN TERMIN UND GEHT.,9. 彼は診察を終えて帰る。,9. かれはしんさつをおえてかえる。,9. KARE WA SHINSATSU WO OETE KAERU.
34,1. JACK HEARS HIS DOG BARKING.,1. JACK OUVE SEU CACHORRO LATIR.,1. JACK ESCUCHA A SU PERRO LADRAR.,1. JACK SENTE IL SUO CANE ABBAIARE.,1. JACK ENTEND SON CHIEN ABOYER.,1. JACK HÖRT SEINEN HUND BELLEN.,1. ジャックは犬の吠える声を聞く。,1. ジャックはいぬのほえるこえをきく。,1. JAKKU WA INU NO HOERU KOE WO KIKU.
34,2. THE DOG BARKS AGAIN.,2. O CACHORRO LATE NOVAMENTE.,2. EL PERRO LADRA OTRA VEZ.,2. IL CANE ABBAIA DI NUOVO.,2. LE CHIEN ABOIE ENCORE.,2. DER HUND BELLT NOCHMAL.,2. 犬がまた吠える。,2. いぬがまたほえる。,2. INU GA MATA HOERU.
34,3. HE GOES TO THE KITCHEN.,3. ELE VAI PARA A COZINHA.,3. ÉL VA A LA COCINA.,3. VA IN CUCINA.,3. IL VA À LA CUISINE.,3. ER GEHT IN DIE KÜCHE.,3. 彼はキッチンに行く。,3. かれはキッチンにいく。,3. KARE WA KITCHIN NI IKU.
34,4. HE TAKES THE DOG FOOD OUT OF THE CUPBOARD.,4. ELE PEGA A RAÇÃO DO CACHORRO NO ARMÁRIO.,4. SACA LA COMIDA DEL PERRO DEL ARMARIO.,4. PRENDE IL CIBO PER CANI DAL MOBILE.,4. IL PREND LA NOURRITURE DU CHIEN DANS LE PLACARD.,4. ER NEHMT DAS HUNDEFUTTER AUS DEM SCHRANK.,4. 彼は棚から犬の餌を取り出す。,4. かれはたなからいぬのえさをとりだす。,4. KARE WA TANA KARA INU NO ESA WO TORIDASU.
34,5. HE OPENS THE BAG OF DOG FOOD.,5. ELE ABRE O SACO DE RAÇÃO.,5. ABRE LA BOLSA DE COMIDA DEL PERRO.,5. APRE IL SACCHETTO DI CIBO PER CANI.,5. IL OUVRE LE SAC DE NOURRITURE POUR CHIEN.,5. ER ÖFFNET DEN HUNDEFUTTERSACK.,5. 彼は犬の餌の袋を開ける。,5. かれはいぬのえさのふくろをあける。,5. KARE WA INU NO ESA NO FUKURO WO AKERU.
34,6. HE POURS THE FOOD INTO THE BOWL.,6. ELE COLOCA A RAÇÃO NA TIGELA.,6. ECHA LA COMIDA EN EL PLATO.,6. VERSA IL CIBO NELLA CIOTOLA.,6. IL VERS LA NOURRITURE DANS LE BOL.,6. ER FÜLLT DAS FUTTER IN DEN NAPF.,6. 彼は餌をボウルに入れる。,6. かれはえさをボウルにいれる。,6. KARE WA ESA WO BŌRU NI IRERU.
34,7. THE DOG STARTS EATING.,7. O CACHORRO COME.,7. EL PERRO EMPIEZA A COMER.,7. IL CANE INIZIA A MANGIARE.,7. LE CHIEN COMMENCE À MANGER.,7. DER HUND BEGINNT ZU ESSEN.,7. 犬が食べ始める。,7. いぬがたべはじめる。,7. INU GA TABEHAJIMERU.
34,8. JACK FILLS THE WATER BOWL.,8. JACK ENCHE A TIGELA DE ÁGUA.,8. JACK LLENA EL PLATO DE AGUA.,8. JACK RIEMPIE LA CIOTOLA D’ACQUA.,8. JACK REMPLIT LE BOL D’EAU.,8. JACK FÜLLT DEN WASSERNAPF.,8. ジャックは水のボウルを満たす。,8. ジャックはみずのボウルをみたす。,8. JAKKU WA MIZU NO BŌRU WO MITASU.
34,9. HE WATCHES THE DOG EAT.,9. ELE OBSERVA O CACHORRO COMER.,9. OBSERVA AL PERRO COMER.,9. OSSERVA IL CANE MANGIARE.,9. IL REGARDE LE CHIEN MANGER.,"9. ER SIEHT ZU, WIE DER HUND FRISST.",9. 彼は犬が食べるのを見守る。,9. かれはいぬがたべるのをみまもる。,9. KARE WA INU GA TABERU NO WO MIMAMORU.
34,10. HE PICKS UP THE EMPTY BOWL OF WATER WHEN THE DOG FINISHES.,10. ELE PEGA A TIGELA DE ÁGUA VAZIA QUANDO O CACHORRO TERMINA.,10. TOMA EL PLATO DE AGUA VACÍO CUANDO EL PERRO TERMINA.,10. PRENDE LA CIOTOLA D’ACQUA VUOTA QUANDO IL CANE FINISCE.,10. IL PREND LE BOL D’EAU VIDE LORSQUE LE CHIEN A FINI.,"10. ER NIMMT DEN LEEREN WASSERNAPF, WENN DER HUND FERTIG IST.",10. 犬が食べ終わったら、水のボウルを取る。,10. いぬがたべおわったら、みずのボウルをとる。,"10. INU GA TABEOWATTARA, MIZU NO BŌRU WO TORU."
35,"1. SARAH GETS OUT EGGS, BREAD, AND BUTTER.","1. SARAH PEGA OVOS, PÃO E MANTEIGA.","1. SARAH TOMA HUEVOS, PAN Y MANTEQUILLA.","1. SARAH PRENDE UOVA, PANE E BURRO.","1. SARAH PREND DES ŒUFS, DU PAIN ET DU BEURRE.","1. SARAH NIMMT EIER, BROT UND BUTTER.",1. サラは卵、パン、バターを取る。,1. サラはたまご、パン、バターをとる。,"1. SARA WA TAMAGO, PAN, BATĀ WO TORU."
35,2. SHE HEATS THE PAN ON THE STOVE.,2. ELA AQUECE A FRIGIDEIRA NO FOGÃO.,2. ELLA CALIENTA LA SARTÉN EN LA ESTUFA.,2. SCALDA LA PADIELLA SUL FORNELLO.,2. ELLE CHAUFFE LA POÊLE SUR LA CUISINIÈRE.,2. SIE ERHITZT DIE PFANNE AUF DEM HERD.,2. 彼女はコンロでフライパンを温める。,2. かのじょはコンロでフライパンをあたためる。,2. KANOJO WA KONRO DE FURAIPAN WO ATATAMERU.
35,3. SHE CRACKS AN EGG INTO THE PAN.,3. ELA QUEBRA UM OVO NA FRIGIDEIRA.,3. ROMPE UN HUEVO EN LA SARTÉN.,3. ROMPE UN UOVO NELLA PADIELLA.,3. ELLE CASSE UN ŒUF DANS LA POÊLE.,3. SIE SCHLÄGT EIN EI IN DIE PFANNE.,3. 彼女はフライパンに卵を割る。,3. かのじょはフライパンにたまごをわる。,3. KANOJO WA FURAIPAN NI TAMAGO WO WARU.
35,4. SHE FRIES THE EGG.,4. ELA FRIGE O OVO.,4. FRÍE EL HUEVO.,4. FRIGGE L’UOVO.,4. ELLE FRIT L’ŒUF.,4. SIE BRÄT DAS EI.,4. 彼女は卵を焼く。,4. かのじょはたまごをやく。,4. KANOJO WA TAMAGO WO YAKU.
35,5. SHE TOASTS THE BREAD.,5. ELA TORRA O PÃO.,5. TUESTA EL PAN.,5. TOSTA IL PANE.,5. ELLE GRILLE LE PAIN.,5. SIE TOASTET DAS BROT.,5. 彼女はパンをトーストする。,5. かのじょはパンをトーストする。,5. KANOJO WA PAN WO TŌSUTO SURU.
35,6. SHE SPREADS BUTTER ON THE TOAST.,6. ELA PASSA MANTEIGA NO PÃO.,6. UNTA MANTEQUILLA EN EL PAN.,6. SPALMA IL BURRO SUL PANE.,6. ELLE MET DU BEURRE SUR LE PAIN.,6. SIE STREICHT BUTTER AUF DAS BROT.,6. 彼女はパンにバターを塗る。,6. かのじょはパンにバターをぬる。,6. KANOJO WA PAN NI BATĀ WO NURU.
35,7. SHE PLACES THE EGG ON THE TOAST.,7. ELA COLOCA O OVO NO PÃO.,7. PONE EL HUEVO EN EL PAN.,7. METTE L’UOVO SUL PANE.,7. ELLE MET L’ŒUF SUR LE PAIN.,7. SIE LEGT DAS EI AUF DAS BROT.,7. 彼女は卵をパンに置く。,7. かのじょはたまごをパンにおく。,7. KANOJO WA TAMAGO WO PAN NI OKU.
35,8. SHE PUTS THE PLATE ON THE TABLE.,8. ELA COLOCA O PRATO NA MESA.,8. PONE EL PLATO EN LA MESA.,8. METTE IL PIATTO SUL TAVOLO.,8. ELLE POSE L’ASSIETTE SUR LA TABLE.,8. SIE STELLT DEN TELLER AUF DEN TISCH.,8. 彼女は皿をテーブルに置く。,8. かのじょはさらをテーブルにおく。,8. KANOJO WA SARA WO TĒBURU NI OKU.
35,9. SHE SITS DOWN TO EAT.,9. ELA SE SENTA PARA COMER.,9. SE SIENTA A COMER.,9. SI SIEDE PER MANGIARE.,9. ELLE S’ASSOIT POUR MANGER.,9. SIE SETZT SICH ZUM ESSEN.,9. 彼女は座って食べる。,9. かのじょはすわってたべる。,9. KANOJO WA SUWATTE TABERU.
35,10. SHE DRINKS COFFEE.,10. ELA BEBE CAFÉ.,10. ELLA BEBE CAFÉ.,10. BEVE IL CAFFÈ.,10. ELLE BOIT DU CAFÉ.,10. SIE TRINKT KAFFEE.,10. 彼女はコーヒーを飲む。,10. かのじょはコーヒーをのむ。,10. KANOJO WA KŌHĪ WO NOMU.
35,11. SHE FINISHES EATING. SHE IS SATISFIED.,11. ELA TERMINA DE COMER. ELA ESTÁ SATISFEITA.,11. TERMINA DE COMER. ESTÁ SATISFECHA.,11. FINISCE DI MANGIARE. È SODDISFATTA.,11. ELLE FINIT DE MANGER. ELLE EST SATISFAITE.,11. SIE IST FERTIG MIT ESSEN. SIE IST ZUFRIEDEN.,11. 彼女は食事を終える。彼女は満足している。,11. かのじょはしょくじをおえる。かのじょはまんぞくしている。,11. KANOJO WA SHOKUJI O OERU. KANOJO WA MANZOKU SHITE IRU.
36,"1. MATTHEW GRABS LETTUCE, TOMATOES, AND CUCUMBERS.","1. MATTHEW PEGA ALFACE, TOMATES E PEPINOS.","1. MATTHEW TOMA LECHUGA, TOMATES Y PEPINOS.","1. MATTHEW PRENDE LATTUGA, POMODORI E CETRIOLI.","1. MATTHEW PREND DE LA LAITUE, DES TOMATES ET DES CONCOMBRES.","1. MATTHEW NIMMT SALAT, TOMATEN UND GURKEN.",1. マシューはレタス、トマト、キュウリを取る。,1. マシューはレタス、トマト、キュウリをとる。,"1. MASHŪ WA RETASU, TOMATO, KYŪRI WO TORU."
36,2. HE WASHES THE LETTUCE.,2. ELE LAVA A ALFACE.,2. LAVA LA LECHUGA.,2. LAVA LA LATTUGA.,2. IL LAVE LA LAITUE.,2. ER WÄSCHT DEN SALAT.,2. 彼はレタスを洗う。,2. かれはレタスをあらう。,2. KARE WA RETASU WO ARAU.
36,3. HE GRABS MORE LETTUCE AND ANOTHER TOMATO.,3. ELE PEGA MAIS ALFACE E OUTRO TOMATE.,3. TOMA MÁS LECHUGA Y OTRO TOMATE.,3. PRENDE ALTRO LATTUGA E UN ALTRO POMODORO.,3. IL PREND PLUS DE LAITUE ET UNE AUTRE TOMATE.,3. ER NIMMT MEHR SALAT UND EINE ANDERE TOMATE.,3. 彼はさらにレタスと別のトマトを取る。,3. かれはさらにレタスとべつのトマトをとる。,3. KARE WA SARANI RETASU TO BETSU NO TOMATO WO TORU.
36,4. HE CUTS THE TOMATOES.,4. ELE CORTA OS TOMATES.,4. CORTA LOS TOMATES.,4. TAGLIA I POMODORI.,4. IL COUPE LES TOMATES.,4. ER SCHNEIDET DIE TOMATEN.,4. 彼はトマトを切る。,4. かれはトマトをきる。,4. KARE WA TOMATO WO KIRU.
36,5. HE SLICES THE CUCUMBERS.,5. ELE FATIAR OS PEPINOS.,5. CORTA LOS PEPINOS EN RODAJAS.,5. AFFETTA I CETRIOLI.,5. IL TRANÇE LES CONCOMBRES.,5. ER SCHNEIDET DIE GURKEN IN SCHEIBEN.,5. 彼はキュウリをスライスする。,5. かれはキュウリをスライスする。,5. KARE WA KYŪRI WO SURAISU SURU.
36,6. HE ADDS DRESSING TO THE SALAD.,6. ELE ADICIONA MOLHO À SALADA.,6. AGREGA ADEREZO A LA ENSALADA.,6. AGGIUNGE IL CONDIMENTO ALL’INSALATA.,6. IL AJOUTE DE LA SAUCE À LA SALADE.,6. ER FÜGT DRESSING ZUM SALAT HINZU.,6. 彼はサラダにドレッシングを加える。,6. かれはサラダにドレッシングをくわえる。,6. KARE WA SARADA NI DORESSHINGU WO KUWAERU.
36,7. HE MIXES THE INGREDIENTS IN A BOWL.,7. ELE MISTURA OS INGREDIENTES EM UMA TIGELA.,7. MEZCLA LOS INGREDIENTES EN UN BOL.,7. MESCOLA GLI INGREDIENTI IN UNA CIOTOLA.,7. IL MÉLANGE LES INGRÉDIENTS DANS UN BOL.,7. ER MISCHT DIE ZUTATEN IN EINER SCHÜSSEL.,7. 彼は材料をボウルで混ぜる。,7. かれはざいりょうをボウルでまぜる。,7. KARE WA ZAIRYŌ WO BŌRU DE MAZERU.
36,8. HE TOSSES THE SALAD.,8. ELE MEXE A SALADA.,8. REMUEVE LA ENSALADA.,8. LANCIA L’INSALATA.,8. IL REMUE LA SALADE.,8. ER WURFELT DEN SALAT.,8. 彼はサラダを混ぜる。,8. かれはサラダをまぜる。,8. KARE WA SARADA WO MAZERU.
36,9. HE SERVES THE SALAD.,9. ELE SERVE A SALADA.,9. SIRVE LA ENSALADA.,9. SERVE L’INSALATA.,9. IL SERT LA SALADE.,9. ER SERVIERT DEN SALAT.,9. 彼はサラダを出す。,9. かれはサラダをだす。,9. KARE WA SARADA WO DASU.
36,10. HE GRABS A FORK.,10. ELE PEGA UM GARFO.,10. TOMA UN TENEDOR.,10. PRENDE UNA FORCHETTA.,10. IL PREND UNE FOURCHETTE.,10. ER NIMMT EINE GABEL.,10. 彼はフォークを取る。,10. かれはフォークをとる。,10. KARE WA FŌKU WO TORU.
36,11. HE STARTS EATING.,11. ELE COMEÇA A COMER.,11. EMPIEZA A COMER.,11. INIZIA A MANGIARE.,11. IL COMMENCE À MANGER.,11. ER BEGINNT ZU ESSEN.,11. 彼は食べ始める。,11. かれはたべはじめる。,11. KARE WA TABEHAJIMERU.
