STORY,en,pt,es,it,fr,de,ja,HIRAGANA,ROMAJI,nl
1,1. PABLO WAKES UP.,1. PABLO ACORDA.,1. PABLO SE DESPIERTA.,1. PABLO SI SVEGLIA.,1. PABLO SE RÉVEILLE.,1. PABLO WACHT AUF.,1. パブロが起きます。,1. ぱぶろが起きます。,1. PABURO GA OKIMASU.,1. PABLO WORDT WAKKER.
1,2. HE PICKS UP HIS TOOTHBRUSH.,2. ELE PEGA SUA ESCOVA DE DENTES.,2. ÉL TOMA SU CEPILLO DE DIENTES.,2. LUI PRENDE LO SPAZZOLINO.,2. IL PREND SA BROSSE À DENTS.,2. ER NIMMT SEINE ZAHNBÜRSTE.,2. 彼はハブラシを取ります。,2. かれはハブラシをとります。,2. KARE WA HABURASHI O TORIMASU.,2. HIJ PAKT ZIJN TANDENBORSTEL.
1,3. HE SQUEEZES TOOTHPASTE ON THE TOOTHBRUSH.,3. ELE ESPREME PASTA DE DENTES NA ESCOVA.,3. ÉL EXPRIME PASTA DE DIENTES EN EL CEPILLO.,3. LUI SPREME IL DENTIFRICIO SULLO SPAZZOLINO.,3. IL PRESSE DU DENTIFRICE SUR LA BROSSE.,3. ER DRÜCKT ZAHNPASTA AUF DIE BÜRSTE.,3. 彼はハブラシにはみがきこを出します。,3. かれはハブラシにはみがきこをだします。,3. KARE WA HABURASHI NI HAMIGAKIKO O DASHIMASU.,3. HIJ DOET TANDPASTA OP DE BORSTEL.
1,4. HE BRUSHES HIS TEETH.,4. ELE ESCOVA OS DENTES.,4. ÉL SE CEPILLA LOS DIENTES.,4. LUI SI LAVA I DENTI.,4. IL SE BROSSE LES DENTS.,4. ER PUTZT SICH DIE ZÄHNE.,4. 彼は歯を磨きます。,4. かれははをみがきます。,4. KARE WA HA O MIGAKIMASU.,4. HIJ POETST ZIJN TANDEN.
1,5. HE RINSES HIS MOUTH WITH WATER.,5. ELE ENXAGUA A BOCA COM ÁGUA.,5. ÉL SE ENJUAGA LA BOCA CON AGUA.,5. LUI SCIACQUA LA BOCCA CON ACQUA.,5. IL SE RINCE LA BOUCHE AVEC DE L’EAU.,5. ER SPÜLT SEINEN MUND MIT WASSER.,5. 彼は口を水でゆすぎます。,5. かれはくちをみずでゆすぎます。,5. KARE WA KUCHI O MIZU DE YUSUGIMASU.,5. HIJ SPOELT ZIJN MOND MET WATER.
1,6. HE RINSES THE TOOTHBRUSH.,6. ELE ENXAGUA A ESCOVA DE DENTES.,6. ÉL ENJUAGA EL CEPILLO DE DIENTES.,6. LUI SCIACQUA LO SPAZZOLINO.,6. IL RINCE LA BROSSE À DENTS.,6. ER SPÜLT DIE ZAHNBÜRSTE.,6. 彼はハブラシをゆすぎます。,6. かれはハブラシをゆすぎます。,6. KARE WA HABURASHI O YUSUGIMASU.,6. HIJ SPOELT DE BORSTEL.
1,7. HE PUTS THE TOOTHBRUSH IN THE HOLDER.,7. ELE COLOCA A ESCOVA NO SUPORTE.,7. ÉL PONE EL CEPILLO EN EL SOPORTE.,7. LUI METTE LO SPAZZOLINO NEL PORTASPONZ.,7. IL MET LA BROSSE DANS LE PORTE-BROSSE.,7. ER STELLT DIE ZAHNBÜRSTE IN DEN HALTER.,7. 彼はハブラシをホルダーに置きます。,7. かれはハブラシをホルダーにおきます。,7. KARE WA HABURASHI O HORUDĀ NI OKIMASU.,7. HIJ ZET DE BORSTEL IN DE HOUDER.
1,8. HE DRIES HIS HANDS WITH A TOWEL.,8. ELE SECA AS MÃOS COM UMA TOALHA.,8. ÉL SE SECA LAS MANOS CON UNA TOALLA.,8. LUI SI ASCIUGA LE MANI CON UN ASCIUGAMANO.,8. IL SE SÈCHE LES MAINS AVEC UNE SERVIETTE.,8. ER TROCKNET SEINE HÄNDE MIT EINEM HANDTUCH.,8. 彼はタオルで手を乾かします。,8. かれはタオルでてをかわかします。,8. KARE WA TAORU DE TE O KAWAKASHIMASU.,8. HIJ DROOGT ZIJN HANDEN MET DE HANDDOEK.
1,9. HE SMILES IN THE MIRROR.,9. ELE SORRI NO ESPELHO.,9. ÉL SONRÍE EN EL ESPEJO.,9. LUI SORRIDE ALLO SPECCHIO.,9. IL SOURIT DANS LE MIROIR.,9. ER LÄCHELT IM SPIEGEL.,9. 彼は鏡に笑います。,9. かれはかがみにわらいます。,9. KARE WA KAGAMI NI WARAIMASU.,9. HIJ LACHT IN DE SPIEGEL.
2,1. HE IS JOHN.,1. ELE É JOHN.,1. ÉL ES JOHN.,1. LUI È JOHN.,1. IL EST JOHN.,1. ER IST JOHN.,1. 彼はジョンです。,1. かれはジョンです。,1. KARE WA JON DESU.,1. HIJ IS JOHN.
2,2. HIS HANDS ARE DIRTY.,2. AS MÃOS DELE ESTÃO SUJAS.,2. SUS MANOS ESTÁN SUCIAS.,2. LE SUE MANI SONO SPORCHE.,2. SES MAINS SONT SALES.,2. SEINE HÄNDE SIND SCHMUTZIG.,2. 彼の手は汚れています。,2. かれのてはよごれています。,2. KARE NO TE WA YOGORETE IMASU.,2. ZIJN HANDEN ZIJN VUIL.
2,3. HE WALKS TO THE SINK.,3. ELE CAMINHA ATÉ A PIA.,3. ÉL CAMINA HACIA EL LAVABO.,3. LUI CAMMINA AL LAVABO.,3. IL MARCHE VERS LE LAVABO.,3. ER GEHT ZUM WASCHBECKEN.,3. 彼はシンクに歩きます。,3. かれはシンクにあるきます。,3. KARE WA SHINKU NI ARUKIMASU.,3. HIJ LOOPT NAAR DE GOOTSTEEN.
2,4. HE TURNS ON THE FAUCET.,4. ELE ABRE A TORNEIRA.,4. ÉL ABRE EL GRIFO.,4. LUI APRE LO RUBINETTO.,4. IL OUVRE LE ROBINET.,4. ER DREHT DEN WASSERHAHN AUF.,4. 彼は蛇口をひねります。,4. かれはじゃぐちをひねります。,4. KARE WA JAGUCHI O HINERIMASU.,4. HIJ DRAAIT DE KRAAN OPEN.
2,5. HE PICKS UP THE SOAP.,5. ELE PEGA O SABONETE.,5. ÉL TOMA EL JABÓN.,5. LUI PRENDE IL SAPONE.,5. IL PREND LE SAVON.,5. ER NIMMT DIE SEIFE.,5. 彼は石鹸を取ります。,5. かれはせっけんをとります。,5. KARE WA SEKKEN O TORIMASU.,5. HIJ PAKT DE ZEEP.
2,6. HE PICKS UP THE SOAP.,6. ELE PEGA O SABONETE.,6. ÉL TOMA EL JABÓN.,6. LUI PRENDE IL SAPONE.,6. IL PREND LE SAVON.,6. ER NIMMT DIE SEIFE.,6. 彼は石鹸を取ります。,6. かれはせっけんをとります。,6. KARE WA SEKKEN O TORIMASU.,6. HIJ PAKT DE ZEEP.
2,7. HE WASHES HIS HANDS WITH THE SOAP.,7. ELE LAVA AS MÃOS COM O SABONETE.,7. ÉL SE LAVA LAS MANOS CON EL JABÓN.,7. LUI SI LAVA LE MANI CON IL SAPONE.,7. IL SE LAVE LES MAINS AVEC LE SAVON.,7. ER WÄSCHT SEINE HÄNDE MIT DER SEIFE.,7. 彼は石鹸で手を洗います。,7. かれはせっけんでてをあらいます。,7. KARE WA SEKKEN DE TE O ARAIMASU.,7. HIJ WAST ZIJN HANDEN MET ZEEP.
2,8. HE PUTS DOWN THE SOAP.,8. ELE POÕE O SABONETE DE VOLTA.,8. ÉL DEJA EL JABÓN.,8. LUI RIPONE IL SAPONE.,8. IL REPOSE LE SAVON.,8. ER LEGT DIE SEIFE ZURÜCK.,8. 彼は石鹸を戻します。,8. かれはせっけんをもどします。,8. KARE WA SEKKEN O MODOSU.,8. HIJ ZET DE ZEEP TERUG.
2,9. HE RINSES HIS HANDS,9. ELE ENXAGUA AS MÃOS.,9. ÉL SE ENJUAGA LAS MANOS.,9. LUI SCIACQUA LE MANI.,9. IL SE RINCE LES MAINS.,9. ER SPÜLT SEINE HÄNDE.,9. 彼は手をゆすぎます。,9. かれはてをゆすぎます。,9. KARE WA TE O YUSUGIMASU.,9. HIJ SPOELT ZIJN HANDEN.
2,10. HE TURNS OFF THE FAUCET.,10. ELE DESLIGA A TORNEIRA.,10. ÉL CIERRA EL GRIFO.,10. LUI CHIUDE IL RUBINETTO.,10. IL FERME LE ROBINET.,10. ER DREHT DEN WASSERHAHN ZU.,10. 彼は蛇口を閉めます。,10. かれはじゃぐちをしめます。,10. KARE WA JAGUCHI O SHIMESU.,10. HIJ DRAAIT DE KRAAN DICHT.
2,11. HE GETS THE TOWEL.,11. ELE PEGA A TOALHA.,11. ÉL TOMA LA TOALLA.,11. LUI PRENDE L’ASCIUGAMANO.,11. IL PREND LA SERVIETTE.,11. ER NIMMT DAS HANDTUCH.,11. 彼はタオルを取ります。,11. かれはタオルをとります。,11. KARE WA TAORU O TORIMASU.,11. HIJ PAKT DE HANDDOEK.
2,12. HE DRIES HIS HANDS WITH THE TOWEL.,12. ELE SECA AS MÃOS COM A TOALHA.,12. ÉL SE SECA LAS MANOS CON LA TOALLA.,12. LUI SI ASCIUGA LE MANI CON L’ASCIUGAMANO.,12. IL SE SÈCHE LES MAINS AVEC LA SERVIETTE.,12. ER TROCKNET SEINE HÄNDE MIT DEM HANDTUCH.,12. 彼はタオルで手を乾かします。,12. かれはタオルでてをかわかします。,12. KARE WA TAORU DE TE O KAWAKASHIMASU.,12. HIJ DROOGT ZIJN HANDEN MET DE HANDDOEK.
2,13. HE PUTS BACK THE TOWEL.,13. ELE COLOCA A TOALHA DE VOLTA.,13. ÉL DEVUELVE LA TOALLA.,13. LUI RIPONE L’ASCIUGAMANO.,13. IL REPOSE LA SERVIETTE.,13. ER LEGT DAS HANDTUCH ZURÜCK.,13. 彼はタオルを戻します。,13. かれはタオルをもどします。,13. KARE WA TAORU O MODOSU.,13. HIJ ZET DE HANDDOEK TERUG.
2,14. HIS HANDS ARE CLEAN.,14. AS MÃOS DELE ESTÃO LIMPAS.,14. SUS MANOS ESTÁN LIMPIAS.,14. LE SUE MANI SONO PULITE.,14. SES MAINS SONT PROPRES.,14. SEINE HÄNDE SIND SAUBER.,14. 彼の手はきれいです。,14. かれのてはきれいです。,14. KARE NO TE WA KIREI DESU.,14. ZIJN HANDEN ZIJN SCHOON.
2,15. HE WHISTLES.,15. ELE ASSOBIA.,15. ÉL SILBA.,15. LUI FISCHETTA.,15. IL SIFFLE.,15. ER PFEIFT.,15. 彼は口笛を吹きます。,15. かれはくちぶえをふきます。,15. KARE WA KUCHIBUE O FUKIMASU.,15. HIJ FLOUT.
3,1. SHE IS MARY.,1. ELA É MARY.,1. ELLA ES MARY.,1. LEI È MARY.,1. ELLE EST MARY.,1. SIE IS MARY.,1. 彼女はメアリーです。,1. かのじょはメアリーです。,1. KANOJO WA MEARĪ DESU.,1. ZIJ IS MARY.
3,2. SHE PUTS A CUP ON THE TABLE.,2. ELA COLOCA UM COPO NA MESA.,2. ELLA PONE UN VASO EN LA MESA.,2. LEI METTE UN BICCHIERE SUL TAVOLO.,2. ELLE MET UN VERRE SUR LA TABLE.,2. SIE STELLT EIN GLAS AUF DEN TISCH.,2. 彼女はテーブルにコップを置きます。,2. かのじょはテーブルにコップをおきます。,2. KANOJO WA TĒBURU NI KOPPU O OKIMASU.,2. ZIJ ZET EEN BEKER OP DE TAFEL.
3,3. THE CUP FALLS.,3. O COPO CAI.,3. EL VASO SE CAE.,3. IL BICCHIERE CADE.,3. LE VERRE TOMBE.,3. DAS GLAS FÄLLT.,3. コップが落ちます。,3. コップがおちます。,3. KOPPU GA OCHIMASU.,3. DE BEKER VALT.
3,4. WATER IS ON THE TABLE.,4. HÁ ÁGUA NA MESA.,4. HAY AGUA EN LA MESA.,4. C’È ACQUA SUL TAVOLO.,4. IL Y A DE L’EAU SUR LA TABLE.,4. WASSER IST AUF DEM TISCH.,4. テーブルの上に水があります。,4. テーブルのうえにみずがあります。,4. TĒBURU NO UE NI MIZU GA ARIMASU.,4. ER STAAT WATER OP DE TAFEL.
3,5. SHE STAYS AT THE TABLE.,5. ELA FICA NA MESA.,5. ELLA SE QUEDA EN LA MESA.,5. LEI RESTA AL TAVOLO.,5. ELLE RESTE À LA TABLE.,5. SIE BLEIBT AM TISCH.,5. 彼女はテーブルにいます。,5. かのじょはテーブルにいます。,5. KANOJO WA TĒBURU NI IMASU.,5. ZIJ BLIJFT AAN DE TAFEL.
3,6. SHE CALLS HER MOTHER.,6. ELA CHAMA SUA MÃE.,6. ELLA LLAMA A SU MADRE.,6. LEI CHIAMA SUA MADRE.,6. ELLE APPELLE SA MÈRE.,6. SIE RUFT IHRE MUTTER.,6. 彼女は母を呼びます。,6. かのじょはははをよびます。,6. KANOJO WA HAHA O YOBIMASU.,6. ZIJ RIEPT HAAR MOEDER.
3,7. HER MOTHER COMES.,7. SUA MÃE VEM.,7. SU MADRE VIENE.,7. SUA MADRE VIENE.,7. SA MÈRE VIENT.,7. IHRE MUTTER KOMMT.,7. 母が来ます。,7. ははがきます。,7. HAHA GA KIMASU.,7. HAAR MOEDER KOMT.
3,8. HER MOTHER GETS A TOWEL.,8. SUA MÃE PEGA UMA TOALHA.,8. SU MADRE TOMA UNA TOALLA.,8. SUA MADRE PRENDE UN ASCIUGAMANO.,8. SA MÈRE PREND UNE SERVIETTE.,8. IHRE MUTTER NIMMT EIN HANDTUCH.,8. 母はタオルを取ります。,8. はははタオルをとります。,8. HAHA WA TAORU O TORIMASU.,8. HAAR MOEDER PAKT EEN HANDDOEK.
3,9. SHE WIPES THE TABLE WITH THE TOWEL.,9. ELA LIMPA A MESA COM A TOALHA.,9. ELLA LIMPIA LA MESA CON LA TOALLA.,9. LEI PULISCE IL TAVOLO CON L’ASCIUGAMANO.,9. ELLE NETTOIE LA TABLE AVEC LA SERVIETTE.,9. SIE WISCHT DEN TISCH MIT DEM HANDTUCH.,9. 彼女はタオルでテーブルを拭きます。,9. かのじょはタオルでテーブルをふきます。,9. KANOJO WA TAORU DE TĒBURU O FUKIMASU.,9. ZIJ VEGT DE TAFEL MET DE HANDDOEK.
3,10. THE TABLE IS CLEAN.,10. A MESA ESTÁ LIMPA.,10. LA MESA ESTÁ LIMPIA.,10. IL TAVOLO È PULITO.,10. LA TABLE EST PROPRE.,10. DER TISCH IST SAUBER.,10. テーブルはきれいです。,10. テーブルはきれいです。,10. TĒBURU WA KIREI DESU.,10. DE TAFEL IS SCHOON.
3,11. SHE PUTS THE CUP BACK.,11. ELA COLOCA O COPO DE VOLTA.,11. ELLA PONE EL VASO DE VUELTA.,11. LEI RIPONE IL BICCHIERE.,11. ELLE REMET LE VERRE.,11. SIE STELLT DAS GLAS ZURÜCK.,11. 彼女はコップを戻します。,11. かのじょはコップをもどします。,11. KANOJO WA KOPPU O MODOSU.,11. ZIJ ZET DE BEKER TERUG.
3,12. SHE DRINKS WATER.,12. ELA BEBE ÁGUA.,12. ELLA BEBE AGUA.,12. LEI BEVE ACQUA.,12. ELLE BOIT DE L’EAU.,12. SIE TRINKT WASSER.,12. 彼女は水を飲みます。,12. かのじょはみずをのみます。,12. KANOJO WA MIZU O NOMIMASU.,12. ZIJ DRINKT WATER.
3,13. HER MOTHER SAYS - DON'T SPILL JUICE ON THE TABLE.,13. SUA MÃE DIZ – NÃO DERRAME SUCO NA MESA.,13. SU MADRE DICE – NO DERRAMES JUGO EN LA MESA.,13. SUA MADRE DICE – NON VERSARE SUCCO SUL TAVOLO.,13. SA MÈRE DIT – NE RENVERSEZ PAS LE JUS SUR LA TABLE.,13. IHRE MUTTER SAGT – VERSCHÜTTE KEINEN SAFT AUF DEN TISCH.,13. 母は言います – テーブルにジュースをこぼさないでください。,13. はははいいます – テーブルにジュースをこぼさないでください。,13. HAHA WA IIMASU – TĒBURU NI JŪSU O KOBOSANAIDE KUDASAI.,13. HAAR MOEDER ZEGT – GOOI GEEN SAP OP DE TAFEL.
4,1. JOHN GETS AN APPLE.,1. JOHN PEGA UMA MAÇÃ.,1. JOHN TOMA UNA MANZANA.,1. JOHN PRENDE UNA MELA.,1. JOHN PREND UNE POMME.,1. JOHN NIMMT EINEN APFEL.,1. ジョンはリンゴを取ります。,1. ジョンはリンゴをとります。,1. JON WA RINGO O TORIMASU.,1. JOHN PAKT EEN APPEL.
4,2. HE TAKES A BITE.,2. ELE DÁ UMA MORDIDA.,2. ÉL DA UN BOCADO.,2. LUI DÀ UN MORSETTO.,2. IL PREND UNE BOUCHÉE.,2. ER BEIßT EIN STÜCK AB.,2. 彼は一口かじります。,2. かれはいちくちかじります。,2. KARE WA HITOKUCHI KAJIRIMASU.,2. HIJ NEEMT EEN HAP.
4,3. HE EATS THE APPLE.,3. ELE COME A MAÇÃ.,3. ÉL COME LA MANZANA.,3. LUI MANGIA LA MELA.,3. IL MANGE LA POMME.,3. ER ISST DEN APFEL.,3. 彼はリンゴを食べます。,3. かれはリンゴをたべます。,3. KARE WA RINGO O TABEMASU.,3. HIJ EET DE APPEL.
4,4. HE CHOKES.,4. ELE ENGASGA.,4. ÉL SE ATRAGANTA.,4. LUI SI SOFFOCA.,4. IL S’ÉTOUFFE.,4. ER HÄLT SICH DEN HALS.,4. 彼はむせます。,4. かれはむせます。,4. KARE WA MUSEMASU.,4. HIJ VERSTIKT.
4,5. HE DRINKS WATER.,5. ELE BEBE ÁGUA.,5. ÉL BEBE AGUA.,5. LUI BEVE ACQUA.,5. IL BOIT DE L’EAU.,5. ER TRINKT WASSER.,5. 彼は水を飲みます。,5. かれはみずをのみます。,5. KARE WA MIZU O NOMIMASU.,5. HIJ DRINKT WATER.
4,6. HE DRINKS MORE WATER.,6. ELE BEBE MAIS ÁGUA.,6. ÉL BEBE MÁS AGUA.,6. LUI BEVE PIÙ ACQUA.,6. IL BOIT PLUS D’EAU.,6. ER TRINKT MEHR WASSER.,6. 彼はもっと水を飲みます。,6. かれはもっとみずをのみます。,6. KARE WA MOTTO MIZU O NOMIMASU.,6. HIJ DRINKT MEER WATER.
4,7. HE SWALLOWS.,7. ELE ENGOLE.,7. ÉL TRAGA.,7. LUI DEGLUTISCE.,7. IL AVALLE.,7. ER SCHLUCKT.,7. 彼は飲み込みます。,7. かれはのみこみます。,7. KARE WA NOMIKOMI MASU.,7. HIJ SLIKT.
4,8. HE FEELS BETTER.,8. ELE SE SENTE MELHOR.,8. ÉL SE SIENTE MEJOR.,8. LUI SI SENTE MEGLIO.,8. IL SE SENT MIEUX.,8. ER FÜHLT SICH BESSER.,8. 彼は気分が良くなります。,8. かれはきぶんがよくなります。,8. KARE WA KIBUN GA YOKU NARIMASU.,8. HIJ VOELT ZICH BETER.
4,9. HE SWALLOWS.,9. ELE ENGOLE.,9. ÉL TRAGA.,9. LUI DEGLUTISCE.,9. IL AVALLE.,9. ER SCHLUCKT.,9. 彼は飲み込みます。,9. かれはのみこみます。,9. KARE WA NOMIKOMI MASU.,9. HIJ SLIKT.
4,10. HE FEELS BETTER.,10. ELE SE SENTE MELHOR.,10. ÉL SE SIENTE MEJOR.,10. LUI SI SENTE MEGLIO.,10. IL SE SENT MIEUX.,10. ER FÜHLT SICH BESSER.,10. 彼は気分が良くなります。,10. かれはきぶんがよくなります。,10. KARE WA KIBUN GA YOKU NARIMASU.,10. HIJ VOELT ZICH BETER.
4,11. HE SMILES.,11. ELE SORRI.,11. ÉL SONRÍE.,11. LUI SORRIDE.,11. IL SOURIT.,11. ER LÄCHELT.,11. 彼は笑います。,11. かれはわらいます。,11. KARE WA WARAIMASU.,11. HIJ LACHT.
5,1. JANE GETS A BOWL OF OATMEAL.,1. JANE PEGA UMA TIGELA DE AVEIA.,1. JANE TOMA UN CUENCO DE AVENA.,1. JANE PRENDE UNA CIOTOLA DI AVENA.,1. JANE PREND UN BOL D’AVOINE.,1. JANE NIMMT EINE SCHÜSSEL HAFERFLOCKEN.,1. ジェーンはオートミールを取ります。,1. ジェーンはオートミールをとります。,1. JĒN WA ŌTOMĪRU O TORIMASU.,1. JANE PAKT EEN KOM HAVERMOUT.
5,2. SHE PUTS THE OATMEAL IN THE MICROWAVE.,2. ELA COLOCA A AVEIA NO MICROONDAS.,2. ELLA PONE LA AVENA EN EL MICROONDAS.,2. LEI METTE L’AVENA NEL MICROONDE.,2. ELLE MET L’AVOINE DANS LE MICRO-ONDES.,2. SIE STELLT DIE HAFERFLOCKEN IN DIE MIKROWELLE.,2. ジェーンはオートミールを電子レンジに入れます。,2. ジェーンはオートミールをでんしレンジにいれます。,2. JĒN WA ŌTOMĪRU O DENSHI RENJI NI IREMASU.,2. ZIJ ZET DE HAVERMOUT IN DE MAGNETRON.
5,3. SHE TURNS ON THE MICROWAVE.,3. ELA LIGA O MICROONDAS.,3. ELLA ENCIENDE EL MICROONDAS.,3. LEI ACCENDE IL MICROONDE.,3. ELLE ALLUME LE MICRO-ONDES.,3. SIE SCHALTE DIE MIKROWELLE EIN.,3. ジェーンは電子レンジをつけます。,3. ジェーンはでんしレンジをつけます。,3. JĒN WA DENSHI RENJI O TSUKEMASU.,3. ZIJ ZET DE MAGNETRON AAN.
5,4. SHE WAITS SIXTY SECONDS.,4. ELA ESPERA SESSENTA SEGUNDOS.,4. ELLA ESPERA SESENTA SEGUNDOS.,4. LEI ATTESA SESSANTA SECONDI.,4. ELLE ATTEND SOIXANTE SECONDES.,4. SIE WARTET SECHZIG SEKUNDEN.,4. ジェーンは60秒待ちます。,4. ジェーンはろくじゅうびょうまちます。,4. JĒN WA ROKUJŪ BYŌ MACHIMASU.,4. ZIJ WACHT ZESTIG SECONDEN.
5,5. THE OATMEAL IS READY.,5. A AVEIA ESTÁ PRONTA.,5. LA AVENA ESTÁ LISTA.,5. L’AVENA È PRONTA.,5. L’AVOINE EST PRÊTE.,5. DAS HAFERFLOCKEN SIND FERTIG.,5. オートミールができました。,5. オートミールができました。,5. ŌTOMĪRU GA DEKIMASHITA.,5. DE HAVERMOUT IS KLAAR.
5,6. SHE GETS THE OATMEAL OUT OF THE MICROWAVE.,6. ELA TIRA A AVEIA DO MICROONDAS.,6. ELLA SACA LA AVENA DEL MICROONDAS.,6. LEI TOGLIE L’AVENA DAL MICROONDE.,6. ELLE SORT L’AVOINE DU MICRO-ONDES.,6. SIE NEHMT DIE HAFERFLOCKEN AUS DER MIKROWELLE.,6. ジェーンはオートミールを電子レンジから取り出します。,6. ジェーンはオートミールをでんしレンジからとりだします。,6. JĒN WA ŌTOMĪRU O DENSHI RENJI KARA TORIDASHIMASU.,6. ZIJ NEEMT DE HAVERMOUT UIT DE MAGNETRON.
5,7. SHE PUTS THE OATMEAL ON THE TABLE.,7. ELA COLOCA A AVEIA NA MESA.,7. ELLA PONE LA AVENA EN LA MESA.,7. LEI METTE L’AVENA SUL TAVOLO.,7. ELLE MET L’AVOINE SUR LA TABLE.,7. SIE STELLT DIE HAFERFLOCKEN AUF DEN TISCH.,7. ジェーンはオートミールをテーブルに置きます。,7. ジェーンはオートミールをテーブルにおきます。,7. JĒN WA ŌTOMĪRU O TĒBURU NI OKIMASU.,7. ZIJ ZET DE HAVERMOUT OP DE TAFEL.
5,8. SHE GETS A SPOON AND SUGAR.,8. ELA PEGA UMA COLHER E AÇÚCAR.,8. ELLA TOMA UNA CUCHARA Y AZÚCAR.,8. LEI PRENDE UN CUCCHIAIO E ZUCCHERO.,8. ELLE PREND UNE CUILLÈRE ET DU SUCRE.,8. SIE NEHMT EINEN LÖFFEL UND ZUCKER.,8. ジェーンはスプーンと砂糖を取ります。,8. ジェーンはスプーンとさとうをとります。,8. JĒN WA SUPŪN TO SATŌ O TORIMASU.,8. ZIJ NEEMT EEN LEPEL EN SUIKER.
5,9. SHE PUTS SUGAR IN THE OATMEAL WITH A SPOON.,9. ELA COLOCA AÇÚCAR NA AVEIA COM UMA COLHER.,9. ELLA PONE AZÚCAR EN LA AVENA CON UNA CUCHARA.,9. LEI METTE ZUCCHERO NELL’AVENA CON UN CUCCHIAIO.,9. ELLE MET DU SUCRE DANS L’AVOINE AVEC UNE CUILLÈRE.,9. SIE GEBEN ZUCKER IN DIE HAFERFLOCKEN MIT EINEM LÖFFEL.,9. ジェーンはスプーンでオートミールに砂糖を入れます。,9. ジェーンはスプーンでオートミールにさとうをいれます。,9. JĒN WA SUPŪN DE ŌTOMĪRU NI SATŌ O IREMASU.,9. ZIJ DOET SUIKER IN DE HAVERMOUT MET EEN LEPEL.
5,10. SHE GETS HONEY.,10. ELA PEGA MEL.,10. ELLA TOMA MIEL.,10. LEI PRENDE IL MIELE.,10. ELLE PREND DU MIEL.,10. SIE NEHMT HONIG.,10. ジェーンははちみつを取ります。,10. ジェーンははちみつをとります。,10. JĒN WA HACHIMITSU O TORIMASU.,10. ZIJ NEEMT HONING.
5,11. SHE PUTS HONEY ON THE OATMEAL WITH A SPOON.,11. ELA COLOCA MEL NA AVEIA COM UMA COLHER.,11. ELLA PONE MIEL EN LA AVENA CON UNA CUCHARA.,11. LEI METTE IL MIELE SULL’AVENA CON UN CUCCHIAIO.,11. ELLE MET DU MIEL SUR L’AVOINE AVEC UNE CUILLÈRE.,11. SIE GEBEN HONIG AUF DIE HAFERFLOCKEN MIT EINEM LÖFFEL.,11. ジェーンはスプーンでオートミールに蜂蜜をかけます。,11. ジェーンはスプーンでオートミールにはちみつをかけます。,11. JĒN WA SUPŪN DE ŌTOMĪRU NI HACHIMITSU O KAKEMASU.,11. ZIJ DOET HONING OP DE HAVERMOUT MET EEN LEPEL.
5,12. SHE STIRS THE OATMEAL WITH THE SPOON.,12. ELA MEXE A AVEIA COM A COLHER.,12. ELLA REVUELVE LA AVENA CON LA CUCHARA.,12. LEI MESCOLA L’AVENA CON IL CUCCHIAIO.,12. ELLE REMUE L’AVOINE AVEC LA CUILLÈRE.,12. SIE RÜHRT DIE HAFERFLOCKEN MIT DEM LÖFFEL.,12. ジェーンはスプーンでオートミールをかき混ぜます。,12. ジェーンはスプーンでオートミールをかきまぜます。,12. JĒN WA SUPŪN DE ŌTOMĪRU O KAKIMAZEMASU.,12. ZIJ ROERT DE HAVERMOUT MET DE LEPEL.
5,13. SHE SCOOPS THE OATMEAL.,13. ELA COLOCA AVEIA NA COLHER.,13. ELLA SACA LA AVENA.,13. LEI PRENDE L’AVENA CON IL CUCCHIAIO.,13. ELLE PREND L’AVOINE AVEC UNE CUILLÈRE.,13. SIE NEHMEN EINE PORTION HAFERFLOCKEN.,13. ジェーンはオートミールをすくいます。,13. ジェーンはオートミールをすくいます。,13. JĒN WA ŌTOMĪRU O SUKUIIMASU.,13. ZIJ SCHEPT DE HAVERMOUT.
5,14. SHE GETS ONE SPOON OF OATMEAL.,14. ELA PEGA UMA COLHER DE AVEIA.,14. ELLA TOMA UNA CUCHARA DE AVENA.,14. LEI PRENDE UN CUCCHIAIO DI AVENA.,14. ELLE PREND UNE CUILLÈRE D’AVOINE.,14. SIE NEHMEN EINEN LÖFFEL HAFERFLOCKEN.,14. ジェーンはオートミールを一匙取ります。,14. ジェーンはオートミールをひとさじとります。,14. JĒN WA ŌTOMĪRU O HITOSAJI TORIMASU.,14. ZIJ NEEMT ÉÉN LEPEL HAVERMOUT.
5,15. SHE EATS THE OATMEAL.,15. ELA COME A AVEIA.,15. ELLA COME LA AVENA.,15. LEI MANGIA L’AVENA.,15. ELLE MANGE L’AVOINE.,15. SIE ESSEN DIE HAFERFLOCKEN.,15. ジェーンはオートミールを食べます。,15. ジェーンはオートミールをたべます。,15. JĒN WA ŌTOMĪRU O TABEMASU.,15. ZIJ EET DE HAVERMOUT.
5,16. SHE CHEWS.,16. ELA MASTIGA.,16. ELLA MASTICA.,16. LEI MASTICA.,16. ELLE MÂCHE.,16. SIE KAUEN.,16. ジェーンはかみます。,16. ジェーンはかみます。,16. JĒN WA KAMIMASU.,16. ZIJ KAUT.
6,1. MARINA WAKES UP.,1. MARINA ACORDA.,1. MARINA SE DESPIERTA.,1. MARINA SI SVEGLIA.,1. MARINA SE RÉVEILLE.,1. MARINA WACHT AUF.,1. マリナは起きます。,1. マリナはおきます。,1. MARINA WA OKIMASU.,1. MARINA WORDT WAKKER.
6,2. SHE WALKS TO THE KITCHEN.,2. ELA CAMINHA ATÉ A COZINHA.,2. ELLA CAMINA A LA COCINA.,2. LEI CAMMINA IN CUCINA.,2. ELLE MARCHE DANS LA CUISINE.,2. SIE GEHT IN DIE KÜCHE.,2. 彼女はキッチンへ歩きます。,2. かのじょはキッチンへあるきます。,2. KANOJO WA KICCHIN E ARUKIMASU.,2. ZIJ LOOPT NAAR DE KEUKEN.
6,3. SHE FILLS THE COFFEE MACHINE WITH WATER.,3. ELA ENCHE A CAFETEIRA COM ÁGUA.,3. ELLA LLENA LA CAFETERA CON AGUA.,3. LEI RIEMPIE LA MACCHINA DEL CAFFÈ CON ACQUA.,3. ELLE REMPLIT LA CAFETIÈRE D’EAU.,3. SIE FÜLLT DIE KAFFEEMASCHINE MIT WASSER.,3. 彼女はコーヒーメーカーに水を入れます。,3. かのじょはコーヒーメーカーにみずをいれます。,3. KANOJO WA KŌHĪ MĒKĀ NI MIZU O IREMASU.,3. ZIJ VULT DE KOFFIEMACHINE MET WATER.
6,4. SHE PUTS COFFEE IN THE FILTER.,4. ELA COLOCA CAFÉ NO FILTRO.,4. ELLA PONE CAFÉ EN EL FILTRO.,4. LEI METTE IL CAFFÈ NEL FILTRO.,4. ELLE MET LE CAFÉ DANS LE FILTRE.,4. SIE GEBEN KAFFEE IN DEN FILTER.,4. 彼女はフィルターにコーヒーを入れます。,4. かのじょはフィルターにコーヒーをいれます。,4. KANOJO WA FIRUTĀ NI KŌHĪ O IREMASU.,4. ZIJ DOET KOFFIE IN HET FILTER.
6,5. SHE TURNS ON THE COFFEE MACHINE.,5. ELA LIGA A CAFETEIRA.,5. ELLA ENCIENDE LA CAFETERA.,5. LEI ACCENDE LA MACCHINA DEL CAFFÈ.,5. ELLE ALLUME LA CAFETIÈRE.,5. SIE SCHALTE DIE KAFFEEMASCHINE EIN.,5. 彼女はコーヒーメーカーをつけます。,5. かのじょはコーヒーメーカーをつけます。,5. KANOJO WA KŌHĪ MĒKĀ O TSUKEMASU.,5. ZIJ ZET DE KOFFIEMACHINE AAN.
6,6. THE COFFEE SMELLS GOOD.,6. O CAFÉ CHEIRA BEM.,6. EL CAFÉ HUELE BIEN.,6. IL CAFFÈ ODORA BENE.,6. LE CAFÉ SENT BON.,6. DER KAFFEE RIECHT GUT.,6. コーヒーはいい匂いがします。,6. コーヒーはいいにおいがします。,6. KŌHĪ WA II NIOI GA SHIMASU.,6. DE KOFFIE RUIKT LEKKER.
6,7. SHE POURS COFFEE INTO A CUP.,7. ELA DESPEJA CAFÉ EM UMA XÍCARA.,7. ELLA SIRVE CAFÉ EN UNA TAZA.,7. LEI VERSA IL CAFFÈ IN UNA TAZZA.,7. ELLE VERSE LE CAFÉ DANS UNE TASSE.,7. SIE SCHÜTTET KAFFEE IN EINE TASSE.,7. 彼女はコーヒーをカップに注ぎます。,7. かのじょはコーヒーをカップにそそぎます。,7. KANOJO WA KŌHĪ O KAPPU NI SOSOGIMASU.,7. ZIJ GOEIT DE KOFFIE IN EEN KOPJE.
6,8. SHE ADDS SUGAR.,8. ELA ADICIONA AÇÚCAR.,8. ELLA AÑADE AZÚCAR.,8. LEI AGGIUNGE ZUCCHERO.,8. ELLE AJOUTE DU SUCRE.,8. SIE GEBEN ZUCKER HINZU.,8. 彼女は砂糖を入れます。,8. かのじょはさとうをいれます。,8. KANOJO WA SATŌ O IREMASU.,8. ZIJ VOEGT SUIKER TOE.
6,9. SHE ADDS MILK.,9. ELA ADICIONA LEITE.,9. ELLA AÑADE LECHE.,9. LEI AGGIUNGE LATTE.,9. ELLE AJOUTE DU LAIT.,9. SIE GEBEN MILCH HINZU.,9. 彼女はミルクを入れます。,9. かのじょはミルクをいれます。,9. KANOJO WA MIRUKU O IREMASU.,9. ZIJ VOEGT MELK TOE.
6,10. SHE STIRS THE COFFEE.,10. ELA MEXE O CAFÉ.,10. ELLA REVUELVE EL CAFÉ.,10. LEI MESCOLA IL CAFFÈ.,10. ELLE REMUE LE CAFÉ.,10. SIE RÜHRT DEN KAFFEE.,10. 彼女はコーヒーをかき混ぜます。,10. かのじょはコーヒーをかきまぜます。,10. KANOJO WA KŌHĪ O KAKIMAZEMASU.,10. ZIJ ROERT DE KOFFIE.
6,11. SHE DRINKS THE COFFEE AND ENJOYS IT.,11. ELA BEBE O CAFÉ E GOSTA.,11. ELLA BEBE EL CAFÉ Y LO DISFRUTA.,11. LEI BEVE IL CAFFÈ E LO GODE.,11. ELLE BOIT LE CAFÉ ET L’APPRECIE.,11. SIE TRINKT DEN KAFFEE UND GENIESST ES.,11. 彼女はコーヒーを飲んで楽しみます。,11. かのじょはコーヒーをのんでたのしみます。,11. KANOJO WA KŌHĪ O NONDE TANOSHIMIMASU.,11. ZIJ DRINKT DE KOFFIE EN GENIET ERVAN.
7,1. TYRONE HEARS HIS CAT MEOW.,1. TYRONE OUVE SEU GATO MIAR.,1. TYRONE OYE A SU GATO MAULLAR.,1. TYRONE SENTE IL SUO GATTO MIAGOLARE.,1. TYRONE ENTEND SON CHAT MIAULER.,1. TYRONE HÖRT SEINE KATZE MIAUEN.,1. タイロンは猫の鳴き声を聞きます。,1. タイロンはねこのなきごえをききます。,1. TAIRON WA NEKO NO NAKIGOE O KIKIMASU.,1. TYRONE HOORT ZIJN KAT MIJAUWEN.
7,2. HE WALKS TO THE KITCHEN.,2. ELE CAMINHA ATÉ A COZINHA.,2. ÉL CAMINA A LA COCINA.,2. LUI CAMMINA IN CUCINA.,2. IL MARCHE DANS LA CUISINE.,2. ER GEHT IN DIE KÜCHE.,2. 彼はキッチンへ歩きます。,2. かれはキッチンへあるきます。,2. KARE WA KICCHIN E ARUKIMASU.,2. HIJ LOOPT NAAR DE KEUKEN.
7,3. HE TAKES A BOWL FROM THE SHELF.,3. ELE PEGA UMA TIGELA DA PRATELEIRA.,3. ÉL TOMA UN CUENCO DEL ESTANTE.,3. LUI PRENDE UNA CIOTOLA DALLA MENSOLA.,3. IL PREND UN BOL DE L’ÉTAGÈRE.,3. ER NIMMT EINE SCHÜSSEL VOM REGAL.,3. 彼は棚からボウルを取ります。,3. かれはたなからボウルをとります。,3. KARE WA TANA KARA BŌRU O TORIMASU.,3. HIJ NEEMT EEN KOM VAN HET REK.
7,4. HE OPENS A CAN OF CAT FOOD.,4. ELE ABRE UMA LATA DE RAÇÃO.,4. ÉL ABRE UNA LATA DE COMIDA PARA GATOS.,4. LUI APRE UN BARATTOLO DI CIBO PER GATTI.,4. IL OUVRE UNE BOÎTE DE NOURRITURE POUR CHAT.,4. ER ÖFFNET EINE DOSE KATZENFUTTER.,4. 彼は猫の餌の缶を開けます。,4. かれはねこのえさのかんをあけます。,4. KARE WA NEKO NO ESA NO KAN O AKEMASU.,4. HIJ MAAKT EEN BLIK KATTENVOER OPEN.
7,5. HE PUTS THE CAT FOOD IN THE BOWL.,5. ELE COLOCA A RAÇÃO NA TIGELA.,5. ÉL PONE LA COMIDA DEL GATO EN EL CUENCO.,5. LUI METTE IL CIBO DEL GATTO NELLA CIOTOLA.,5. IL MET LA NOURRITURE POUR CHAT DANS LE BOL.,5. ER GIBT DAS KATZENFUTTER IN DIE SCHÜSSEL.,5. 彼は猫の餌をボウルに入れます。,5. かれはねこのえさをボウルにいれます。,5. KARE WA NEKO NO ESA O BŌRU NI IREMASU.,5. HIJ DOET HET KATTENVOER IN DE KOM.
7,6. HE FILLS ANOTHER BOWL WITH WATER.,6. ELE ENCHE OUTRA TIGELA COM ÁGUA.,6. ÉL LLENA OTRO CUENCO CON AGUA.,6. LUI RIEMPIE UN’ALTRA CIOTOLA D’ACQUA.,6. IL REMPLIT UN AUTRE BOL D’EAU.,6. ER FÜLLT EINE ANDERE SCHÜSSEL MIT WASSER.,6. 彼は別のボウルに水を入れます。,6. かれはべつのボウルにみずをいれます。,6. KARE WA BETSU NO BŌRU NI MIZU O IREMASU.,6. HIJ VULT EEN ANDERE KOM MET WATER.
7,7. THE CAT EATS QUICKLY.,7. O GATO COME RÁPIDO.,7. EL GATO COME RÁPIDO.,7. IL GATTO MANGIA VELOCEMENTE.,7. LE CHAT MANGE RAPIDEMENT.,7. DIE KATZE FRISCHT SCHNELL.,7. 猫は早く食べます。,7. ねこははやくたべます。,7. NEKO WA HAYAKU TABEMASU.,7. DE KAT EET SNEL.
7,8. HE WATCHES THE CAT EAT THE FOOD.,8. ELE OBSERVA O GATO COMER A COMIDA.,8. ÉL MIRA AL GATO COMER LA COMIDA.,8. LUI GUARDA IL GATTO MANGIARE IL CIBO.,8. IL REGARDE LE CHAT MANGER LA NOURRITURE.,"8. ER SIEHT ZU, WIE DIE KATZE FRISCHT.",8. 彼は猫が食べるのを見ます。,8. かれはねこがたべるのをみます。,8. KARE WA NEKO GA TABERU NO O MIMASU.,8. HIJ KIJKT NAAR DE KAT DIE HET ETEN EET.
7,9. THE CAT FINISHES AND LICKS ITS PAWS.,9. O GATO TERMINA E LAMBE AS PATAS.,9. EL GATO TERMINA Y LAME SUS PATAS.,9. IL GATTO FINISCE E LECCA LE SUE ZAMPE.,9. LE CHAT FINIT ET LÈCHE SES PATTES.,9. DIE KATZE IST FERTIG UND LECKT IHRE PFOTEN.,9. 猫は食べ終わって、足をなめます。,9. ねこはたべおわって、あしをなめます。,"9. NEKO WA TABE OWATTE, ASHI O NAME MASU.",9. DE KAT MAAKT HET OP EN LIKT ZIJN POTEN.
7,10. HE PETS THE CAT AND SMILES.,10. ELE FAZ CARINHO NO GATO E SORRI.,10. ÉL ACARICIA AL GATO Y SONRÍE.,10. LUI ACCAREZZA IL GATTO E SORRIDE.,10. IL CÂLINE LE CHAT ET SOURIT.,10. ER STREICHELT DIE KATZE UND LÄCHELT.,10. 彼は猫を撫でて笑います。,10. かれはねこをなでてわらいます。,10. KARE WA NEKO O NADETE WARAIMASU.,10. HIJ STREELT DE KAT EN GLIMLACHT.
8,1. JEFF GETS A BOWL OF RICE.,1. JEFF PEGA UMA TIGELA DE ARROZ.,1. JEFF TOMA UN CUENCO DE ARROZ.,1. JEFF PRENDE UNA CIOTOLA DI RISO.,1. JEFF PREND UN BOL DE RIZ.,1. JEFF NEHMT EINE SCHÜSSEL REIS.,1. ジェフはご飯の入ったボウルを取ります。,1. じぇふはごはんのはいったぼうるをとります。,1. JEFU WA GOHAN NO HAITTA BŌRU O TORIMASU.,1. JEFF PAKT EEN KOM RIJST.
8,"2. A BOWL, A SPOON, AND A PLATE.","2. UMA TIGELA, UMA COLHER E UM PRATO.","2. UN CUENCO, UNA CUCHARA Y UN PLATO.","2. UNA CIOTOLA, UN CUCCHIAIO E UN PIATTO.","2. UN BOL, UNE CUILLÈRE ET UNE ASSIETTE.","2. EINE SCHÜSSEL, EIN LÖFFEL UND EIN TELLER.",2. ボウル、スプーン、そして皿。,2. ぼうる、すぷーん、そしてさら。,"2. BŌRU, SUPŪN, SOSHITE SARA.","2. EEN KOM, EEN LEPEL EN EEN BORD."
8,3. HE OPENS THE POT OF RICE.,3. ELE ABRE A PANELA DE ARROZ.,3. ÉL ABRE LA OLLA DE ARROZ.,3. LUI APRE LA PENTOLA DI RISO.,3. IL OUVRE LA CASSEROLE DE RIZ.,3. ER ÖFFNET DEN REISTOPF.,3. 彼はご飯の鍋を開けます。,3. かれはごはんのなべをあけます。,3. KARE WA GOHAN NO NABE O AKEMASU.,3. HIJ OPENT DE RIJSTPOT.
8,4. HE PUTS RICE IN THE BOWL.,4. ELE COLOCA O ARROZ NA TIGELA.,4. ÉL PONE EL ARROZ EN EL CUENCO.,4. LUI METTE IL RISO NELLA CIOTOLA.,4. IL MET LE RIZ DANS LE BOL.,4. ER GIBT DEN REIS IN DIE SCHÜSSEL.,4. 彼はご飯をボウルに入れます。,4. かれはごはんをぼうるにいれます。,4. KARE WA GOHAN O BŌRU NI IREMASU.,4. HIJ DOET DE RIJST IN DE KOM.
8,"5. HE SPILLS RICE ON THE PLATE, AND ON THE TABLE.",5. ELE DERRAMA ARROZ NO PRATO E NA MESA.,5. ÉL DERRAMA ARROZ EN EL PLATO Y EN LA MESA.,5. LUI SPARA IL RISO SUL PIATTO E SUL TAVOLO.,5. IL RENVERSE LE RIZ SUR L’ASSIETTE ET LA TABLE.,5. ER VERSCHÜTTET REIS AUF DEN TELLER UND DEN TISCH.,5. 彼は皿とテーブルにご飯をこぼします。,5. かれはさらとてーぶるにごはんをこぼします。,5. KARE WA SARA TO TĒBURU NI GOHAN O KOBO SHIMASU.,5. HIJ MORST RIJST OP HET BORD EN DE TAFEL.
8,6. HE GETS THE RICE FROM THE PLATE.,6. ELE PEGA O ARROZ DO PRATO.,6. ÉL TOMA EL ARROZ DEL PLATO.,6. LUI PRENDE IL RISO DAL PIATTO.,6. IL PREND LE RIZ DE L’ASSIETTE.,6. ER NIMMT DEN REIS VOM TELLER.,6. 彼は皿からご飯を取ります。,6. かれはさらからごはんをとります。,6. KARE WA SARA KARA GOHAN O TORIMASU.,6. HIJ PAKT DE RIJST VAN HET BORD.
8,7. AND PUTS IT IN THE BOWL.,7. E ELE COLOCA NA TIGELA.,7. Y LO PONE EN EL CUENCO.,7. E LO METTE NELLA CIOTOLA.,7. ET IL LE MET DANS LE BOL.,7. UND ER GIBT ES IN DIE SCHÜSSEL.,7. そしてそれをボウルに入れます。,7. そしてそれをぼうるにいれます。,7. SOSHITE SORE O BŌRU NI IREMASU.,7. EN HIJ DOET HET IN DE KOM.
8,8. HE CLOSES THE POT OF RICE.,8. ELE FECHA A PANELA DE ARROZ.,8. ÉL CIERRA LA OLLA DE ARROZ.,8. LUI CHIUDE LA PENTOLA DI RISO.,8. IL FERME LA CASSEROLE DE RIZ.,8. ER SCHLIESST DEN REISTOPF.,8. 彼はご飯の鍋を閉めます。,8. かれはごはんのなべをしめます。,8. KARE WA GOHAN NO NABE O SHIMEMASU.,8. HIJ DICHT DE RIJSTPOT.
8,9. HE GETS SALT.,9. ELE PEGA SAL.,9. ÉL TOMA SAL.,9. LUI PRENDE IL SALE.,9. IL PREND DU SEL.,9. ER NIMMT SALZ.,9. 彼は塩を取ります。,9. かれはしおをとります。,9. KARE WA SHIO O TORIMASU.,9. HIJ PAKT ZOUT.
8,10. HE PUTS SALT IN THE BOWL WITH A SPOON.,10. ELE COLOCA SAL NA TIGELA COM UMA COLHER.,10. ÉL PONE SAL EN EL CUENCO CON UNA CUCHARA.,10. LUI METTE IL SALE NELLA CIOTOLA CON UN CUCCHIAIO.,10. IL MET LE SEL DANS LE BOL AVEC UNE CUILLÈRE.,10. ER GIBT SALZ IN DIE SCHÜSSEL MIT EINEM LÖFFEL.,10. 彼はスプーンでボウルに塩を入れます。,10. かれはすぷーんでぼうるにしおをいれます。,10. KARE WA SUPŪN DE BŌRU NI SHIO O IREMASU.,10. HIJ DOET ZOUT IN DE KOM MET EEN LEPEL.
8,11. HE GETS WATER.,11. ELE PEGA ÁGUA.,11. ÉL TOMA AGUA.,11. LUI PRENDE L’ACQUA.,11. IL PREND DE L’EAU.,11. ER NIMMT WASSER.,11. 彼は水を取ります。,11. かれはみずをとります。,11. KARE WA MIZU O TORIMASU.,11. HIJ PAKT WATER.
8,12. HE POURS WATER IN THE BOWL.,12. ELE DESPEJA ÁGUA NA TIGELA.,12. ÉL VIERTE AGUA EN EL CUENCO.,12. LUI VERSA L’ACQUA NELLA CIOTOLA.,12. IL VERT L’EAU DANS LE BOL.,12. ER SCHÜTTET WASSER IN DIE SCHÜSSEL.,12. 彼はボウルに水を注ぎます。,12. かれはぼうるにみずをそそぎます。,12. KARE WA BŌRU NI MIZU O SOSOGIMASU.,12. HIJ GEEFT WATER IN DE KOM.
8,13. HE EATS RICE WITH WATER.,13. ELE COME ARROZ COM ÁGUA.,13. ÉL COME ARROZ CON AGUA.,13. LUI MANGIA IL RISO CON ACQUA.,13. IL MANGE LE RIZ AVEC DE L’EAU.,13. ER ISST REIS MIT WASSER.,13. 彼は水と一緒にご飯を食べます。,13. かれはみずといっしょにごはんをたべます。,13. KARE WA MIZU TO ISSHO NI GOHAN O TABEMASU.,13. HIJ EET RIJST MET WATER.
8,14. HE CHEWS.,14. ELE MASTIGA.,14. ÉL MASTICA.,14. LUI MASTICA.,14. IL MÂCHE.,14. ER KAUFT.,14. 彼は噛みます。,14. かれはかみます。,14. KARE WA KAMIMASU.,14. HIJ KAUT.
8,15. HE SWALLOWS.,15. ELE ENGOLE.,15. ÉL TRAGA.,15. LUI DEGLUTISCE.,15. IL AVALÉ.,15. ER SCHLUCKT.,15. 彼は飲み込みます。,15. かれはのみこみます。,15. KARE WA NOMIKOMIMASU.,15. HIJ SLUKT.
9,1. SARAH GRABS A BOOK FROM THE SHELF.,1. SARAH PEGA UM LIVRO DA PRATELEIRA.,1. SARAH TOMA UN LIBRO DEL ESTANTE.,1. SARAH PRENDE UN LIBRO DALLA MENSOLA.,1. SARAH PREND UN LIVRE SUR L’ÉTAGÈRE.,1. SARAH GREIFT EIN BUCH VOM REGAL.,1. サラは棚から本を取ります。,1. さらはたなからほんをとります。,1. SARA WA TANA KARA HON O TORIMASU.,1. SARAH GRIJPT EEN BOEK VAN HET REK.
9,2. SHE WALKS TO A COMFORTABLE CHAIR.,2. ELA CAMINHA ATÉ UMA POLTRONA CONFORTÁVEL.,2. ELLA CAMINA A UNA SILLA CÓMODA.,2. LEI CAMMINA VERSO UNA POLTRONA CONFORTEVOLE.,2. ELLE MARCHE VERS UN FAUTEUIL CONFORTABLE.,2. SIE GEHT ZU EINEM BEQUEMEN STUHL.,2. 彼女は快適な椅子へ歩きます。,2. かのじょはかいてきないすへあるきます。,2. KANOJO WA KAITEKI NA ISU E ARUKIMASU.,2. ZE LOOPT NAAR EEN COMFORTABELE STOEL.
9,3. SHE SITS ON THE COMFORTABLE CHAIR.,3. ELA SE SENTA NA POLTRONA CONFORTÁVEL.,3. ELLA SE SIENTA EN LA SILLA CÓMODA.,3. LEI SI SIEDE SULLA POLTRONA CONFORTEVOLE.,3. ELLE S’ASSOIT SUR LE FAUTEUIL CONFORTABLE.,3. SIE SETZT SICH AUF DEN BEQUEMEN STUHL.,3. 彼女は快適な椅子に座ります。,3. かのじょはかいてきないすにすわります。,3. KANOJO WA KAITEKI NA ISU NI SUWARIMASU.,3. ZE GAAT ZITTEN OP DE COMFORTABELE STOEL.
9,4. SHE OPENS THE BOOK.,4. ELA ABRE O LIVRO.,4. ELLA ABRE EL LIBRO.,4. LEI APRE IL LIBRO.,4. ELLE OUVRE LE LIVRE.,4. SIE ÖFFNET DAS BUCH.,4. 彼女は本を開きます。,4. かのじょはほんをひらきます。,4. KANOJO WA HON O HIRAKIMASU.,4. ZE OPENT HET BOEK.
9,5. SHE READS THE FIRST PAGE.,5. ELA LÊ A PRIMEIRA PÁGINA.,5. ELLA LEE LA PRIMERA PÁGINA.,5. LEI LEGGE LA PRIMA PAGINA.,5. ELLE LIT LA PREMIÈRE PAGE.,5. SIE LIEST DIE ERSTE SEITE.,5. 彼女は最初のページを読みます。,5. かのじょはさいしょのページをよみます。,5. KANOJO WA SAISHO NO PĒJI O YOMIMASU.,5. ZE LEEST DE EERSTE PAGINA.
9,6. SHE READS CAREFULLY.,6. ELA LÊ CUIDADOSAMENTE.,6. ELLA LEE CON CUIDADO.,6. LEI LEGGE ATTENTAMENTE.,6. ELLE LIT ATTENTIVEMENT.,6. SIE LIEST SORGFÄLTIG.,6. 彼女は注意深く読みます。,6. かのじょはちゅういぶかくよみます。,6. KANOJO WA CHŪI BUKAKU YOMIMASU.,6. ZE LEEST VOORZICHTIG.
9,7. SHE FLIPS THE PAGE.,7. ELA VIRAR A PÁGINA.,7. ELLA PASA LA PÁGINA.,7. LEI VOLTA LA PAGINA.,7. ELLE TOURNE LA PAGE.,7. SIE BLÄTTERT UM.,7. 彼女はページをめくります。,7. かのじょはページをめくります。,7. KANOJO WA PĒJI O MEKURI MASU.,7. ZE SLAAT DE PAGINA OM.
9,8. SHE FINISHES READING THE STORY.,8. ELA TERMINA DE LER A HISTÓRIA.,8. ELLA TERMINA DE LEER LA HISTORIA.,8. LEI FINISCE DI LEGGERE LA STORIA.,8. ELLE FINIT DE LIRE L’HISTOIRE.,8. SIE BEENDEN DAS LESEN DER GESCHICHTE.,8. 彼女は話を読み終えます。,8. かのじょははなしをよみおえます。,8. KANOJO WA HANASHI O YOMI OEMASU.,8. ZE HEEFT HET VERHAAL UITGELEZEN.
9,9. SHE CLOSES THE BOOK.,9. ELA FECHA O LIVRO.,9. ELLA CIERRA EL LIBRO.,9. LEI CHIUDE IL LIBRO.,9. ELLE FERME LE LIVRE.,9. SIE SCHLIESST DAS BUCH.,9. 彼女は本を閉じます。,9. かのじょはほんをとじます。,9. KANOJO WA HON O TOJIMASU.,9. ZE SLUIT HET BOEK.
10,1. MARINA WALKS TO THE KITCHEN.,1. MARINA CAMINHA ATÉ A COZINHA.,1. MARINA CAMINA A LA COCINA.,1. MARINA CAMMINA IN CUCINA.,1. MARINA MARCHE DANS LA CUISINE.,1. MARINA GEHT IN DIE KÜCHE.,1. マリナはキッチンへ歩きます。,1. マリナはキッチンへあるきます。,1. MARINA WA KICCHIN E ARUKIMASU.,1. MARINA LOOPT NAAR DE KEUKEN.
10,2. SHE GETS A TEA BAG.,2. ELA PEGA UM SAQUINHO DE CHÁ.,2. ELLA TOMA UNA BOLSA DE TÉ.,2. LEI PRENDE UNA BUSTINA DI TÈ.,2. ELLE PREND UN SACHET DE THÉ.,2. SIE NIMMT EIN TEEBEUTEL.,2. 彼女はティーバッグを取ります。,2. かのじょはティーバッグをとります。,2. KANOJO WA TĪBAGGU O TORIMASU.,2. ZE NEEMT EEN THEEZAKJE.
10,3. SHE PUTS THE TEA BAG IN THE CUP.,3. ELA COLOCA O SAQUINHO DE CHÁ NA XÍCARA.,3. ELLA PONE LA BOLSA DE TÉ EN LA TAZA.,3. LEI METTE LA BUSTINA DI TÈ NELLA TAZZA.,3. ELLE MET LE SACHET DE THÉ DANS LA TASSE.,3. SIE LEGT DEN TEEBEUTEL IN DIE TASSE.,3. 彼女はティーバッグをカップに入れます。,3. かのじょはティーバッグをカップにいれます。,3. KANOJO WA TĪBAGGU O KAPPU NI IREMASU.,3. ZE DOET HET THEEZAKJE IN DE KOP.
10,4. SHE GETS THE KETTLE.,4. ELA PEGA A CHALEIRA.,4. ELLA TOMA LA TETERA.,4. LEI PRENDE IL BOLLITORE.,4. ELLE PREND LA BOUILLOIRE.,4. SIE NIMMT DEN WASSERKOCHER.,4. 彼女はやかんを取ります。,4. かのじょはやかんをとります。,4. KANOJO WA YAKAN O TORIMASU.,4. ZE NEEMT DE WATERKOKER.
10,5. SHE PUTS WATER IN THE KETTLE.,5. ELA COLOCA ÁGUA NA CHALEIRA.,5. ELLA PONE AGUA EN LA TETERA.,5. LEI METTE L’ACQUA NEL BOLLITORE.,5. ELLE MET DE L’EAU DANS LA BOUILLOIRE.,5. SIE FÜLLT WASSER IN DEN WASSERKOCHER.,5. 彼女はやかんに水を入れます。,5. かのじょはやかんにみずをいれます。,5. KANOJO WA YAKAN NI MIZU O IREMASU.,5. ZE DOET WATER IN DE WATERKOKER.
10,6. SHE PUTS THE KETTLE ON THE STOVE.,6. ELA COLOCA A CHALEIRA NO FOGÃO.,6. ELLA PONE LA TETERA EN LA ESTUFA.,6. LEI METTE IL BOLLITORE SUL FORNELLO.,6. ELLE MET LA BOUILLOIRE SUR LA CUISINIÈRE.,6. SIE STELLT DEN WASSERKOCHER AUF DEN HERD.,6. 彼女はやかんをコンロに置きます。,6. かのじょはやかんをコンロにおきます。,6. KANOJO WA YAKAN O KONRO NI OKIMASU.,6. ZE ZET DE WATERKOKER OP HET FORNUIS.
10,7. SHE TURNS ON THE STOVE.,7. ELA LIGA O FOGÃO.,7. ELLA ENCIENDE LA ESTUFA.,7. LEI ACCENDE IL FORNELLO.,7. ELLE ALLUME LA CUISINIÈRE.,7. SIE SCHALTE DEN HERD EIN.,7. 彼女はコンロをつけます。,7. かのじょはコンロをつけます。,7. KANOJO WA KONRO O TSUKEMASU.,7. ZE ZET HET FORNUIS AAN.
10,8. THE WATER IS HOT.,8. A ÁGUA ESTÁ QUENTE.,8. EL AGUA ESTÁ CALIENTE.,8. L’ACQUA È CALDA.,8. L’EAU EST CHAUDE.,8. DAS WASSER IST HEIß.,8. 水は熱いです。,8. みずはあついです。,8. MIZU WA ATSUI DESU.,8. HET WATER IS HEET.
10,9. STEAM COMES OUT OF THE KETTLE.,9. O VAPOR SAI DA CHALEIRA.,9. EL VAPOR SALE DE LA TETERA.,9. IL VAPORE ESCE DAL BOLLITORE.,9. LA VAPEUR SORT DE LA BOUILLOIRE.,9. DAMPF KOMMT AUS DEM WASSERKOCHER.,9. やかんから蒸気が出ます。,9. やかんからじょうきがでます。,9. YAKAN KARA JŌKI GA DEMASU.,9. STOM KOMT UIT DE WATERKOKER.
10,10. SHE TURNS OFF THE STOVE.,10. ELA DESLIGA O FOGÃO.,10. ELLA APAGA LA ESTUFA.,10. LEI SPEGNE IL FORNELLO.,10. ELLE ÉTEINT LA CUISINIÈRE.,10. SIE SCHALTE DEN HERD AUS.,10. 彼女はコンロを消します。,10. かのじょはコンロをけします。,10. KANOJO WA KONRO O KESHIMASU.,10. ZE ZET HET FORNUIS UIT.
10,11. SHE POURS HOT WATER IN THE CUP.,11. ELA DESPEJA ÁGUA QUENTE NA XÍCARA.,11. ELLA VIERTE AGUA CALIENTE EN LA TAZA.,11. LEI VERSA ACQUA CALDA NELLA TAZZA.,11. ELLE VERSE DE L’EAU CHAUDE DANS LA TASSE.,11. SIE GIEßT HEISSES WASSER IN DIE TASSE.,11. 彼女はカップに熱い水を注ぎます。,11. かのじょはカップにあついみずをそそぎます。,11. KANOJO WA KAPPU NI ATSUI MIZU O SOSOGIMASU.,11. ZE GOEIT HEET WATER IN DE KOP.
10,12. SHE TAKES THE TEA BAG OUT OF THE CUP.,12. ELA TIRA O SAQUINHO DE CHÁ DA XÍCARA.,12. ELLA SACA LA BOLSA DE TÉ DE LA TAZA.,12. LEI TOGLIE LA BUSTINA DI TÈ DALLA TAZZA.,12. ELLE RETIRE LE SACHET DE THÉ DE LA TASSE.,12. SIE NIMMT DEN TEEBEUTEL AUS DER TASSE.,12. 彼女はカップからティーバッグを取ります。,12. かのじょはカップからティーバッグをとります。,12. KANOJO WA KAPPU KARA TĪBAGGU O TORIMASU.,12. ZE NEEMT HET THEEZAKJE UIT DE KOP.
10,13. SHE DRINKS THE TEA.,13. ELA BEBE O CHÁ.,13. ELLA TOMA EL TÉ.,13. LEI BEVE IL TÈ.,13. ELLE BOIT LE THÉ.,13. SIE TRINKT DEN TEE.,13. 彼女はお茶を飲みます。,13. かのじょはおちゃをのみます。,13. KANOJO WA OCHA O NOMIMASU.,13. ZE DRINKT DE THEE.
10,14. SHE GIVES A CUP OF TEA TO JOHN.,14. ELA DÁ UMA XÍCARA DE CHÁ PARA JOHN.,14. ELLA DA UNA TAZA DE TÉ A JOHN.,14. LEI DÀ UNA TAZZA DI TÈ A JOHN.,14. ELLE DONNE UNE TASSE DE THÉ À JOHN.,14. SIE GIBT JOHN EINE TASSE TEE.,14. 彼女はジョンにカップのお茶を渡します。,14. かのじょはジョンにカップのおちゃをわたします。,14. KANOJO WA JON NI KAPPU NO OCHA O WATASHIMASU.,14. ZE GEEFT JOHN EEN KOP THEE.
11,1. JANE GETS A FRYING PAN AND TWO EGGS.,1. JANE PEGA UMA FRIGIDEIRA E DOIS OVOS.,1. JANE TOMA UNA SARTÉN Y DOS HUEVOS.,1. JANE PRENDE UNA PADELLA E DUE UOVA.,1. JANE PREND UNE POÊLE ET DEUX ŒUFS.,1. JANE NIMMT EINE PFANNE UND ZWEI EIER.,1. ジェーンはフライパンと卵2個を取ります。,1. ジェーンはフライパンとたまご2こをとります。,1. JĒN WA FURAIPAN TO TAMAGO 2 KO O TORIMASU.,1. JANE NEEMT EEN KOEKENPAN EN TWEE EIEREN.
11,2. SHE PUTS THE FRYING PAN ON THE STOVE.,2. ELA COLOCA A FRIGIDEIRA NO FOGÃO.,2. ELLA PONE LA SARTÉN EN LA ESTUFA.,2. LEI METTE LA PADELLA SUL FORNELLO.,2. ELLE MET LA POÊLE SUR LE FOUR.,2. SIE STELLT DIE PFANNE AUF DEN HERD.,2. 彼女はフライパンをコンロに置きます。,2. かのじょはフライパンをコンロにおきます。,2. KANOJO WA FURAIPAN O KONRO NI OKIMASU.,2. ZE ZET DE KOEKENPAN OP HET FORNUIS.
11,3. SHE PUTS OIL IN THE FRYING PAN.,3. ELA COLOCA ÓLEO NA FRIGIDEIRA.,3. ELLA PONE ACEITE EN LA SARTÉN.,3. LEI METTE OLIO NELLA PADELLA.,3. ELLE MET DE L’HUILE DANS LA POÊLE.,3. SIE GIEßT ÖL IN DIE PFANNE.,3. 彼女はフライパンに油を入れます。,3. かのじょはフライパンにあぶらをいれます。,3. KANOJO WA FURAIPAN NI ABURA O IREMASU.,3. ZE DOET OLIE IN DE KOEKENPAN.
11,4. SHE TURNS ON THE STOVE.,4. ELA LIGA O FOGÃO.,4. ELLA ENCIENDE LA ESTUFA.,4. LEI ACCENDE IL FORNELLO.,4. ELLE ALLUME LE FOUR.,4. SIE SCHALTE DEN HERD EIN.,4. 彼女はコンロをつけます。,4. かのじょはコンロをつけます。,4. KANOJO WA KONRO O TSUKEMASU.,4. ZE ZET HET FORNUIS AAN.
11,5. THE OIL IS HOT.,5. O ÓLEO ESTÁ QUENTE.,5. EL ACEITE ESTÁ CALIENTE.,5. L’OLIO È CALDO.,5. L’HUILE EST CHAUDE.,5. DAS ÖL IST HEIß.,5. 油は熱いです。,5. あぶらはあついです。,5. ABURA WA ATSUI DESU.,5. DE OLIE IS HEET.
11,6. SHE GETS A BOWL.,6. ELA PEGA UMA TIGELA.,6. ELLA TOMA UN CUENCO.,6. LEI PRENDE UNA CIOTOLA.,6. ELLE PREND UN BOL.,6. SIE NIMMT EINE SCHÜSSEL.,6. 彼女はボウルを取ります。,6. かのじょはボウルをとります。,6. KANOJO WA BŌRU O TORIMASU.,6. ZE NEEMT EEN KOM.
11,7. SHE BREAKS THE EGGS IN THE BOWL.,7. ELA QUEBRA OS OVOS NA TIGELA.,7. ELLA ROMPE LOS HUEVOS EN EL CUENCO.,7. LEI ROMPE LE UOVA NELLA CIOTOLA.,7. ELLE CASSE LES ŒUFS DANS LE BOL.,7. SIE SCHLÄGT DIE EIER IN DIE SCHÜSSEL.,7. 彼女はボウルで卵を割ります。,7. かのじょはボウルでたまごをわります。,7. KANOJO WA BŌRU DE TAMAGO O WARIMASU.,7. ZE BREKT DE EIER IN DE KOM.
11,8. SHE PUTS SALT AND MILK IN THE BOWL.,8. ELA COLOCA SAL E LEITE NA TIGELA.,8. ELLA PONE SAL Y LECHE EN EL CUENCO.,8. LEI METTE SALE E LATTE NELLA CIOTOLA.,8. ELLE MET DU SEL ET DU LAIT DANS LE BOL.,8. SIE GEBEN SALZ UND MILCH IN DIE SCHÜSSEL.,8. 彼女はボウルに塩と牛乳を入れます。,8. かのじょはボウルにしおとぎゅうにゅうをいれます。,8. KANOJO WA BŌRU NI SHIO TO GYŪNYŪ O IREMASU.,8. ZE DOET ZOUT EN MELK IN DE KOM.
11,9. SHE STIRS THE EGGS IN THE BOWL.,9. ELA MISTURA OS OVOS NA TIGELA.,9. ELLA MEZCLA LOS HUEVOS EN EL CUENCO.,9. LEI MESCOLA LE UOVA NELLA CIOTOLA.,9. ELLE MÉLANGE LES ŒUFS DANS LE BOL.,9. SIE RÜHRT DIE EIER IN DER SCHÜSSEL.,9. 彼女はボウルで卵をかき混ぜます。,9. かのじょはボウルでたまごをかきまぜます。,9. KANOJO WA BŌRU DE TAMAGO O KAKIMAZEMASU.,9. ZE ROERT DE EIER IN DE KOM.
11,10. SHE POURS THE EGGS INTO THE FRYING PAN.,10. ELA DESPEJA OS OVOS NA FRIGIDEIRA.,10. ELLA VIERTE LOS HUEVOS EN LA SARTÉN.,10. LEI VERSA LE UOVA NELLA PADELLA.,10. ELLE VERSE LES ŒUFS DANS LA POÊLE.,10. SIE GIEßT DIE EIER IN DIE PFANNE.,10. 彼女はフライパンに卵を注ぎます。,10. かのじょはフライパンにたまごをそそぎます。,10. KANOJO WA FURAIPAN NI TAMAGO O SOSOGIMASU.,10. ZE GOEIT DE EIER IN DE KOEKENPAN.
11,11. SHE STIRS THE EGGS IN THE FRYING PAN.,11. ELA MISTURA OS OVOS NA FRIGIDEIRA.,11. ELLA MEZCLA LOS HUEVOS EN LA SARTÉN.,11. LEI MESCOLA LE UOVA NELLA PADELLA.,11. ELLE MÉLANGE LES ŒUFS DANS LA POÊLE.,11. SIE RÜHRT DIE EIER IN DER PFANNE.,11. 彼女はフライパンで卵をかき混ぜます。,11. かのじょはフライパンでたまごをかきまぜます。,11. KANOJO WA FURAIPAN DE TAMAGO O KAKIMAZEMASU.,11. ZE ROERT DE EIER IN DE KOEKENPAN.
11,12. SHE TURNS OFF THE STOVE.,12. ELA DESLIGA O FOGÃO.,12. ELLA APAGA LA ESTUFA.,12. LEI SPEGNE IL FORNELLO.,12. ELLE ÉTEINT LE FOUR.,12. SIE SCHALTE DEN HERD AUS.,12. 彼女はコンロを消します。,12. かのじょはコンロをけします。,12. KANOJO WA KONRO O KESHIMASU.,12. ZE ZET HET FORNUIS UIT.
11,13. SHE PUTS THE EGGS ON THE PLATE WITH A SPOON.,13. ELA COLOCA OS OVOS NO PRATO COM UMA COLHER.,13. ELLA PONE LOS HUEVOS EN EL PLATO CON UNA CUCHARA.,13. LEI METTE LE UOVA SUL PIATTO CON UN CUCCHIAIO.,13. ELLE MET LES ŒUFS DANS L’ASSIETTE AVEC UNE CUILLÈRE.,13. SIE LEGT DIE EIER AUF DEN TELLER MIT EINEM LÖFFEL.,13. 彼女はスプーンで卵を皿に置きます。,13. かのじょはスプーンでたまごをさらにおきます。,13. KANOJO WA SUPŪN DE TAMAGO O SARA NI OKIMASU.,13. ZE DOET DE EIER MET EEN LEPEL OP HET BORD.
11,14. SHE EATS THE EGGS.,14. ELA COME OS OVOS.,14. ELLA COME LOS HUEVOS.,14. LEI MANGIA LE UOVA.,14. ELLE MANGE LES ŒUFS.,14. SIE ISST DIE EIER.,14. 彼女は卵を食べます。,14. かのじょはたまごをたべます。,14. KANOJO WA TAMAGO O TABEMASU.,14. ZE EET DE EIEREN.
12,1. BRUNO WALKS TO THE LIVING ROOM.,1. BRUNO CAMINHA ATÉ A SALA.,1. BRUNO CAMINA AL SALÓN.,1. BRUNO CAMMINA IN SOGGIORNO.,1. BRUNO MARCHE DANS LE SALON.,1. BRUNO GEHT INS WOHNZIMMER.,1. ブルーノはリビングルームへ歩きます。,1. ブルーノはリビングルームへあるきます。,1. BURŪNO WA RIBINGURŪMU E ARUKIMASU.,1. BRUNO LOOPT NAAR DE WOONKAMER.
12,2. HE SITS IN THE RECLINER.,2. ELE SE SENTA NA POLTRONA.,2. SE SIENTA EN EL RECLINER.,2. SI SIEDE NELLA POLTRONA.,2. IL S’ASSOIT DANS LE FAUTEUIL.,2. ER SETZT SICH IN DEN RELAXSESSEL.,2. 彼はリクライナーに座ります。,2. かれはリクライナーにすわります。,2. KARE WA RIKURAINĀ NI SUWARIMASU.,2. HIJ GAAT IN DE RELAXFAUTEUIL ZITTEN.
12,3. HE TURNS ON THE TELEVISION.,3. ELE LIGA A TELEVISÃO.,3. ENCIENDE LA TELEVISIÓN.,3. ACCENDE LA TELEVISIONE.,3. IL ALLUME LA TÉLÉVISION.,3. ER SCHALTE FERNSEHER EIN.,3. 彼はテレビをつけます。,3. かれはテレビをつけます。,3. KARE WA TEREBI O TSUKEMASU.,3. HIJ ZET DE TELEVISIE AAN.
12,4. HE WATCHES TELEVISION.,4. ELE ASSISTE À TELEVISÃO.,4. MIRA LA TELEVISIÓN.,4. GUARDA LA TELEVISIONE.,4. IL REGARDE LA TÉLÉVISION.,4. ER SCHAUT FERNSEHEN.,4. 彼はテレビを見ます。,4. かれはテレビをみます。,4. KARE WA TEREBI O MIMASU.,4. HIJ KIJKT NAAR DE TELEVISIE.
12,5. HE SINGS.,5. ELE CANTA.,5. CANTA.,5. CANTA.,5. IL CHANTE.,5. ER SINGT.,5. 彼は歌います。,5. かれはうたいます。,5. KARE WA UTAIMASU.,5. HIJ ZINGT.
12,6. HE GOES BACK TO THE REFRIGERATOR.,6. ELE VOLTA PARA A GELADEIRA.,6. VUELVE AL REFRIGERADOR.,6. TORNA AL FRIGORIFERO.,6. IL REVIENT AU RÉFRIGÉRATEUR.,6. ER GEHT ZURÜCK ZUM KÜHLSCHRANK.,6. 彼は冷蔵庫に戻ります。,6. かれはれいぞうこにもどります。,6. KARE WA REIZŌKO NI MODORIMASU.,6. HIJ GAAT TERUG NAAR DE KOELKAST.
12,7. HE OPENS THE REFRIGERATOR.,7. ELE ABRE A GELADEIRA.,7. ABRE EL REFRIGERADOR.,7. APRE IL FRIGORIFERO.,7. IL OUVRE LE RÉFRIGÉRATEUR.,7. ER ÖFFNET DEN KÜHLSCHRANK.,7. 彼は冷蔵庫を開けます。,7. かれはれいぞうこをあけます。,7. KARE WA REIZŌKO O AKEMASU.,7. HIJ MAAKT DE KOELKAST OPEN.
12,8. HE OPENS THE FREEZER.,8. ELE ABRE O CONGELADOR.,8. ABRE EL CONGELADOR.,8. APRE IL CONGELATORE.,8. IL OUVRE LE CONGÉLATEUR.,8. ER ÖFFNET DAS GEFIERFACH.,8. 彼は冷凍庫を開けます。,8. かれはれいとうこをあけます。,8. KARE WA REITŌKO O AKEMASU.,8. HIJ MAAKT DE VRIEZER OPEN.
12,9. HE GETS ICE CREAM OUT OF THE FREEZER.,9. ELE PEGA SORVETE DO CONGELADOR.,9. SACA HELADO DEL CONGELADOR.,9. PRENDE IL GELATO DAL CONGELATORE.,9. IL PREND DE LA CRÈME GLACÉE DU CONGÉLATEUR.,9. ER NIMMT EIS AUS DEM GEFIERFACH.,9. 彼は冷凍庫からアイスクリームを取ります。,9. かれはれいとうこからアイスクリームをとります。,9. KARE WA REITŌKO KARA AISUKURĪMU O TORIMASU.,9. HIJ NEEMT IJS UIT DE VRIEZER.
12,10. HE CLOSES THE REFRIGERATOR.,10. ELE FECHA A GELADEIRA.,10. CIERRA EL REFRIGERADOR.,10. CHIUDE IL FRIGORIFERO.,10. IL FERME LE RÉFRIGÉRATEUR.,10. ER SCHLIEßT DEN KÜHLSCHRANK.,10. 彼は冷蔵庫を閉めます。,10. かれはれいぞうこをしめます。,10. KARE WA REIZŌKO O SHIMEMASU.,10. HIJ MAAKT DE KOELKAST DICHT.
12,"11. HE GETS ICE CREAM OUT OF THE BOX WITH A SPOON, AND PUTS IT IN THE BOWL.",11. ELE PEGA SORVETE DA CAIXA COM UMA COLHER E COLOCA NA TIGELA.,11. SACA HELADO DE LA CAJA CON UNA CUCHARA Y LO PONE EN EL CUENCO.,11. PRENDE IL GELATO DALLA SCATOLA CON UN CUCCHIAIO E LO METTE NELLA CIOTOLA.,11. IL PREND DE LA BOÎTE AVEC UNE CUILLÈRE ET LE MET DANS LE BOL.,11. ER NIMMT EIS AUS DER SCHACHTEL MIT EINEM LÖFFEL UND TUT ES IN DIE SCHÜSSEL.,11. 彼は箱からアイスクリームをスプーンで取り、ボウルに入れます。,11. かれははこからアイスクリームをスプーンでとり、ボウルにいれます。,"11. KARE WA HAKO KARA AISUKURĪMU O SUPŪN DE TORI, BŌRU NI IREMASU.",11. HIJ NEEMT IJS UIT DE DOOS MET EEN LEPEL EN DOET HET IN DE KOM.
12,12. HE WALKS TO THE LIVING ROOM.,12. ELE CAMINHA ATÉ A SALA.,12. CAMINA AL SALÓN.,12. CAMMINA IN SOGGIORNO.,12. IL MARCHE DANS LE SALON.,12. ER GEHT INS WOHNZIMMER.,12. 彼はリビングルームへ歩きます。,12. かれはリビングルームへあるきます。,12. KARE WA RIBINGURŪMU E ARUKIMASU.,12. HIJ LOOPT NAAR DE WOONKAMER.
12,13. HE WATCHES TELEVISION AND EATS ICE CREAM.,13. ELE ASSISTE À TELEVISÃO E COME SORVETE.,13. MIRA LA TELEVISIÓN Y COME HELADO.,13. GUARDA LA TELEVISIONE E MANGIA IL GELATO.,13. IL REGARDE LA TÉLÉVISION ET MANGE DE LA CRÈME GLACÉE.,13. ER SCHAUT FERNSEHEN UND ISST EIS.,13. 彼はテレビを見ながらアイスクリームを食べます。,13. かれはテレビをみながらアイスクリームをたべます。,13. KARE WA TEREBI O MINAGARA AISUKURĪMU O TABEMASU.,13. HIJ KIJKT NAAR DE TELEVISIE EN EET IJS.
13,1. JESSICA GETS A GLASS.,1. JÉSSICA PEGA UM COPO.,1. JÉSSICA TOMA UN VASO.,1. JESSICA PRENDE UN BICCHIERE.,1. JESSICA PREND UN VERRE.,1. JESSICA NIMMT EIN GLAS.,1. ジェシカはグラスを取ります。,1. ジェシカはグラスをとります。,1. JESHIKA WA GURASU O TORIMASU.,1. JESSICA NEEMT EEN GLAS.
13,2. SHE HOLDS THE GLASS.,2. ELA SEGURA O COPO.,2. ELLA SOSTIENE EL VASO.,2. LEI TIENE IL BICCHIERE.,2. ELLE TIENT LE VERRE.,2. SIE HÄLT DAS GLAS.,2. 彼女はグラスを持ちます。,2. かのじょはグラスをもちます。,2. KANOJO WA GURASU O MOCHIMASU.,2. ZE HOUDT HET GLAS VAST.
13,3. SHE DROPS THE GLASS.,3. ELA DEIXA CAIR O COPO.,3. ELLA DEJA CAER EL VASO.,3. LEI FA CADERE IL BICCHIERE.,3. ELLE LAISSE TOMBER LE VERRE.,3. SIE LÄSST DAS GLAS FALLEN.,3. 彼女はグラスを落とします。,3. かのじょはグラスをおとします。,3. KANOJO WA GURASU O OTOSHIMASU.,3. ZE LAAT HET GLAS VALLEN.
13,4. THE GLASS BREAKS.,4. O COPO QUEBRA.,4. EL VASO SE ROMPE.,4. IL BICCHIERE SI ROMPE.,4. LE VERRE SE CASSE.,4. DAS GLAS BRICHT.,4. グラスが割れます。,4. グラスがわれます。,4. GURASU GA WAREMASU.,4. HET GLAS BRENGT.
13,5. SHE STEPS BACK.,5. ELA DÁ UM PASSO PARA TRÁS.,5. ELLA DA UN PASO ATRÁS.,5. LEI FA UN PASSO INDIETRO.,5. ELLE RECULE.,5. SIE TRETTET ZURÜCK.,5. 彼女は後ろに下がります。,5. かのじょはうしろにさがります。,5. KANOJO WA USHIRO NI SAGARIMASU.,5. ZE STAPT ACHTERUIT.
13,6. SHE LOOKS AT THE BROKEN GLASS.,6. ELA OLHA PARA O COPO QUEBRADO.,6. ELLA MIRA EL VASO ROTO.,6. LEI GUARDA IL BICCHIERE ROTTO.,6. ELLE REGARDE LE VERRE CASSÉ.,6. SIE SIEHT DAS GEBROCHENE GLAS.,6. 彼女は割れたグラスを見ます。,6. かのじょはわれたグラスをみます。,6. KANOJO WA WARETA GURASU O MIMASU.,6. ZE KIJKT NAAR HET GEBROKEN GLAS.
13,7. SHE GETS THE BROOM.,7. ELA PEGA A VASSOURA.,7. ELLA TOMA LA ESCoba.,7. LEI PRENDE LA SCOPA.,7. ELLE PREND LE BALAI.,7. SIE NIMMT DEN BESEN.,7. 彼女はほうきを取ります。,7. かのじょはほうきをとります。,7. KANOJO WA HŌKI O TORIMASU.,7. ZE NEEMT DE BEZEM.
13,8. SHE GETS THE DUSTPAN.,8. ELA PEGA A PA DE LIXO.,8. ELLA TOMA EL RECIPIENTE DE BASURA.,8. LEI PRENDE LA PALETTA.,8. ELLE PREND LA PELLE.,8. SIE NIMMT DIE KEHRSCHAUFEL.,8. 彼女はちりとりを取ります。,8. かのじょはちりとりをとります。,8. KANOJO WA CHIRITORI O TORIMASU.,8. ZE NEEMT DE STROOPPAAL.
13,9. SHE SWEEPS THE BIG BROKEN PIECES.,9. ELA VARRE OS GRANDES PEDAÇOS QUEBRADOS.,9. ELLA BARRE LOS PEDAZOS GRANDES ROTOS.,9. LEI SPAZZA I PEZZI GRANDI ROTTI.,9. ELLE BALAYE LES GROS MORCEAUX CASSÉS.,9. SIE FEGT DIE GROSSEN GEBROCHENEN STÜCKE.,9. 彼女は大きな割れた破片を掃きます。,9. かのじょはおおきなわれたはへんをはきます。,9. KANOJO WA ŌKINA WARETA HAHEN O HAKIMASU.,9. ZE VEGT DE GROTE STUKKEN.
13,10. SHE PUTS THE BIG BROKEN PIECES ONTO THE DUSTPAN.,10. ELA COLOCA OS GRANDES PEDAÇOS QUEBRADOS NA PA DE LIXO.,10. ELLA PONE LOS PEDAZOS GRANDES ROTOS EN EL RECIPIENTE DE BASURA.,10. LEI METTE I PEZZI GRANDI ROTTI NELLA PALETTA.,10. ELLE MET LES GROS MORCEAUX CASSÉS SUR LA PELLE.,10. SIE LEGT DIE GROSSEN GEBROCHENEN STÜCKE AUF DIE KEHRSCHAUFEL.,10. 彼女は大きな割れた破片をちりとりに置きます。,10. かのじょはおおきなわれたはへんをちりとりにおきます。,10. KANOJO WA ŌKINA WARETA HAHEN O CHIRITORI NI OKIMASU.,10. ZE DOET DE GROTE STUKKEN IN DE STROOPPAAL.
13,11. SHE TAKES THE BIG BROKEN PIECES TO THE TRASH CAN.,11. ELA LEVA OS GRANDES PEDAÇOS QUEBRADOS PARA A LIXEIRA.,11. ELLA LLEVA LOS PEDAZOS GRANDES ROTOS A LA PAPELERA.,11. LEI PORTA I PEZZI GRANDI ROTTI NEL CESTINO.,11. ELLE PREND LES GROS MORCEAUX CASSÉS À LA POUBELLE.,11. SIE BRINGT DIE GROSSEN GEBROCHENEN STÜCKE ZUM MÜLLEIMER.,11. 彼女は大きな割れた破片をゴミ箱に持って行きます。,11. かのじょはおおきなわれたはへんをごみばこにもちっていきます。,11. KANOJO WA ŌKINA WARETA HAHEN O GOMIBAKO NI MOTTE IKIMASU.,11. ZE BRENGT DE GROTE STUKKEN NAAR DE PRULLENBAK.
13,12. SHE THROWS THE BIG BROKEN PIECES INTO THE TRASH CAN.,12. ELA JOGA OS GRANDES PEDAÇOS QUEBRADOS NA LIXEIRA.,12. ELLA TIRA LOS PEDAZOS GRANDES ROTOS EN LA PAPELERA.,12. LEI GETTA I PEZZI GRANDI ROTTI NEL CESTINO.,12. ELLE JETTE LES GROS MORCEAUX CASSÉS DANS LA POUBELLE.,12. SIE WERFEN DIE GROSSEN GEBROCHENEN STÜCKE IN DEN MÜLLEIMER.,12. 彼女は大きな割れた破片をゴミ箱に捨てます。,12. かのじょはおおきなわれたはへんをごみばこにすてます。,12. KANOJO WA ŌKINA WARETA HAHEN O GOMIBAKO NI SUTEMASU.,12. ZE GOOIT DE GROTE STUKKEN IN DE PRULLENBAK.
13,13. SHE SWEEPS THE SMALL BROKEN PIECES.,13. ELA VARRE OS PEQUENOS PEDAÇOS QUEBRADOS.,13. ELLA BARRE LOS PEDAZOS PEQUEÑOS ROTOS.,13. LEI SPAZZA I PEZZI PICCOLI ROTTI.,13. ELLE BALAYE LES PETITS MORCEAUX CASSÉS.,13. SIE FEGT DIE KLEINEN GEBROCHENEN STÜCKE.,13. 彼女は小さな割れた破片を掃きます。,13. かのじょはちいさなわれたはへんをはきます。,13. KANOJO WA CHIISANA WARETA HAHEN O HAKIMASU.,13. ZE VEGT DE KLEINE STUKJES.
13,14. SHE PUTS THE SMALL BROKEN PIECES ONTO THE DUSTPAN.,14. ELA COLOCA OS PEQUENOS PEDAÇOS QUEBRADOS NA PA DE LIXO.,14. ELLA PONE LOS PEDAZOS PEQUEÑOS ROTOS EN EL RECIPIENTE DE BASURA.,14. LEI METTE I PEZZI PICCOLI ROTTI NELLA PALETTA.,14. ELLE MET LES PETITS MORCEAUX CASSÉS SUR LA PELLE.,14. SIE LEGT DIE KLEINEN GEBROCHENEN STÜCKE AUF DIE KEHRSCHAUFEL.,14. 彼女は小さな割れた破片をちりとりに置きます。,14. かのじょはちいさなわれたはへんをちりとりにおきます。,14. KANOJO WA CHIISANA WARETA HAHEN O CHIRITORI NI OKIMASU.,14. ZE DOET DE KLEINE STUKJES IN DE STROOPPAAL.
13,15. SHE TAKES THE DUSTPAN TO THE TRASH CAN.,15. ELA LEVA A PA DE LIXO PARA A LIXEIRA.,15. ELLA LLEVA EL RECIPIENTE DE BASURA A LA PAPELERA.,15. LEI PORTA LA PALETTA NEL CESTINO.,15. ELLE PREND LA PELLE À LA POUBELLE.,15. SIE BRINGT DIE KEHRSCHAUFEL ZUM MÜLLEIMER.,15. 彼女はちりとりをゴミ箱に持って行きます。,15. かのじょはちりとりをごみばこにもちっていきます。,15. KANOJO WA CHIRITORI O GOMIBAKO NI MOTTE IKIMASU.,15. ZE BRENGT DE STROOPPAAL NAAR DE PRULLENBAK.
13,16. SHE THROWS THE SMALL BROKEN PIECES INTO THE TRASH CAN.,16. ELA JOGA OS PEQUENOS PEDAÇOS QUEBRADOS NA LIXEIRA.,16. ELLA TIRA LOS PEDAZOS PEQUEÑOS ROTOS EN LA PAPELERA.,16. LEI GETTA I PEZZI PICCOLI ROTTI NEL CESTINO.,16. ELLE JETTE LES PETITS MORCEAUX CASSÉS DANS LA POUBELLE.,16. SIE WERFEN DIE KLEINEN GEBROCHENEN STÜCKE IN DEN MÜLLEIMER.,16. 彼女は小さな割れた破片をゴミ箱に捨てます。,16. かのじょはちいさなわれたはへんをごみばこにすてます。,16. KANOJO WA CHIISANA WARETA HAHEN O GOMIBAKO NI SUTEMASU.,16. ZE GOOIT DE KLEINE STUKJES IN DE PRULLENBAK.
13,17. SHE PUTS BACK THE BROOM AND THE DUSTPAN.,17. ELA COLOCA A VASSOURA E A PA DE LIXO DE VOLTA.,17. ELLA DEVUELVE LA ESCOba Y EL RECIPIENTE DE BASURA.,17. LEI RIPONE LA SCOPA E LA PALETTA.,17. ELLE REMET LE BALAI ET LA PELLE.,17. SIE STELLT DEN BESEN UND DIE KEHRSCHAUFEL ZURÜCK.,17. 彼女はほうきとちりとりを戻します。,17. かのじょはほうきとちりとりをもどします。,17. KANOJO WA HŌKI TO CHIRITORI O MODOSHIMASU.,17. ZE ZET DE BEZEM EN STROOPPAAL TERUG.
13,18. SHE GETS ANOTHER GLASS.,18. ELA PEGA OUTRO COPO.,18. ELLA TOMA OTRO VASO.,18. LEI PRENDE UN ALTRO BICCHIERE.,18. ELLE PREND UN AUTRE VERRE.,18. SIE NIMMT EIN ANDERES GLAS.,18. 彼女はもう一つグラスを取ります。,18. かのじょはもうひとつグラスをとります。,18. KANOJO WA MŌ HITOTSU GURASU O TORIMASU.,18. ZE NEEMT NOG EEN GLAS.
13,19. HER HUSBAND SAYS - DON'T DROP THE GLASS.,19. O MARIDO DELA DIZ - NÃO DEIXE CAIR O COPO.,19. SU ESPOSO DICE - NO DEJES CAER EL VASO.,19. SUO MARITO DICE - NON FAR CADERE IL BICCHIERE.,19. SON MARI DIT - NE LAISSE PAS TOMBER LE VERRE.,19. IHR EHEMANN SAGT - LASS DAS GLAS NICHT FALLEN.,19. 彼女の夫は言います - グラスを落とさないでください。,19. かのじょのおっとはいいます - グラスをおとさないでください。,19. KANOJO NO OTTO WA IIMASU - GURASU O OTOSANAIDE KUDASAI.,19. HAAR MAN ZEGT - LATEN HET GLAS NIET VALLEN.
14,1. THE HOUSE IS DIRTY.,1. A CASA ESTÁ SUJA.,1. LA CASA ESTÁ SUCIA.,1. LA CASA È SPORCA.,1. LA MAISON EST SALE.,1. DAS HAUS IST SCHMUTZIG.,1. 家は汚れています。,1. いえはよごれています。,1. IE WA YOGORETEIMASU.,1. HET HUIS IS VUIL.
14,2. JACK FILLS A BUCKET WITH WATER.,2. JACK ENCHE UM BALDE COM ÁGUA.,2. JACK LLENA UN CUBO CON AGUA.,2. JACK RIEMPIE UN SECCHIO CON ACQUA.,2. JACK REMPLIT UN SEAU D’EAU.,2. JACK FÜLLT EINEN EIMER MIT WASSER.,2. ジャックはバケツに水を入れます。,2. ジャックはバケツにみずをいれます。,2. JAKKU WA BAKETSU NI MIZU O IREMASU.,2. JACK VULT EEN EMMER MET WATER.
14,3. HE PUTS SOAP IN THE WATER.,3. ELE COLOCA SABÃO NA ÁGUA.,3. PONE JABÓN EN EL AGUA.,3. METTE IL SAPONE NELL’ACQUA.,3. IL MET DU SAVON DANS L’EAU.,3. ER GIBT SEIFE INS WASSER.,3. 彼は水に石鹸を入れます。,3. かれはみずにせっけんをいれます。,3. KARE WA MIZU NI SEKKEN O IREMASU.,3. HIJ DOET ZEEP IN HET WATER.
14,4. MARIO PUTS ON AN APRON.,4. MARIO COLOCA UM AVENTAL.,4. MARIO SE PONE UN DELANTAL.,4. MARIO METTE UN GREMBALE.,4. MARIO MET UN TABLIER.,4. MARIO ZIEHT EINE SCHÜRZE AN.,4. マリオはエプロンを着ます。,4. マリオはエプロンをきます。,4. MARIO WA EPURON O KIMASU.,4. MARIO DOET EEN SCHORT AAN.
14,5. MARIO GETS A RAG.,5. MARIO PEGA UM PANINHO.,5. MARIO TOMA UN TRAPO.,5. MARIO PRENDE UN PEZZO DI STRACCIO.,5. MARIO PREND UN CHIFFON.,5. MARIO NIMMT EINEN LAPPEN.,5. マリオは布を取ります。,5. マリオはぬのをとります。,5. MARIO WA NUNO O TORIMASU.,5. MARIO NEEMT EEN DOEK.
14,6. HE DUSTS THE FURNITURE WITH THE RAG.,6. ELE TIRA O PO DO MOBILIÁRIO COM O PANINHO.,6. QUITA EL POLVO DE LOS MUEBLES CON EL TRAPO.,6. SPOLVERA I MOBILI CON IL PEZZO DI STRACCIO.,6. IL DÉPOUSSIÈRE LES MEUBLES AVEC LE CHIFFON.,6. ER ENTFERNT STAUB VON DEN MÖBELN MIT DEM LAPPEN.,6. 彼は布で家具のほこりを取ります。,6. かれはぬのでかぐのほこりをとります。,6. KARE WA NUNO DE KAGU NO HOKORI O TORIMASU.,6. HIJ STOFT HET MEUBEL AF MET HET DOEK.
14,7. THEY PUT BLEACH POWDER IN THE SINK.,7. ELES COLOCAM PÓ DE CLORO NA PIA.,7. PONEN POLVO DE LEJÍA EN EL FREGADERO.,7. METTONO POLVERE DI CANDEGGINA NEL LAVANDINO.,7. ILS METTENT DE LA POUDRE D’EAU DE JAVEL DANS L’ÉVIER.,7. SIE GEBEN BLEICHPULVER IN DAS SPÜLBACKEN.,7. 彼らはシンクに漂白剤を入れます。,7. かれらはシンクにひょうはくざいをいれます。,7. KARERA WA SHINKU NI HYŌHAKUZAI O IREMASU.,7. ZE DOEN BLEEKPOEDER IN DE GOOTSTEEN.
14,8. JACK SCRUBS THE SINK WITH A SPONGE.,8. JACK ESCOVA A PIA COM UMA ESPONJA.,8. JACK FRIEGA EL FREGADERO CON UNA ESPONJA.,8. JACK STROFINA IL LAVANDINO CON UNA SPUGNA.,8. JACK FROTTE L’ÉVIER AVEC UNE ÉPONGE.,8. JACK SCHRUBBT DAS SPÜLBACKEN MIT EINEM SCHWAMM.,8. ジャックはスポンジでシンクをこすります。,8. ジャックはスポンジでシンクをこすります。,8. JAKKU WA SUPONJI DE SHINKU O KOSURIMASU.,8. JACK SCHROBT DE GOOTSTEEN.
14,9. MARIO GETS A BROOM.,9. MARIO PEGA A VASSOURA.,"9. MARIO TOMA LA ESCOBA,",9. MARIO PRENDE LA SCOPA.,9. MARIO PREND LE BALAI.,9. MARIO NIMMT DEN BESEN.,9. マリオはほうきを取ります。,9. マリオはほうきをとります。,9. MARIO WA HŌKI O TORIMASU.,9. MARIO NEEMT DE BEZEM.
14,10. HE SWEEPS THE KITCHEN FLOOR.,10. ELE VARRE O CHÃO DA COZINHA.,10. ÉL BARRE EL SUELO DE LA COCINA.,10. LUI SPAZZA IL PAVIMENTO DELLA CUCINA.,10. IL BALAYE LE SOL DE LA CUISINE.,10. ER FEGT DEN KÜCHENBODEN.,10. 彼は台所の床を掃きます。,10. かれはだいどころのゆかをはきます。,10. KARE WA DAIDOKORO NO YUKA O HAKIMASU.,10. HIJ VEGT DE KEUKENVLOER.
14,11. JACK MOPS THE KITCHEN FLOOR.,11. JACK PASSA PANO NO CHÃO DA COZINHA.,11. JACK TRAPEA EL SUELO DE LA COCINA.,11. JACK PASSA LO STRACCIO SUL PAVIMENTO DELLA CUCINA.,11. JACK LAVE LE SOL DE LA CUISINE.,11. JACK WISCHT DEN KÜCHENBODEN.,11. ジャックは台所の床を拭きます。,11. ジャックはだいどころのゆかをふきます。,11. JAKKU WA DAIDOKORO NO YUKA O FUKIMASU.,11. JACK DOEKT DE KEUKENVLOER.
14,12. JACK VACUUMS THE RUG.,12. JACK ASPIRA O TAPETE.,12. JACK ASPIRA LA ALFOMBRA.,12. JACK ASPIRA IL TAPPETO.,12. JACK ASPIRERA LE TAPIS.,12. JACK SAUGT DEN TEPPICH.,12. ジャックはじゅうたんを掃除します。,12. ジャックはじゅうたんをそうじします。,12. JAKKU WA JŪTAN O SŌJI SHIMASU.,12. JACK STOFT HET TAPIJT AF.
14,13. JACK PUTS THE TRASH IN THE TRASH CAN.,13. JACK COLOCA O LIXO NA LIXEIRA.,13. JACK PONE LA BASURA EN LA PAPELERA.,13. JACK METTE LA SPAZZATURA NEL CESTINO.,13. JACK MET LES ORDURES DANS LA POUBELLE.,13. JACK LEGT DEN MÜLL IN DEN MÜLLEIMER.,13. ジャックはゴミをゴミ箱に入れます。,13. ジャックはごみをごみばこにいれます。,13. JAKKU WA GOMI O GOMIBAKO NI IREMASU.,13. JACK DOET HET AFVAL IN DE PRULLENBAK.
14,14. THE HOUSE IS CLEAN.,14. A CASA ESTÁ LIMPA.,14. LA CASA ESTÁ LIMPIA.,14. LA CASA È PULITA.,14. LA MAISON EST PROPRE.,14. DAS HAUS IST SAUBER.,14. 家はきれいです。,14. いえはきれいです。,14. IE WA KIREI DESU.,14. HET HUIS IS SCHOON.
15,1. LUCAS CARRIES AN EXPENSIVE CERAMIC MUG.,1. LUCAS CARREGA UMA CANECA CERÂMICA CARA.,1. LUCAS LLEVA UNA TAZA DE CERÁMICA CARA.,1. LUCAS PORTA UNA TAZZA DI CERAMICA COSTOSA.,1. LUCAS PORTE UNE TASSE EN CÉRAMIQUE CHÈRE.,1. LUCAS TRÄGT EINE TEURE KERAMIKTASSE.,1. ルーカスは高価な陶器のマグカップを持ちます。,1. ルーカスはこうかなとうきのマグカップをもちます。,1. RŪKASU WA KŌKA NA TŌKI NO MAGUKAPPU O MOCHIMASU.,1. LUCAS DRAAGT EEN DUUR CERAMIEKBEKERTJE.
15,2. HE WALKS TO THE TABLE.,2. ELE CAMINHA ATÉ A MESA.,2. ÉL CAMINA HACIA LA MESA.,2. LUI VA VERSO IL TAVOLO.,2. IL VA VERS LA TABLE.,2. ER GEHT ZUM TISCH.,2. 彼はテーブルに歩きます。,2. かれはテーブルにあるきます。,2. KARE WA TĒBURU NI ARUKIMASU.,2. HIJ LOOPT NAAR DE TAFEL.
15,3. HE DROPS THE MUG.,3. ELE DEIXA CAIR A CANECA.,3. ÉL DEJA CAER LA TAZA.,3. LUI FA CADERE LA TAZZA.,3. IL LAISSE TOMBER LA TASSE.,3. ER LÄSST DIE TASSE FALLEN.,3. 彼はマグカップを落とします。,3. かれはマグカップをおとします。,3. KARE WA MAGUKAPPU O OTOSIMASU.,3. HIJ LAAT DE BEKER VALLEN.
15,4. THE MUG BREAKS.,4. A CANECA QUEBRA.,4. LA TAZA SE ROMPE.,4. LA TAZZA SI ROMPE.,4. LA TASSE SE CASSE.,4. DIE TASSE BRICHT.,4. マグカップが割れます。,4. マグカップがわれます。,4. MAGUKAPPU GA WAREMASU.,4. DE BEKER BRENGT.
15,5. HE STEPS BACK.,5. ELE DÁ UM PASSO PARA TRÁS.,5. ÉL DA UN PASO ATRÁS.,5. LUI FA UN PASSO INDIETRO.,5. IL RECULE D’UN PAS.,5. ER TRETTET ZURÜCK.,5. 彼は後ろに下がります。,5. かれはうしろにさがります。,5. KARE WA USHIRO NI SAGARIMASU.,5. HIJ STAPT ACHTERUIT.
15,6. HE LOOKS AT THE BROKEN MUG.,6. ELE OLHA PARA A CANECA QUEBRADA.,6. ÉL MIRA LA TAZA ROTA.,6. LUI GUARDA LA TAZZA ROTTA.,6. IL REGARDE LA TASSE CASSÉE.,6. ER SIEHT DIE GEBROCHENE TASSE AN.,6. 彼は割れたマグカップを見ます。,6. かれはわれたマグカップをみます。,6. KARE WA WARETA MAGUKAPPU O MIMASU.,6. HIJ KIJKT NAAR DE GEBROCHEN BEKER.
15,7. HE GETS THE BROOM.,7. ELE PEGA A VASSOURA.,7. ÉL TOMA LA ESCOba.,7. LUI PRENDE LA SCOPA.,7. IL PREND LE BALAI.,7. ER NIMMT DEN BESEN.,7. 彼はほうきを取ります。,7. かれはほうきをとります。,7. KARE WA HŌKI O TORIMASU.,7. HIJ NEEMT DE BEZEM.
15,8. HE GETS THE DUSTPAN.,8. ELE PEGA A PA DE LIXO.,8. ÉL TOMA EL RECIPIENTE DE BASURA.,8. LUI PRENDE LA PALETTA.,8. IL PREND LA PELLE.,8. ER NIMMT DIE KEHRSCHAUFEL.,8. 彼はちりとりを取ります。,8. かれはちりとりをとります。,8. KARE WA CHIRITORI O TORIMASU.,8. HIJ NEEMT DE STROOPPAAL.
15,9. HE SWEEPS THE BIG BROKEN PIECES.,9. ELE VARRE OS GRANDES PEDAÇOS QUEBRADOS.,9. ÉL BARRE LOS GRANDES PEDAZOS ROTOS.,9. LUI SPAZZA I GRANDI PEZZI ROTTI.,9. IL BALAYE LES GRANDS MORCEAUX CASSÉS.,9. ER FEGT DIE GROSSEN GEBROCHENEN STÜCKE.,9. 彼は大きな割れた破片を掃きます。,9. かれはおおきなわれたはへんをはきます。,9. KARE WA ŌKINA WARETA HAHEN O HAKIMASU.,9. HIJ VEGT DE GROTE STUKKEN.
15,10. HE THROWS THE BIG BROKEN PIECES IN THE TRASH CAN.,10. ELE JOGA OS GRANDES PEDAÇOS NA LIXEIRA.,10. ÉL TIRA LOS GRANDES PEDAZOS ROTOS EN LA PAPELERA.,10. LUI GETTA I GRANDI PEZZI ROTTI NEL CESTINO.,10. IL JETTE LES GRANDS MORCEAUX CASSÉS DANS LA POUBELLE.,10. ER WERFEN DIE GROSSEN GEBROCHENEN STÜCKE IN DEN MÜLLEIMER.,10. 彼は大きな割れた破片をゴミ箱に捨てます。,10. かれはおおきなわれたはへんをごみばこにすてます。,10. KARE WA ŌKINA WARETA HAHEN O GOMIBAKO NI SUTEMASU.,10. HIJ GOOIT DE GROTE STUKKEN IN DE PRULLENBAK.
15,11. HE SWEEPS THE SMALL BROKEN PIECES.,11. ELE VARRE OS PEQUENOS PEDAÇOS QUEBRADOS.,11. ÉL BARRE LOS PEDAZOS PEQUEÑOS ROTOS.,11. LUI SPAZZA I PEZZI PICCOLI ROTTI.,11. IL BALAYE LES PETITS MORCEAUX CASSÉS.,11. ER FEGT DIE KLEINEN GEBROCHENEN STÜCKE.,11. 彼は小さな割れた破片を掃きます。,11. かれはちいさなわれたはへんをはきます。,11. KARE WA CHIISANA WARETA HAHEN O HAKIMASU.,11. HIJ VEGT DE KLEINE STUKJES.
15,12. HE PUTS THE SMALL BROKEN PIECES INTO THE TRASH CAN.,12. ELE COLOCA OS PEQUENOS PEDAÇOS NA LIXEIRA.,12. ÉL PONE LOS PEDAZOS PEQUEÑOS ROTOS EN LA PAPELERA.,12. LUI METTE I PEZZI PICCOLI ROTTI NEL CESTINO.,12. IL MET LES PETITS MORCEAUX CASSÉS DANS LA POUBELLE.,12. SIE LEGT DIE KLEINEN GEBROCHENEN STÜCKE IN DEN MÜLLEIMER.,12. 彼は小さな割れた破片をゴミ箱に入れます。,12. かれはちいさなわれたはへんをごみばこにいれます。,12. KARE WA CHIISANA WARETA HAHEN O GOMIBAKO NI IREMASU.,12. HIJ DOET DE KLEINE STUKJES IN DE PRULLENBAK.
15,13. HE PUTS BACK THE BROOM AND THE DUSTPAN.,13. ELE COLOCA A VASSOURA E A PA DE LIXO DE VOLTA.,13. ÉL DEVUELVE LA ESCOba Y EL RECIPIENTE DE BASURA.,13. LUI RIPONE LA SCOPA E LA PALETTA.,13. IL REMET LE BALAI ET LA PELLE.,13. SIE STELLT DEN BESEN UND DIE KEHRSCHAUFEL ZURÜCK.,13. 彼はほうきとちりとりを戻します。,13. かれはほうきとちりとりをもどします。,13. KARE WA HŌKI TO CHIRITORI O MODOSHIMASU.,13. HIJ ZET DE BEZEM EN STROOPPAAL TERUG.
15,14. HE GETS A NEW MUG.,14. ELE PEGA UMA NOVA CANECA.,14. ÉL TOMA UNA NUEVA TAZA.,14. LUI PRENDE UNA NUOVA TAZZA.,14. IL PREND UNE NOUVELLE TASSE.,14. ER NIMMT EINE NEUE TASSE.,14. 彼は新しいマグカップを取ります。,14. かれはあたらしいマグカップをとります。,14. KARE WA ATARASHĪ MAGUKAPPU O TORIMASU.,14. HIJ NEEMT EEN NIEUWE BEKER.
16,1. MARINA WALKS TO THE PLAYGROUND.,1. MARINA CAMINHA ATÉ O PARQUE.,1. MARINA CAMINA HACIA EL PARQUE.,1. MARINA VA VERSO IL PARCO GIOCHI.,1. MARINA MARCHE VERS LE TERRAIN DE JEU.,1. MARINA GEHT ZUM SPIELPLATZ.,1. マリナは遊び場に歩きます。,1. マリナはあそびばにあるきます。,1. MARINA WA ASOBIBA NI ARUKIMASU.,1. MARINA LOOPT NAAR DE SPEELTUIN.
16,2. SHE SEES A BALL ON THE GROUND.,2. ELA VÊ UMA BOLA NO CHÃO.,2. ELLA VE UNA PELOTA EN EL SUELO.,2. LEI VEDE UNA PALLA A TERRA.,2. ELLE VOIT UNE BALLE PAR TERRE.,2. SIE SIEHT EINEN BALL AUF DEM BODEN.,2. 彼女は地面にボールを見ます。,2. かのじょはじめんにボールをみます。,2. KANOJO WA JIMEN NI BŌRU O MIMASU.,2. ZE ZIET EEN BAL OP DE GROND.
16,3. SHE KICKS THE BALL.,3. ELA CHUTA A BOLA.,3. ELLA PATEA LA PELOTA.,3. LEI CALCIA LA PALLA.,3. ELLE DONNE UN COUP DE PIED À LA BALLE.,3. SIE TRETET DEN BALL.,3. 彼女はボールを蹴ります。,3. かのじょはボールをけります。,3. KANOJO WA BŌRU O KERIMASU.,3. ZE TRAPT DE BAL.
16,4. THE BALL HITS A TREE.,4. A BOLA BATE EM UMA ÁRVORE.,4. LA PELOTA GOLPEA UN ÁRBOL.,4. LA PALLA COLPISCE UN ALBERO.,4. LA BALLE FRAPPE UN ARBRE.,4. DER BALL TRIFFT EINEN BAUM.,4. ボールが木に当たります。,4. ボールがきにあたります。,4. BŌRU GA KI NI ATARIMASU.,4. DE BAL TREFT EEN BOOM.
16,5. SHE RUNS TO GET THE BALL.,5. ELA CORRE PARA PEGAR A BOLA.,5. ELLA CORRE A POR LA PELOTA.,5. LEI CORRE A PRENDERE LA PALLA.,5. ELLE COURT POUR ATTRAPER LA BALLE.,"5. SIE LÄUFT, UM DEN BALL ZU HOLEN.",5. 彼女はボールを取るために走ります。,5. かのじょはボールをとるためにはしります。,5. KANOJO WA BŌRU O TORU TAME NI HASHIRIMASU.,5. ZE RENNT OM DE BAL TE PAKKEN.
16,6. SHE TRIPS ON THE GRASS.,6. ELA TROPEÇA NA GRAMA.,6. ELLA TROPIEZA EN EL CÉSPED.,6. LEI INCIAMPA SULL’ERBA.,6. ELLE TRIPLE SUR L’HERBE.,6. SIE STOLPERT IM GRAS.,6. 彼女は草でつまずきます。,6. かのじょはくさでつまずきます。,6. KANOJO WA KUSA DE TSUMAZUKIMASU.,6. ZE STRUIKELT OP HET GRAS.
16,7. SHE FALLS FORWARD.,7. ELA CAI PARA A FRENTE.,7. ELLA SE CAE HACIA ADELANTE.,7. LEI CADE IN AVANTI.,7. ELLE TOMBE EN AVANT.,7. SIE FÄLLT NACH VORN.,7. 彼女は前に倒れます。,7. かのじょはまえにたおれます。,7. KANOJO WA MAE NI TAOREMASU.,7. ZE VALT VOOROVER.
16,8. SHE TOUCHES HER HAND.,8. ELA TOCA A MÃO.,8. ELLA TOCA SU MANO.,8. LEI TOCCA LA MANO.,8. ELLE TOUCHE SA MAIN.,8. SIE BERÜHRT IHRE HAND.,8. 彼女は手に触れます。,8. かのじょはてにふれます。,8. KANOJO WA TE NI FUREMASU.,8. ZE RAAKT HAAR HAND AAN.
16,9. HER HAND HURTS.,9. SUA MÃO DÓI.,9. SU MANO DUELE.,9. LA SUA MANO FA MALE.,9. SA MAIN FA MAL.,9. IHRE HAND TUT WEH.,9. 彼女の手が痛いです。,9. かのじょのてがいたいです。,9. KANOJO NO TE GA ITAI DESU.,9. HAAR HAND DOET PIJN.
16,10. SHE CRIES A LITTLE.,10. ELA CHORA UM POUCO.,10. ELLA LLORA UN POCO.,10. LEI PIANGE UN PO’ DI PIÙ.,10. ELLE PLEURE UN PEU.,10. SIE WEINT EIN WENIG.,10. 彼女は少し泣きます。,10. かのじょはすこしなきます。,10. KANOJO WA SUKOSHI NAKIMASU.,10. ZE HUILT EEN BEETJE.
16,11. SHE STANDS UP SLOWLY.,11. ELA SE LEVANTA DEVAGAR.,11. ELLA SE LEVANTA DESPACIO.,11. LEI SI ALZA LENTAMENTE.,11. ELLE SE LÈVE LENTEMENT.,11. SIE STEHT LANGSAM AUF.,11. 彼女はゆっくり立ちます。,11. かのじょはゆっくりたちます。,11. KANOJO WA YUKKURI TACHIMASU.,11. ZE STAAT LANGZAAM OP.
16,12. SHE TAKES A TISSUE OUT OF HER POCKET.,12. ELA PEGA UM LENÇO DO BOLSO.,12. ELLA SACA UN PAÑUELO DEL BOLSILLO.,12. LEI PRENDE UN FAZZOLETTO DALLA TASCA.,12. ELLE PREND UN MOUCHOIR DE SA POCHE.,12. SIE NEHMT EIN TASCHENTUCH AUS DER TASCHE.,12. 彼女はポケットからティッシュを取ります。,12. かのじょはポケットからティッシュをとります。,12. KANOJO WA POKETTO KARA TISSHU O TORIMASU.,12. ZE NEEMT EEN ZAKDOEK UIT HAAR ZAK.
16,13. SHE WIPES HER HAND WITH THE TISSUE.,13. ELA LIMPA A MÃO COM O LENÇO.,13. ELLA SE LIMPIA LA MANO CON EL PAÑUELO.,13. LEI SI PULISCE LA MANO CON IL FAZZOLETTO.,13. ELLE S’ESSUIE LA MAIN AVEC LE MOUCHOIR.,13. SIE WISCHT IHRE HAND MIT DEM TASCHENTUCH.,13. 彼女はティッシュで手を拭きます。,13. かのじょはティッシュでてをふきます。,13. KANOJO WA TISSHU DE TE O FUKIMASU.,13. ZE VEGT HAAR HAND AF MET DE ZAKDOEK.
16,14. SHE WALKS TO A BENCH.,14. ELA CAMINHA ATÉ UM BANCO.,14. ELLA CAMINA HACIA UN BANCO.,14. LEI VA VERSO UNA PANCHINA.,14. ELLE MARCHE VERS UN BANC.,14. SIE GEHT ZU EINER BANK.,14. 彼女はベンチに歩きます。,14. かのじょはベンチにあるきます。,14. KANOJO WA BENCHI NI ARUKIMASU.,14. ZE LOOPT NAAR EEN BANK.
16,15. SHE SITS AND BREATHES DEEPLY.,15. ELA SE SENTA E RESPIRA FUNDO.,15. ELLA SE SIENTA Y RESPIRA PROFUNDAMENTE.,15. LEI SI SIEDE E RESPIRA PROFONDAMENTE.,15. ELLE S’ASSOIT ET RESPIRÉ PROFONDEMENT.,15. SIE SETZT SICH UND ATMET TIEF EIN.,15. 彼女は座って深く息をします。,15. かのじょはすわってふかくいきをします。,15. KANOJO WA SUWATTE FUKAKU IKI O SHIMASU.,15. ZE GAAT ZITTEN EN HAALT DIEP ADEM.
16,16. SHE GETS A BANDAGE FROM HER BAG.,16. ELA PEGA UM CURATIVO DA BOLSA.,16. ELLA TOMA UNA VENDA DE SU BOLSO.,16. LEI PRENDE UN CEROTTO DALLA BORSA.,16. ELLE PREND UN PANSEMENT DE SON SAC.,16. SIE NIMMT EINEN VERBAND AUS DER TASCHE.,16. 彼女はバッグから包帯を取ります。,16. かのじょはバッグからほうたいをとります。,16. KANOJO WA BAGGU KARA HŌTAI O TORIMASU.,16. ZE NEEMT EEN VERBAND UIT HAAR TAS.
16,17. SHE PUTS THE BANDAGE ON HER HAND.,17. ELA COLOCA O CURATIVO NA MÃO.,17. ELLA PONE EL VENDAJE EN SU MANO.,17. LEI METTE IL CEROTTO SULLA MANO.,17. ELLE MET LE PANSEMENT SUR SA MAIN.,17. SIE LEGT DEN VERBAND AUF IHRE HAND.,17. 彼女は手に包帯を貼ります。,17. かのじょはてにほうたいをはります。,17. KANOJO WA TE NI HŌTAI O HARIMASU.,17. ZE ZET HET VERBAND OP HAAR HAND.
16,18. SHE SMILES AND PICKS UP THE BALL.,18. ELA SORRI E PEGA A BOLA.,18. ELLA SONRÍE Y RECOGE LA PELOTA.,18. LEI SORRIDE E PRENDE LA PALLA.,18. ELLE SOURIT ET PREND LA BALLE.,18. SIE LÄCHELT UND HOLT DEN BALL.,18. 彼女は笑ってボールを取ります。,18. かのじょはわらってボールをとります。,18. KANOJO WA WARATTE BŌRU O TORIMASU.,18. ZE GLIMLACHT EN PAKT DE BAL OP.
17,1. THE KITCHEN IS MESSY.,1. A COZINHA ESTÁ BAGUNÇADA.,1. LA COCINA ESTÁ DESORDENADA.,1. LA CUCINA È DISORDINATA.,1. LA CUISINE EST EN DÉSORDRE.,1. DIE KÜCHE IST UNORDENTLICH.,1. キッチンは散らかっています。,1. キッチンはちらかっています。,1. KITCHIN WA CHIRAKATTEIMASU.,1. DE KEUKEN IS ROMMELIG.
17,2. SHE PICKS UP DIRTY PLATES.,2. ELA PEGA PRATOS SUJOS.,2. ELLA RECOGE LOS PLATOS SUCIOS.,2. LEI PRENDE I PIATTI SPORCHI.,2. ELLE RAMASSE LES ASSIETTES SALES.,2. SIE NIMMT DIE SCHMUTZIGEN TELLER.,2. 彼女は汚れた皿を取ります。,2. かのじょはよごれたさらをとります。,2. KANOJO WA YOGORETA SARA O TORIMASU.,2. ZE NEEMT DE VIEZE BORDEN.
17,3. SHE LOOKS AT THE SINK.,3. ELA OLHA PARA A PIA.,3. ELLA MIRA EL FREGADERO.,3. LEI GUARDA IL LAVANDINO.,3. ELLE REGARDE L’ÉVIER.,3. SIE SIEHT DAS SPÜLBECKEN AN.,3. 彼女はシンクを見ます。,3. かのじょはシンクをみます。,3. KANOJO WA SHINKU O MIMASU.,3. ZE KIJKT NAAR DE GOOTSTEEN.
17,4. SHE TURNS ON THE COLD TAP.,4. ELA ABRE A TORNEIRA DE ÁGUA FRIA.,4. ELLA ABRE EL GRIFO DE AGUA FRÍA.,4. LEI APRE IL RUBINETTO DELL’ACQUA FREDDA.,4. ELLE OUVRE LE ROBINET D’EAU FROIDE.,4. SIE DREHT DEN KALTWASSERHAHN AUF.,4. 彼女は水道の水を出します。,4. かのじょはすいどうのみずをだします。,4. KANOJO WA SUIDŌ NO MIZU O DASHIMASU.,4. ZE DRAAIT DE KRAAN OPEN.
17,5. SHE WASHES HER HANDS FIRST.,5. ELA LAVA AS MÃOS PRIMEIRO.,5. ELLA SE LAVA LAS MANOS PRIMERO.,5. LEI LAVA LE MANI PRIMA.,5. ELLE SE LAVE LES MAINS D’ABORD.,5. SIE WÄSCHT ZUERST IHRE HÄNDE.,5. 彼女はまず手を洗います。,5. かのじょはまずてをあらいます。,5. KANOJO WA MAZU TE O ARAIMASU.,5. ZE WAST EERST HAAR HANDEN.
17,6. SHE PUTS SOAP ON THE SPONGE.,6. ELA COLOCA SABÃO NA ESPONJA.,6. ELLA PONE JABÓN EN LA ESPONJA.,6. LEI METTE IL SAPONE SULLA SPUGNA.,6. ELLE MET DU SAVON SUR L’ÉPONGE.,6. SIE MACHT SEIFE AUF DEN SCHWAMM.,6. 彼女はスポンジに石鹸をつけます。,6. かのじょはスポンジにせっけんをつけます。,6. KANOJO WA SUPONJI NI SEKKEN O TSUKEMASU.,6. ZE DOET ZEEP OP DE SPONS.
17,7. SHE SCRUBS A PLATE.,7. ELA ESFREGA UM PRATO.,7. ELLA FROTA UN PLATO.,7. LEI STROFINA UN PIATTO.,7. ELLE FROTTE UNE ASSIETTE.,7. SIE SCHUBBT EINEN TELLER.,7. 彼女は皿をこすります。,7. かのじょはさらをこすります。,7. KANOJO WA SARA O KOSURIMASU.,7. ZE SCHROBT EEN BORD.
17,8. SHE RINSES THE PLATE UNDER WATER.,8. ELA ENXÁGUA O PRATO SOBRE A ÁGUA.,8. ELLA ENJUAGA EL PLATO BAJO EL AGUA.,8. LEI RISCIACQUA IL PIATTO SOTTO L’ACQUA.,8. ELLE RINCE L’ASSIETTE SOUS L’EAU.,8. SIE SPÜLT DEN TELLER UNTER WASSER.,8. 彼女は皿を水で流します。,8. かのじょはさらをみずでながします。,8. KANOJO WA SARA O MIZU DE NAGASHIMASU.,8. ZE SPOELT HET BORD ONDER HET WATER.
17,9. SHE PUTS THE PLATE IN THE DISH RACK.,9. ELA COLOCA O PRATO NO ESCORREDOR.,9. ELLA PONE EL PLATO EN EL ESCURRIDOR.,9. LEI METTE IL PIATTO NELLO SCOLAPASTA.,9. ELLE MET L’ASSIETTE DANS L’ÉGOUTTOIR.,9. SIE STELLT DEN TELLER IN DAS ABTROCKNUNGSGESTELL.,9. 彼女は皿を水切りに置きます。,9. かのじょはさらをみずきりにおきます。,9. KANOJO WA SARA O MIZUKIRI NI OKIMASU.,9. ZE ZET HET BORD IN HET DROOGREK.
17,10. SHE PICKS UP A GLASS.,10. ELA PEGA UM COPO.,10. ELLA TOMA UN VASO.,10. LEI PRENDE UN BICCHIERE.,10. ELLE PREND UN VERRE.,10. SIE NIMMT EIN GLAS.,10. 彼女はグラスを取ります。,10. かのじょはグラスをとります。,10. KANOJO WA GURASU O TORIMASU.,10. ZE NEEMT EEN GLAS.
17,11. SHE CLEANSES THE GLASS WITH SOAP.,11. ELA LIMPA O COPO COM SABÃO.,11. ELLA LIMPIA EL VASO CON JABÓN.,11. LEI PULISCE IL BICCHIERE CON IL SAPONE.,11. ELLE NETTOIE LE VERRE AVEC DU SAVON.,11. SIE REINIGT DAS GLAS MIT SEIFE.,11. 彼女はグラスを石鹸で洗います。,11. かのじょはグラスをせっけんであらいます。,11. KANOJO WA GURASU O SEKKEN DE ARAIMASU.,11. ZE MAAKT HET GLAS SCHOON MET ZEEP.
17,12. SHE RINSES THE GLASS.,12. ELA ENXÁGUA O COPO.,12. ELLA ENJUAGA EL VASO.,12. LEI RISCIACQUA IL BICCHIERE.,12. ELLE RINCE LE VERRE.,12. SIE SPÜLT DAS GLAS.,12. 彼女はグラスを水ですすぎます。,12. かのじょはグラスをみずですすぎます。,12. KANOJO WA GURASU O MIZU DE SUSUGIMASU.,12. ZE SPOELT HET GLAS.
17,13. SHE CHECKS THE SINK.,13. ELA CONFERE A PIA.,13. ELLA REVISE EL FREGADERO.,13. LEI CONTROLLA IL LAVANDINO.,13. ELLE VÉRIFIE L’ÉVIER.,13. SIE ÜBERPRÜFT DAS SPÜLBECKEN.,13. 彼女はシンクを確認します。,13. かのじょはシンクをかくにんします。,13. KANOJO WA SHINKU O KAKUNIN SHIMASU.,13. ZE CONTROLEERT DE GOOTSTEEN.
17,14. SHE CLEANS THE SINK QUICKLY.,14. ELA LIMPA A PIA RAPIDAMENTE.,14. ELLA LIMPIA EL FREGADERO RÁPIDAMENTE.,14. LEI PULISCE IL LAVANDINO VELOCEMENTE.,14. ELLE NETTOIE RAPIDEMENT L’ÉVIER.,14. SIE REINIGT DAS SPÜLBECKEN SCHNELL.,14. 彼女はシンクをすぐに掃除します。,14. かのじょはシンクをすぐにそうじします。,14. KANOJO WA SHINKU O SUGU NI SŌJI SHIMASU.,14. ZE MAAKT HET GOOTSTEEN SNEL SCHOON.
17,15. SHE SMILES AND LEAVES THE KITCHEN.,15. ELA SORRI E SAI DA COZINHA.,15. ELLA SONRÍE Y SALE DE LA COCINA.,15. LEI SORRIDE E LASCIA LA CUCINA.,15. ELLE SOURIT ET QUITTE LA CUISINE.,15. SIE LÄCHELT UND VERLÄSST DIE KÜCHE.,15. 彼女は笑ってキッチンを出ます。,15. かのじょはわらってキッチンをでます。,15. KANOJO WA WARATTE KITCHIN O DEMASU.,15. ZE GLIMLACHT EN VERLAAT DE KEUKEN.
18,1. HIROKI FEELS SICK.,1. HIROKI SE SENTE MAL.,1. HIROKI SE SIENTE MAL.,1. HIROKI SI SENTE MALE.,1. HIROKI SE SENT MAL.,1. HIROKI FÜHLT SICH KRANK.,1. ヒロキは気分が悪いです。,1. ヒロキはきぶんがわるいです。,1. HIROKI WA KIBUN GA WARUI DESU.,1. HIROKI VOELT ZICH ZIEK.
18,2. HE TOUCHES HIS HEAD.,2. ELE TOCA A CABEÇA.,2. ÉL SE TOCA LA CABEZA.,2. LUI TOCCA LA TESTA.,2. IL TOUCHE SA TÊTE.,2. ER BERÜHRT SEINEN KOPF.,2. 彼は頭に触れます。,2. かれはあたまにふれます。,2. KARE WA ATAMA NI FUREMASU.,2. HIJ RAALT ZIJN HOOFD.
18,3. HE SITS ON THE SOFA.,3. ELE SE SENTA NO SOFÁ.,3. ÉL SE SIENTA EN EL SOFÁ.,3. LUI SI SIEDE SUL DIVANO.,3. IL S’ASSOIT SUR LE CANAPÉ.,3. ER SETZT SICH AUF DAS SOFA.,3. 彼はソファに座ります。,3. かれはソファにすわります。,3. KARE WA SOFA NI SUWARIMASU.,3. HIJ GAAT OP DE BANK ZITTEN.
18,4. HE COUGHS QUIETLY.,4. ELE TOSSE BAIXO.,4. ÉL TOSA SUAVEMENTE.,4. LUI TOSSE LEGGERMENTE.,4. IL TOUSSE TRANQUILLEMENT.,4. ER HUSTET LEISE.,4. 彼は静かに咳をします。,4. かれはしずかにせきをします。,4. KARE WA SHIZUKA NI SEKI O SHIMASU.,4. HIJ HOEST ZACHT.
18,5. HE LOOKS FOR A TISSUE.,5. ELE PROCURA UM LENÇO.,5. ÉL BUSCA UN PAÑUELO.,5. LUI CERCA UN FAZZOLETTO.,5. IL CHERCHE UN MOUCHOIR.,5. ER SUCHT EIN TASCHENTUCH.,5. 彼はティッシュを探します。,5. かれはティッシュをさがします。,5. KARE WA TISSHU O SAGASHIMASU.,5. HIJ ZOCHT EEN ZAKDOEK.
18,6. HE TAKES OUT A TISSUE FROM HIS POCKET.,6. ELE PEGA UM LENÇO DO BOLSO.,6. ÉL SACA UN PAÑUELO DEL BOLSILLO.,6. LUI PRENDE UN FAZZOLETTO DALLA TASCA.,6. IL SORT UN MOUCHOIR DE SA POCHE.,6. ER NIMMT EIN TASCHENTUCH AUS DER TASCHE.,6. 彼はポケットからティッシュを取り出します。,6. かれはポケットからティッシュをとりだします。,6. KARE WA POKETTO KARA TISSHU O TORIDASHIMASU.,6. HIJ HAALT EEN ZAKDOEK UIT ZIJN ZAK.
18,7. HE BLOWS HIS NOSE.,7. ELE ASSOA O NARIZ.,7. ÉL SE SUA LA NARIZ.,7. LUI SI SOFFIA IL NASO.,7. IL SE MOUCHE.,7. ER SCHNÄUZT SICH.,7. 彼は鼻をかみます。,7. かれははなをかみます。,7. KARE WA HANA O KAMIMASU.,7. HIJ BLAST ZIJN NEUS.
18,8. HE DRINKS SOME WATER.,8. ELE BEBE UM POUCO DE ÁGUA.,8. ÉL BEBE UN POCO DE AGUA.,8. LUI BEVE UN PO’ D’ACQUA.,8. IL BOIT UN PEU D’EAU.,8. ER TRINKT ETWAS WASSER.,8. 彼は水を飲みます。,8. かれはみずをのみます。,8. KARE WA MIZU O NOMIMASU.,8. HIJ DRINKT WAT WATER.
18,9. HE THINKS ABOUT GOING OUT.,9. ELE PENSA EM SAIR.,9. ÉL PIENSA EN SALIR.,9. LUI PENSA DI USCIRE.,9. IL PENSE À SORTIR.,"9. ER DENKT DARAN, RAUSZUGEHEN.",9. 彼は外出を考えます。,9. かれはがいしゅつをかんがえます。,9. KARE WA GAISHUTSU O KANGAEMASU.,9. HIJ DENKT AAN NAAR BUITENGAAN.
18,10. HE WALKS SLOWLY TO THE DOOR.,10. ELE CAMINHA DEVAGAR ATÉ A PORTA.,10. ÉL CAMINA DESPACIO HACIA LA PUERTA.,10. LUI CAMMINA LENTAMENTE VERSO LA PORTA.,10. IL MARCHE LENTEMENT VERS LA PORTE.,10. ER GEHT LANGSAM ZUR TÜR.,10. 彼はゆっくりとドアに歩きます。,10. かれはゆっくりとドアにあるきます。,10. KARE WA YUKKURI TO DOA NI ARUKIMASU.,10. HIJ LOOPT LANGZAAM NAAR DE DEUR.
18,11. HE CALLS THE DRUGSTORE FIRST.,11. ELE LIGA PARA A FARMÁCIA PRIMEIRO.,11. ÉL LLAMA A LA FARMACIA PRIMERO.,11. LUI CHIAMA LA FARMACIA PRIMA.,11. IL APPELLE LA PHARMACIE EN PREMIER.,11. ER RUFT ZUERST IN DER APOTHEKE AN.,11. 彼はまず薬局に電話します。,11. かれはまずやっきょくにでんわします。,11. KARE WA MAZU YAKKYOKU NI DENWA SHIMASU.,11. HIJ BELT EERST NAAR DE APOTHEEK.
18,12. HE LISTENS TO THE PHARMACIST ON THE PHONE.,12. ELE ESCUTA O FARMACÊUTICO AO TELEFONE.,12. ÉL ESCUCHA AL FARMACÉUTICO POR TELÉFONO.,12. LUI ASCOLTA IL FARMACISTA AL TELEFONO.,12. IL ÉCOUTE LE PHARMACIEN AU TÉLÉPHONE.,12. ER HÖRT DEM APOTHEKER AM TELEFON ZU.,12. 彼は電話で薬剤師の話を聞きます。,12. かれはでんわでやくざいしのはなしをききます。,12. KARE WA DENWA DE YAKUZAISHI NO HANASHI O KIKIMASU.,12. HIJ LUISTERT NAAR DE APOTHEKER.
18,13. HE LEAVES THE HOUSE.,13. ELE SAI DE CASA.,13. ÉL SALE DE LA CASA.,13. LUI ESCE DI CASA.,13. IL QUITTE LA MAISON.,13. ER VERLÄSST DAS HAUS.,13. 彼は家を出ます。,13. かれはいえをでます。,13. KARE WA IE O DEMASU.,13. HIJ VERLAAT HET HUIS.
18,14. HE WALKS TO THE DRUGSTORE.,14. ELE VAI ATÉ A FARMÁCIA.,14. ÉL CAMINA A LA FARMACIA.,14. LUI VA ALLA FARMACIA.,14. IL MARCHE JUSQU’À LA PHARMACIE.,14. ER GEHT ZUR APOTHEKE.,14. 彼は薬局に歩きます。,14. かれはやっきょくにあるきます。,14. KARE WA YAKKYOKU NI ARUKIMASU.,14. HIJ LOOPT NAAR DE APOTHEEK.
18,15. HE BUYS MEDICINE.,15. ELE COMPRA REMÉDIO.,15. ÉL COMPRA MEDICINA.,15. LUI COMPRA MEDICINA.,15. IL ACHÈTE DES MÉDICAMENTS.,15. ER KAUFT MEDIKAMENTE.,15. 彼は薬を買います。,15. かれはくすりをかいます。,15. KARE WA KUSURI O KAIMASU.,15. HIJ KOOPT MEDICIJN.
18,16. HE TAKES THE MEDICINE AT HOME.,16. ELE TOMA O REMÉDIO EM CASA.,16. ÉL TOMA LA MEDICINA EN CASA.,16. LUI PRENDE LA MEDICINA A CASA.,16. IL PREND LES MÉDICAMENTS CHEZ LUI.,16. ER NIMMT DIE MEDIKAMENTE ZU HAUSE EIN.,16. 彼は家で薬を飲みます。,16. かれはいえでくすりをのみます。,16. KARE WA IE DE KUSURI O NOMIMASU.,16. HIJ NEEMT HET MEDICIJN THUIS.
18,17. HE LIES DOWN ON HIS BED AND RESTS.,17. ELE SE DEITA NA CAMA E DESCANSA.,17. ÉL SE ACUESTA EN LA CAMA Y DESCANSA.,17. LUI SI DISTENDE SUL LETTO E RIPOSA.,17. IL S’ALLONGE SUR SON LIT ET SE REPOSE.,17. ER LEGT SICH AUF SEIN BETT UND RUHT SICH AUS.,17. 彼はベッドに横になって休みます。,17. かれはベッドによこになってやすみます。,17. KARE WA BEDDO NI YOKO NI NATTE YASUMIMASU.,17. HIJ GAAT OP ZIJN BED LIGGEN EN RUST UIT.
19,1. PATRICIA WALKS DOWN THE STREET.,1. PATRÍCIA CAMINHA PELA RUA.,1. PATRICIA CAMINA POR LA CALLE.,1. PATRICIA CAMMINA PER LA STRADA.,1. PATRICIA MARCHE DANS LA RUE.,1. PATRICIA GEHT DIE STRASSE ENTLANG.,1. パトリシアは通りを歩きます。,1. パトリシアはとおりをあるきます。,1. PATORISHIA WA TOORI O ARUKIMASU.,1. PATRICIA LOOPT OVER DE STRAAT.
19,2. SHE SEES HER HOUSE.,2. ELA VÊ SUA CASA.,2. ELLA VE SU CASA.,2. LEI VE LA SUA CASA.,2. ELLE VOIT SA MAISON.,2. SIE SIEHT IHR HAUS.,2. 彼女は自分の家を見ます。,2. かのじょはじぶんのいえをみます。,2. KANOJO WA JIBUN NO IE O MIMASU.,2. ZE ZIET HAAR HUIS.
19,3. SHE TAKES A DEEP BREATH.,3. ELA RESPIRA FUNDO.,3. ELLA RESPIRA PROFUNDAMENTE.,3. LEI FA UN RESPIRO PROFONDO.,3. ELLE PREND UNE GRANDE INSPIRATION.,3. SIE ATMET TIEF EIN.,3. 彼女は深呼吸をします。,3. かのじょはしんこきゅうをします。,3. KANOJO WA SHINKOKYUU O SHIMASU.,3. ZE HAALT DIEP ADEM.
19,4. SHE OPENS HER PURSE.,4. ELA ABRE SUA BOLSA.,4. ELLA ABRE SU BOLSO.,4. LEI APRE LA SUA BORSA.,4. ELLE OUVRE SON SAC.,4. SIE ÖFFNET IHRE TASCHE.,4. 彼女は財布を開けます。,4. かのじょはさいふをあけます。,4. KANOJO WA SAIFU O AKEMASU.,4. ZE OPENT HAAR TAS.
19,5. SHE LOOKS FOR HER KEYS.,5. ELA PROCURA SUAS CHAVES.,5. ELLA BUSCA SUS LLAVES.,5. LEI CERCA LE SUE CHIAVI.,5. ELLE CHERCHE SES CLÉS.,5. SIE SUCHT IHRE SCHLÜSSEL.,5. 彼女は鍵を探します。,5. かのじょはかぎをさがします。,5. KANOJO WA KAGI O SAGASHIMASU.,5. ZE ZOCHT HAAR SLEUTELS.
19,6. SHE TAKES OUT THE KEYS.,6. ELA PEGA AS CHAVES.,6. ELLA SACA LAS LLAVES.,6. LEI PRENDE LE CHIAVI.,6. ELLE SORT LES CLÉS.,6. SIE NIMMT DIE SCHLÜSSEL.,6. 彼女は鍵を取り出します。,6. かのじょはかぎをとりだします。,6. KANOJO WA KAGI O TORIDASHIMASU.,6. ZE HAALT DE SLEUTELS UIT.
19,7. SHE UNLOCKS THE DOOR.,7. ELA ABRE A PORTA.,7. ELLA ABRE LA PUERTA.,7. LEI SBLOCCA LA PORTA.,7. ELLE DÉVERROUILLE LA PORTE.,7. SIE ÖFFNET DIE TÜR.,7. 彼女はドアの鍵を開けます。,7. かのじょはドアのかぎをあけます。,7. KANOJO WA DOA NO KAGI O AKEMASU.,7. ZE OPENT DE DEUR.
19,8. SHE ENTERS THE HOUSE.,8. ELA ENTRA EM CASA.,8. ELLA ENTRA EN LA CASA.,8. LEI ENTRA IN CASA.,8. ELLE ENTRE DANS LA MAISON.,8. SIE BETRITT DAS HAUS.,8. 彼女は家に入ります。,8. かのじょはいえにはいります。,8. KANOJO WA IE NI HAIRIMASU.,8. ZE GAAT HET HUIS BINNEN.
19,9. SHE SHUTS THE DOOR BEHIND HER.,9. ELA FECHA A PORTA ATRÁS DE SI.,9. ELLA CIERRA LA PUERTA DETRÁS DE SÍ.,9. LEI CHIUDE LA PORTA DIETRO DI LEI.,9. ELLE FERME LA PORTE DERRIÈRE ELLE.,9. SIE SCHLIESST DIE TÜR HINTER SICH.,9. 彼女はドアを閉めます。,9. かのじょはドアをしめます。,9. KANOJO WA DOA O SHIMEMASU.,9. ZE SLUIT DE DEUR ACHTER ZICH.
19,10. SHE TURNS ON THE LAMP.,10. ELA ACENDE A LÂMPADA.,10. ELLA ENCIENDE LA LÁMPARA.,10. LEI ALLUME LA LAMPE.,10. ELLE ALLUME LA LAMPE.,10. SIE SCHALTE DIE LAMPE EIN.,10. 彼女はランプをつけます。,10. かのじょはランプをつけます。,10. KANOJO WA RANPU O TSUKEMASU.,10. ZE ZET DE LAMP AAN.
19,11. SHE WALKS TO THE RECLINER.,11. ELA CAMINHA ATÉ A POLTRONA.,11. ELLA CAMINA HACIA EL SILLÓN.,11. LEI CAMMINA VERSO LA POLTRONA.,11. ELLE MARCHE VERS LE FAUTEUIL.,11. SIE GEHT ZUM SESSEL.,11. 彼女はリクライナーに歩きます。,11. かのじょはリクライナーにあるきます。,11. KANOJO WA RIKURAINĀ NI ARUKIMASU.,11. ZE LOOPT NAAR DE RELAXSTOEL.
19,12. SHE SITS AND RELAXES.,12. ELA SE SENTA E RELAXA.,12. ELLA SE SIENTA Y SE RELAJA.,12. LEI SI SIEDE E SI RILASSA.,12. ELLE S’ASSOIT ET SE DÉTEND.,12. SIE SETZT SICH UND ENTSPANNT SICH.,12. 彼女は座ってリラックスします。,12. かのじょはすわってリラックスします。,12. KANOJO WA SUWATTE RIRAKKUSU SHIMASU.,12. ZE GAAT ZITTEN EN ONTSPANT ZICH.
20,1. BABATUNDE FINDS A VASE.,1. BABATUNDE ENCONTRA UM VASO.,1. BABATUNDE ENCUENTRA UN JARRÓN.,1. BABATUNDE TROVA UN VASO.,1. BABATUNDE TROUVE UN VASE.,1. BABATUNDE FINDET EINE VASE.,1. ババトゥンデは花瓶を見つけます。,1. ババトゥンデはかびんをみつけます。,1. BABATUNDE WA KABIN O MITSUKEMASU.,1. BABATUNDE VINDT EEN VAAS.
20,2. HE THINKS ABOUT HIS FRIEND.,2. ELE PENSA EM SEU AMIGO.,2. ÉL PIENSA EN SU AMIGO.,2. LUI PENSA AL SUO AMICO.,2. IL PENSE À SON AMI.,2. ER DENKT AN SEINEN FREUND.,2. 彼は友達のことを考えます。,2. かれはともだちのことをかんがえます。,2. KARE WA TOMODACHI NO KOTO O KANGAEMASU.,2. HIJ DENKT AAN ZIJN VRIEND.
20,3. HE LOOKS FOR A BOX.,3. ELE PROCURA UMA CAIXA.,3. ÉL BUSCA UNA CAJA.,3. LUI CERCA UNA SCATOLA.,3. IL CHERCHE UNE BOÎTE.,3. ER SUCHT EINE SCHACHTEL.,3. 彼は箱を探します。,3. かれははこをさがします。,3. KARE WA HAKO O SAGASHIMASU.,3. HIJ ZOCHT EEN DOOS.
20,4. HE PUTS THE VASE IN THE BOX.,4. ELE COLOCA O VASO NA CAIXA.,4. ÉL PONE EL JARRÓN EN LA CAJA.,4. LUI METTE IL VASO NELLA SCATOLA.,4. IL MET LE VASE DANS LA BOÎTE.,4. ER LEGT DIE VASE IN DIE SCHACHTEL.,4. 彼は花瓶を箱に入れます。,4. かれはかびんをはこにいれます。,4. KARE WA KABIN O HAKO NI IREMASU.,4. HIJ LEGT DE VAAS IN DE DOOS.
20,5. HE PICKS UP GIFT WRAP.,5. ELE PEGA PAPEL DE PRESENTE.,5. ÉL TOMA PAPEL DE REGALO.,5. LUI PRENDE LA CARTA DA REGALO.,5. IL PREND LE PAPIER CADEAU.,5. ER NIMMT GESCHENKPAPIER.,5. 彼はラッピングペーパーを取ります。,5. かれはラッピングペーパーをとります。,5. KARE WA RAPPINGU PEPĀ O TORIMASU.,5. HIJ NEEMT INPAKPOPPER.
20,6. HE SPREADS THE WRAP ON THE TABLE.,6. ELE ESPALHA O PAPEL NA MESA.,6. ÉL EXTIENDE EL PAPEL EN LA MESA.,6. LUI STENDE LA CARTA SUL TAVOLO.,6. IL ÉTEND LE PAPIER SUR LA TABLE.,6. ER BREITET DAS PAPIER AUF DEM TISCH AUS.,6. 彼はテーブルにラップを広げます。,6. かれはテーブルにラップをひろげます。,6. KARE WA TĒBURU NI RAPPU O HIROGEMASU.,6. HIJ LEGT HET PAPIER OP DE TAFEL.
20,7. HE PUTS THE BOX ON THE WRAP.,7. ELE COLOCA A CAIXA NO PAPEL.,7. ÉL PONE LA CAJA SOBRE EL PAPEL.,7. LUI METTE LA SCATOLA SULLA CARTA.,7. IL MET LA BOÎTE SUR LE PAPIER.,7. ER LEGT DIE SCHACHTEL AUF DAS PAPIER.,7. 彼は箱をラップの上に置きます。,7. かれははこをラップのうえにおきます。,7. KARE WA HAKO O RAPPU NO UE NI OKIMASU.,7. HIJ LEGT DE DOOS OP HET PAPIER.
20,8. HE FOLDS THE WRAP AROUND THE BOX.,8. ELE DOBRA O PAPEL AO REDOR DA CAIXA.,8. ÉL DOBLA EL PAPEL ALREDEDOR DE LA CAJA.,8. LUI PIEGA LA CARTA INTORNO ALLA SCATOLA.,8. IL PLIE LE PAPIER AUTOUR DE LA BOÎTE.,8. ER FALZT DAS PAPIER UM DIE SCHACHTEL.,8. 彼は箱の周りにラップを折ります。,8. かれははこのまわりにラップをおります。,8. KARE WA HAKO NO MAWARI NI RAPPU O ORIMASU.,8. HIJ VOUWT HET PAPIER OM DE DOOS.
20,9. HE GETS TAPE AND STICKS THE PAPER.,9. ELE PEGA FITA ADESIVA E COLOCA NO PAPEL.,9. ÉL TOMA CINTA Y PEGA EL PAPEL.,9. LUI PRENDE IL NASTRO E ATTACCA LA CARTA.,9. IL PREND DU RUBAN ET COLLE LE PAPIER.,9. ER NIMMT KLEBEBAND UND KLEBT DAS PAPIER.,9. 彼はテープを取り、紙を貼ります。,9. かれはテープをとり、かみをはります。,"9. KARE WA TĒPU O TORI, KAMI O HARIMASU.",9. HIJ PAKT PLAKBAND EN PLAAKT HET PAPIER.
20,10. HE PICKS UP RIBBON AND SCISSORS.,10. ELE PEGA FITA E TESOURA.,10. ÉL TOMA CINTA Y TIJERAS.,10. LUI PRENDE IL NASTRO E LE FORBICI.,10. IL PREND DU RUBAN ET DES CISEAUX.,10. ER NIMMT BAND UND SCHERE.,10. 彼はリボンとハサミを取ります。,10. かれはリボンとはさみをとります。,10. KARE WA RIBON TO HASAMI O TORIMASU.,10. HIJ PAKT LINT EN SCHAAR.
20,11. HE CUTS RIBBON AND WRAPS IT AROUND THE BOX.,11. ELE CORTA A FITA E EMBALA A CAIXA.,11. ÉL CORTA LA CINTA Y ENVUELVE LA CAJA.,11. LUI TAGLIA IL NASTRO E AVVOLGE LA SCATOLA.,11. IL COUPE LE RUBAN ET EMBALLE LA BOÎTE.,11. ER SCHNEIDET DAS BAND UND WICKELT DIE SCHACHTEL EIN.,11. 彼はリボンを切り、箱に巻きます。,11. かれはリボンをきり、はこにまきます。,"11. KARE WA RIBON O KIRI, HAKO NI MAKIMASU.",11. HIJ KNIJPT HET LINT EN WIKKELT HET OM DE DOOS.
20,12. HE MAKES A SIMPLE KNOT.,12. ELE FAZ UM NÓ SIMPLES.,12. ÉL HACE UN NUDO SIMPLE.,12. LUI FA UN NODO SEMPLICE.,12. IL FA UN NŒUD SIMPLE.,12. ER MACHT EINEN EINFACHEN KNOTEN.,12. 彼は簡単な結び目を作ります。,12. かれはかんたんなむすびめをつくります。,12. KARE WA KANTANNA MUSUBIME O TSUKURIMASU.,12. HIJ MAAKT EEN SIMPELE KNOOP.
20,13. HE THINKS ABOUT HIS FRIEND AGAIN.,13. ELE PENSA NOVAMENTE EM SEU AMIGO.,13. ÉL PIENSA EN SU AMIGO OTRA VEZ.,13. LUI PENSA DI NUOVO AL SUO AMICO.,13. IL PENSE À SON AMI ENCORE.,13. ER DENKT NOCH EINMAL AN SEINEN FREUND.,13. 彼は再び友達のことを考えます。,13. かれはふたたびともだちのことをかんがえます。,13. KARE WA FUTATABI TOMODACHI NO KOTO O KANGAEMASU.,13. HIJ DENKT OPNIEUW AAN ZIJN VRIEND.
20,14. HE SMILES AND HANDS THE PRESENT TO HIS FRIEND.,14. ELE SORRI E ENTREGA O PRESENTE AO AMIGO.,14. ÉL SONRÍE Y ENTREGA EL REGALO A SU AMIGO.,14. LUI SORRIDE E CONSEGUE IL REGALO AL SUO AMICO.,14. IL SOURIT ET DONNE LE CADEAU À SON AMI.,14. ER LÄCHELT UND GIBT DAS GESCHENK SEINEM FREUND.,14. 彼は笑顔で友達にプレゼントを渡します。,14. かれはえがおでともだちにプレゼントをわたします。,14. KARE WA EGAO DE TOMODACHI NI PUREZENTO O WATASHIMASU.,14. HIJ LAAT ZIJN VRIEND HET CADEAU KRIJGEN.
21,1. SAKI GRABS A BANANA AND SOME BERRIES.,1. SAKI PEGA UMA BANANA E ALGUMAS FRUTAS VERMELHAS.,1. SAKI TOMA UNA BANANA Y ALGUNAS BAYAS.,1. SAKI PRENDE UNA BANANA E DELLE BACCHE.,1. SAKI SAISIT UNE BANANE ET QUELQUES BAIES.,1. SAKI GREIFT EINE BANANE UND EINIGE BEEREN.,1. サキはバナナといくつかのベリーを取ります。,1. サキはバナナといくつかのベリーをとります。,1. SAKI WA BANANA TO IKUTSUKA NO BERĪ O TORIMASU.,1. SAKI PAKT EEN BANAAN EN ENKELE BESSEN.
21,2. SHE ADDS THE FRUITS TO THE BLENDER.,2. ELA ADICIONA AS FRUTAS AO LIQUIDIFICADOR.,2. ELLA AGREGA LAS FRUTAS A LA LICUADORA.,2. LEI AGGIUNGE LA FRUTTA AL FRULLATORE.,2. ELLE AJOUTE LES FRUITS DANS LE MIXEUR.,2. SIE GIBT DAS OBST IN DEN MIXER.,2. 彼女は果物をミキサーに入れます。,2. かのじょはくだものをミキサーにいれます。,2. KANOJO WA KUDAMONO O MIKISĀ NI IREMASU.,2. ZE DOET HET FRUIT IN DE BLENDER.
21,3. SHE POURS SOME MILK INTO THE BLENDER.,3. ELA DESPEJA UM POUCO DE LEITE NO LIQUIDIFICADOR.,3. ELLA VIERTE UN POCO DE LECHE EN LA LICUADORA.,3. LEI VERSA UN PO’ DI LATTE NEL FRULLATORE.,3. ELLE VERSE UN PEU DE LAIT DANS LE MIXEUR.,3. SIE GIEßT ETWAS MILCH IN DEN MIXER.,3. 彼女はミキサーに牛乳を注ぎます。,3. かのじょはミキサーにぎゅうにゅうをそそぎます。,3. KANOJO WA MIKISĀ NI GYŪNYŪ O SOSOGIMASU.,3. ZE GEEFT WAT MELK IN DE BLENDER.
21,4. SHE ADDS YOGURT TO THE MIXTURE.,4. ELA ADICIONA IOGURTE À MISTURA.,4. ELLA AGREGA YOGURT A LA MEZCLA.,4. LEI AGGIUNGE LO YOGURT ALLA MISCELA.,4. ELLE AJOUTE DU YAOURT AU MÉLANGE.,4. SIE GIBT JOGHURT IN DIE MISCHUNG.,4. 彼女は混ぜ物にヨーグルトを入れます。,4. かのじょはまぜものにヨーグルトをいれます。,4. KANOJO WA MAZEMONO NI YŌGURUTO O IREMASU.,4. ZE DOET YOGHURT BIJ HET MENGSEL.
21,5. SHE TURNS ON THE BLENDER AND HOLDS THE LID SHUT.,5. ELA LIGA O LIQUIDIFICADOR E SEGURA A TAMPA FECHADA.,5. ELLA ENCIENDE LA LICUADORA Y MANTIENE LA TAPA CERRADA.,5. LEI ACCENDE IL FRULLATORE E TIENE CHIUSO IL COPERCHIO.,5. ELLE ALLUME LE MIXEUR ET TIENT LE COUVERCLE.,5. SIE SCHALTET DEN MIXER EIN UND HÄLT DEN DECKEL ZU.,5. 彼女はミキサーをつけ、蓋を押さえます。,5. かのじょはミキサーをつけ、ふたをおさえます。,"5. KANOJO WA MIKISĀ O TSUKE, FUTA O OSAEMASU.",5. ZE ZET DE BLENDER AAN EN HOUDT HET DEKSEL DICHT.
21,6. SHE POURS THE SMOOTHIE INTO A GLASS.,6. ELA DESPEJA O SMOOTHIE EM UM COPO.,6. ELLA VIERTE EL BATIDO EN UN VASO.,6. LEI VERSA IL FRULLATO IN UN BICCHIERE.,6. ELLE VERSE LE SMOOTHIE DANS UN VERRE.,6. SIE GIEßT DEN SMOOTHIE IN EIN GLAS.,6. 彼女はスムージーをグラスに注ぎます。,6. かのじょはスムージーをグラスにそそぎます。,6. KANOJO WA SUMŪJĪ O GURASU NI SOSOGIMASU.,6. ZE GEEFT DE SMOOTHIE IN EEN GLAS.
21,7. SHE ADDS A STRAW.,7. ELA ADICIONA UM CANUDO.,7. ELLA AGREGA UNA PAJILLA.,7. LEI AGGIUNGE UNA CANNUCCIA.,7. ELLE AJOUTE UNE PAILLE.,7. SIE FÜGT EINEN STROHHALM HINZU.,7. 彼女はストローを加えます。,7. かのじょはストローをくわえます。,7. KANOJO WA SUTORŌ O KUWAEMASU.,7. ZE DOET ER EEN RÖR BIJ.
21,8. SHE TAKES A SIP.,8. ELA DÁ UM GOLINHO.,8. ELLA TOMA UN SORBO.,8. LEI BEVE UN SORSO.,8. ELLE PREND UNE GORGÉE.,8. SIE NIMMT EINEN SCHLUCK.,8. 彼女は一口飲みます。,8. かのじょはひとくちのみます。,8. KANOJO WA HITOKUCHI NOMIMASU.,8. ZE NEEMT EEN SLOK.
21,9. SHE PUTS THE BLENDER AWAY.,9. ELA GUARDA O LIQUIDIFICADOR.,9. ELLA GUARDA LA LICUADORA.,9. LEI RIPONE IL FRULLATORE.,9. ELLE RANGE LE MIXEUR.,9. SIE RÄUMT DEN MIXER WEG.,9. 彼女はミキサーを片付けます。,9. かのじょはミキサーをかたづけます。,9. KANOJO WA MIKISĀ O KATAZUKEMASU.,9. ZE ZET DE BLENDER WEG.
21,10. SHE ENJOYS THE SMOOTHIE.,10. ELA APRECIA O SMOOTHIE.,10. ELLA DISFRUTA EL BATIDO.,10. LEI GUSTA IL FRULLATO.,10. ELLE PROFITE DU SMOOTHIE.,10. SIE GENIESST DEN SMOOTHIE.,10. 彼女はスムージーを楽しみます。,10. かのじょはスムージーをたのしみます。,10. KANOJO WA SUMŪJĪ O TANOSHIMIMASU.,10. ZE GENIET VAN DE SMOOTHIE.
22,1. EUGENIA LOOKS AT THE ROOM.,1. EUGÊNIA OLHA PARA O QUARTO.,1. EUGENIA MIRA LA HABITACIÓN.,1. EUGENIA GUARDA LA STANZA.,1. EUGÉNIE REGARDE LA PIÈCE.,1. EUGENIA SIEHT SICH DEN RAUM AN.,1. ユージニアは部屋を見ます。,1. ユージニアはへやをみます。,1. YŪJINIA WA HEYA O MIMASU.,1. EUGENIA KIJKT NAAR DE KAMER.
22,2. SHE CHOOSES A NEW COLOR FOR THE WALLS.,2. ELA ESCOLHE UMA NOVA COR PARA AS PAREDES.,2. ELLA ELIGE UN NUEVO COLOR PARA LAS PAREDES.,2. LEI SCEGLIE UN NUOVO COLORE PER LE PARETI.,2. ELLE CHOISIT UNE NOUVELLE COULEUR POUR LES MURS.,2. SIE WÄHLT EINE NEUE FARBE FÜR DIE WÄNDE.,2. 彼女は壁の新しい色を選びます。,2. かのじょはかべのあたらしいいろをえらびます。,2. KANOJO WA KABE NO ATARASHII IRO O ERABIMASU.,2. ZE KIEST EEN NIEUWE KLEUR VOOR DE MUUR.
22,3. SHE PAINTS THE WALLS.,3. ELA PINTA AS PAREDES.,3. ELLA PINTA LAS PAREDES.,3. LEI DIPINGE LE PARETI.,3. ELLE PEINT LES MURS.,3. SIE STREICHT DIE WÄNDE.,3. 彼女は壁を塗ります。,3. かのじょはかべをぬります。,3. KANOJO WA KABE O NURIMASU.,3. ZE SCHILDERT DE MUREN.
22,4. SHE ARRANGES THE FURNITURE.,4. ELA ORGANIZA OS MÓVEIS.,4. ELLA ORGANIZA LOS MUEBLES.,4. LEI SISTEMA I MOBILI.,4. ELLE ORGANISE LES MEUBLES.,4. SIE RÄUMT DIE MÖBEL.,4. 彼女は家具を配置します。,4. かのじょはかぐをはいちします。,4. KANOJO WA KAGU O HAICHI SHIMASU.,4. ZE RANGSCHIKT HET MEUBEL.
22,5. SHE HANGS A PICTURE ON THE WALL.,5. ELA PENDE UM QUADRO NA PAREDE.,5. ELLA CUELGA UN CUADRO EN LA PARED.,5. LEI APPENDE UN QUADRO SUL MURO.,5. ELLE ACCROCHE UN TABLEAU AU MUR.,5. SIE HÄNGT EIN BILD AN DIE WAND.,5. 彼女は壁に絵を掛けます。,5. かのじょはかべにえをかけます。,5. KANOJO WA KABE NI E O KAKEMASU.,5. ZE HANGT EEN SCHILDERIJ AAN DE MUUR.
22,6. SHE PLACES A RUG ON THE FLOOR.,6. ELA COLOCA UM TAPETE NO CHÃO.,6. ELLA COLOCA UNA ALFOMBRA EN EL SUELO.,6. LEI POSIZIONA UN TAPPETO SUL PAVIMENTO.,6. ELLE PLACE UN TAPIS SUR LE SOL.,6. SIE LEGT EINEN TEPPICH AUF DEN BODEN.,6. 彼女は床にラグを置きます。,6. かのじょはゆかにラグをおきます。,6. KANOJO WA YUKA NI RAGU O OKIMASU.,6. ZE LEGT EEN VLOERKLEED OP DE VLOER.
22,7. SHE ADDS DECORATIVE CUSHIONS.,7. ELA ADICIONA ALMOFADAS DECORATIVAS.,7. ELLA AGREGA COJINES DECORATIVOS.,7. LEI AGGIUNGE CUSCINI DECORATIVI.,7. ELLE AJOUTE DES COUSSINS DÉCORATIFS.,7. SIE LEGT DEKORATIVE KISSEN HINZU.,7. 彼女は装飾用のクッションを置きます。,7. かのじょはそうしょくようのクッションをおきます。,7. KANOJO WA SŌSHOKU YŌ NO KUSSHON O OKIMASU.,7. ZE DOET DECORATIEVE KUSSENS ERBIJ.
22,8. SHE CHECKS THE ROOM'S LOOK.,8. ELA CONFERE A APARÊNCIA DO QUARTO.,8. ELLA REVISA EL ASPECTO DE LA HABITACIÓN.,8. LEI CONTROLLA L’ASPETTO DELLA STANZA.,8. ELLE VÉRIFIE L’ASPECT DE LA PIÈCE.,8. SIE ÜBERPRÜFT DAS AUSSEHEN DES ZIMMERS.,8. 彼女は部屋の様子を確認します。,8. かのじょはへやのようすをかくにんします。,8. KANOJO WA HEYA NO YŌSU O KAKUNIN SHIMASU.,8. ZE BEKEKT HOE DE KAMER ERUITZIE.
22,9. SHE ADDS SOME PLANTS.,9. ELA COLOCA ALGUMAS PLANTAS.,9. ELLA AGREGA ALGUNAS PLANTAS.,9. LEI AGGIUNGE DELLE PIANTE.,9. ELLE AJOUTE QUELQUES PLANTES.,9. SIE STELLT EINIGE PFLANZEN HINZU.,9. 彼女は植物を置きます。,9. かのじょはしょくぶつをおきます。,9. KANOJO WA SHOKUBUTSU O OKIMASU.,9. ZE DOET ENKELE PLANTEN ERBIJ.
22,10. SHE STEPS BACK AND ADMIRES THE ROOM.,10. ELA AFASTA-SE E ADMIRA O QUARTO.,10. ELLA SE RETIRA Y ADMIRA LA HABITACIÓN.,10. LEI SI ALLONTA E AMMIRA LA STANZA.,10. ELLE RECULE ET ADMIRE LA PIÈCE.,10. SIE TRETET ZURÜCK UND BEWUNDERT DAS ZIMMER.,10. 彼女は後ろに下がって部屋を眺めます。,10. かのじょはうしろにさがってへやをながめます。,10. KANOJO WA USHIRO NI SAGATTE HEYA O NAGAMEMASU.,10. ZE TREEDT ACHTERUIT EN BEWONDERD DE KAMER.
23,1. JONATHAN TIES HIS SHOES.,1. JONATHAN AMARRA SEUS SAPATOS.,1. JONATHAN SE ATA LOS ZAPATOS.,1. JONATHAN ALLACCIA LE SCARPE.,1. JONATHAN LACE SES CHAUSSURES.,1. JONATHAN ZIET SEINE SCHUHE.,1. ジョナサンは靴ひもを結びます。,1. ジョナサンはくつひもをむすびます。,1. JONASAN WA KUTSUHIMO O MUSUBIMASU.,1. JONATHAN STRIKT ZIJN SCHOENEN.
23,2. HE STEPS OUTSIDE.,2. ELE SAI FORA.,2. ÉL SALE AFUERA.,2. LUI ESCE FUORI.,2. IL SORT DEHORS.,2. ER GEHT RAUS.,2. 彼は外に出ます。,2. かれはそとにでます。,2. KARE WA SOTO NI DEMASU.,2. HIJ GAAT NAAR BUITEN.
23,3. HE STARTS WALKING DOWN THE STREET.,3. ELE COMEÇA A CAMINHAR PELA RUA.,3. ÉL EMPIEZA A CAMINAR POR LA CALLE.,3. LUI INIZIA A CAMMINARE PER LA STRADA.,3. IL COMMENCE À MARCHER DANS LA RUE.,"3. ER BEGINNT, DIE STRASSE ENTLANG ZU GEHEN.",3. 彼は通りを歩き始めます。,3. かれはとおりをあるきはじめます。,3. KARE WA TOORI O ARUKIHAJIMEMASU.,3. HIJ BEGINT OVER DE STRAAT TE LOPEN.
23,4. HE ENJOYS THE SCENERY.,4. ELE APRECIA A CENA.,4. ÉL DISFRUTA DEL PAISAJE.,4. LUI GODE DEL PAESAGGIO.,4. IL PROFITE DU PAYSAGE.,4. ER GENIESST DIE LANDSCHAFT.,4. 彼は景色を楽しみます。,4. かれはけしきをたのしみます。,4. KARE WA KESHIKI O TANOSHIMIMASU.,4. HIJ GENIET VAN HET LANDSCHAP.
23,5. HE WALKS PAST THE PARK.,5. ELE PASSA PELO PARQUE.,5. ÉL PASA POR EL PARQUE.,5. LUI PASSA DAVANTI AL PARCO.,5. IL PASSE DEVANT LE PARC.,5. ER GEHT AM PARK VORBEI.,5. 彼は公園を通ります。,5. かれはこうえんをとおります。,5. KARE WA KŌEN O TOORIMASU.,5. HIJ LOOPT VOORBIJ HET PARK.
23,6. HE WAVES TO A NEIGHBOR.,6. ELE ACENA PARA UM VIZINHO.,6. ÉL SALUDA A UN VECINO.,6. LUI SALUTA UN VICINO.,6. IL FA UN SIGNE À UN VOISIN.,6. ER WINKT EINEM NACHBAR.,6. 彼は近所の人に手を振ります。,6. かれはきんじょのひとにてをふります。,6. KARE WA KINJYO NO HITO NI TE O FURIMASU. ,6. HIJ WAAIT NAAR DE BUREN. 
23,7. HE GOES AROUND THE CORNER.,7. ELE VIRA A ESQUINA.,7. ÉL DOBLA LA ESQUINA.,7. LUI GIRA L'ANGOLO.,7. IL TOURNE LE COIN.,7. ER GEHT UM DIE ECKE.,7. 彼は角を回ります。,7. かれはかどをまわります。,7. KARE WA KADO O MAWARIMASU.,7. HIJ GAAT OM DE HOEK.
23,8. HE CROSSES THE STREET.,8. ELE ATRAVESSA A RUA.,8. ÉL CRUZA LA CALLE.,8. LUI ATTRAVERSA LA STRADA.,8. IL TRAVERSE LA RUE.,8. ER ÜBERQUERT DIE STRASSE.,8. 彼は道を渡ります。,8. かれはみちをわたります。,8. KARE WA MICHI O WATARIMASU.,8. HIJ STEKET DE STRAAT OVER.
23,9. HE ARRIVES AT HOME.,9. ELE CHEGA EM CASA.,9. ÉL LLEGA A CASA.,9. LUI ARRIVA A CASA.,9. IL ARRIVE À LA MAISON.,9. ER KOMMT ZU HAUSE AN.,9. 彼は家に到着します。,9. かれはいえにとうちゃくします。,9. KARE WA IE NI TOUCHAKU SHIMASU.,9. HIJ KOMT THUIS AAN.
24,1. HITOSHI GETS IN THE CAR.,1. HITOSHI ENTRE NO CARRO.,1. HITOSHI SE SUBE AL COCHE.,1. HITOSHI SALE IN AUTO,1. HITOSHI MONTE DANS LA VOITURE.,1. HITOSHI STEIGT INS AUTO.,1. ヒトシは車に乗ります。,1. ヒトシはくるまにのります。,5. KARE WA KOUEN O TOORIMASU. ,5. HIJ LOOPT DOOR HET PARK. 
24,2. HE PUTS ON HIS SEATBELT.,2. ELE COLOCA O CINTO DE SEGURANÇA.,2. SE PONE EL CINTURÓN.,2. METTE LA CINTURA DI SICUREZZA,2. IL MET SA CEINTURE DE SÉCURITÉ.,2. ER GURTET SICH AN.,2. 彼はシートベルトをします。,2. かれはシートベルトをします。,2. KARE WA SHĪTOBERUTO O SHIMASU.,2. HIJ DOET ZIJN VEILIGHEIDSGORDEL OM.
24,3. HE STARTS THE ENGINE.,3. ELE LIGA O MOTOR.,3. ENCIENDE EL MOTOR.,3. AVVIA IL MOTORE,3. IL DÉMARRE LE MOTEUR.,3. ER STARTET DEN MOTOR.,3. 彼はエンジンをかけます。,3. かれはエンジンをかけます。,3. KARE WA ENJIN O KAKEMASU.,3. HIJ START DE MOTOR.
24,4. HE ADJUSTS THE MIRRORS.,4. ELE AJUSTA OS ESPELHOS.,4. AJUSTA LOS ESPEJOS.,4. REGOLA GLI SPECCHI,4. IL RÈGLE LES RÉTROVISEURS.,4. ER STELLT DIE SPIEGEL EIN.,4. 彼はミラーを調整します。,4. かれはミラーをちょうせいします。,4. KARE WA MIRĀ O CHŌSEI SHIMASU.,4. HIJ STELT DE SPIEGELS AF.
24,5. HE PUTS THE CAR IN DRIVE.,5. ELE COLOCA O CARRO EM MARCHA.,5. PONE EL COCHE EN MARCHA.,5. METTE L’AUTO IN MARCIA,5. IL MET LA VOITURE EN MARCHE.,5. ER STELLT DAS AUTO AUF FAHR.,5. 彼は車をドライブに入れます。,5. かれはくるまをドライブにいれます。,5. KARE WA KURUMA O DORAIBU NI IREMASU.,5. HIJ ZET DE AUTO IN RIJDEN.
24,6. HE CHECKS THE SURROUNDINGS.,6. ELE VERIFICA O AMBIENTE.,6. REVISAR EL ENTORNO.,6. CONTROLLA I DINTORNI,6. IL VÉRIFIE LES ALENTOURS.,6. ER ÜBERPRÜFT DIE UMGEBUNG.,6. 彼は周りを確認します。,6. かれはまわりをかくにんします。,6. KARE WA MAWARI O KAKUNIN SHIMASU.,6. HIJ KIJKT NAAR DE OMGEVING.
24,7. HE LOOKS OUT THE WINDOW.,7. ELE OLHA PELA JANELA.,7. MIRA POR LA VENTANA.,7. GUARDA DALLA FINESTRA,7. IL REGARDE PAR LA FENÊTRE.,7. ER SCHAU AUFS FENSTER.,7. 彼は窓から外を見ます。,7. かれはまどからそとをみます。,7. KARE WA MADO KARA SOTO O MIMASU.,7. HIJ KIJKT UIT HET RAAM.
24,8. HE DRIVES DOWN THE STREET.,8. ELE DIRIGE PELA RUA.,8. CONDUCE POR LA CALLE.,8. GUIDA PER LA STRADA,8. IL CONDUIT DANS LA RUE.,8. ER FÄHRT DIE STRASSE HINUNTER.,8. 彼は道を走ります。,8. かれはみちをはしります。,8. KARE WA MICHI O HASHIRIMASU.,8. HIJ RIJDT DOOR DE STRAAT.
24,9. HE TURNS THE STEERING WHEEL.,9. ELE VIRA O VOLANTE.,9. GIRA EL VOLANTE.,9. GIRA IL VOLANTE,9. IL TOURNE LE VOLANT.,9. ER DREHT DAS LENKRAD.,9. 彼はステアリングを回します。,9. かれはステアリングをまわします。,9. KARE WA SUTEARINGU O MAWASHIMASU.,9. HIJ DRAAIT HET STUUR.
24,10. HE PARKS THE CAR.,10. ELE ESTACIONA O CARRO.,10. ESTACIONA EL COCHE.,10. PARCHEGGIA L’AUTO,10. IL GARDE LA VOITURE.,10. ER PARKT DAS AUTO.,10. 彼は車を駐車します。,10. かれはくるまをちゅうしゃします。,10. KARE WA KURUMA O CHŪSHA SHIMASU.,10. HIJ PARKEERT DE AUTO.
24,11. HE STOPS COMPLETELY.,11. ELE PARA COMPLETAMENTE.,11. SE DETIENE COMPLETAMENTE.,11. SI FERMA COMPLETAMENTE,11. IL S’ARRÊTE COMPLÈTEMENT.,11. ER HÄLT VOLLSTÄNDIG AN.,11. 彼は完全に止まります。,11. かれはかんぜんにとまります。,11. KARE WA KANZEN NI TOMARIMASU.,11. HIJ STOPT VOLLEDIG.
24,12. HE TURNS OFF THE ENGINE.,12. ELE DESLIGA O MOTOR.,12. APAGA EL MOTOR.,12. SPEGNE IL MOTORE,12. IL ÉTEINT LE MOTEUR.,12. ER SCHALTT DEN MOTOR AUS.,12. 彼はエンジンを消します。,12. かれはエンジンをけします。,12. KARE WA ENJIN O KESHIMASU.,12. HIJ ZET DE MOTOR UIT.
25,1. ANNA GRABS A SUITCASE.,1. ANNA PEGA UMA MALA.,1. ANNA TOMA UNA MALETA.,1. ANNA PRENDE UNA VALIGIA,1. ANNA PREND UNE VALISE.,1. ANNA GREIFT EINEN KOFFER.,1. アンナはスーツケースを取ります。,1. あんなはスーツケースをとります。 ,1. ANNA WA SUUTSUKEESU O TORIMASU. ,1. ANNA PAKT DE KOFFERT. 
25,2. SHE LAYS OUT THE CLOTHES ON THE BED.,2. ELA COLOCA AS ROUPAS NA CAMA.,2. ELLA COLOCA LA ROPA EN LA CAMA.,2. LEI DISPONE I VESTITI SUL LETTO.,2. ELLE ÉTEND LES VÊTEMENTS SUR LE LIT.,2. SIE LEGT DIE KLEIDUNG AUF DAS BETT.,2. 彼女はベッドに服を並べます。,2. かのじょはベッドにふくをならべます。,2. KANOJO WA BEDDO NI FUKU O NARABEMASU.,2. ZIJ LEGT DE KLEDING OP HET BED.
25,3. SHE FOLDS THEM NEATLY.,3. ELA DOBRA-AS ORDENADAMENTE.,3. ELLA DOBLA ORDENADAMENTE.,3. LEI PIEGA ORDINATAMENTE.,3. ELLE LES PLIE SOIGNEUSEMENT.,3. SIE FALTT SIE ORDENTLICH.,3. 彼女はきちんと畳みます。,3. かのじょはきちんとたたみます。,3. KANOJO WA KICHINTO TATAMIMASU.,3. ZIJ VOUWT ZE NETJES.
25,4. SHE PACKS TOILETRIES IN A BAG.,4. ELA COLOCA OS PRODUTOS DE HIGIENE NA BOLSA.,4. ELLA EMPACA ARTÍCULOS DE ASEO EN UNA BOLSA.,4. LEI METTE I PRODOTTI PER L'IGIENE IN UNA BORSA.,4. ELLE MET DES ARTICLES DE TOILETTE DANS UN SAC.,4. SIE PACKT TOILETTENARTIKELN IN EINE TASCHE.,4. 彼女はほうきをバッグに入れます。,4. かのじょはほうきをバッグにいれます。,4. KANOJO WA HŌKI O BAGGU NI IREMASU.,4. ZIJ PAKT TOILETTENSPULLEN IN DE TAS.
25,5. SHE PLACES THE TOILETRIES IN THE SUITCASE.,5. ELA COLOCA OS PRODUTOS DE HIGIENE NA MALA.,5. ELLA PONE LOS ARTÍCULOS DE ASEO EN LA MALETA.,5. LEI METTE I PRODOTTI PER L'IGIENE NELLA VALIGIA.,5. ELLE PLACE LES ARTICLES DE TOILETTE DANS LA VALISE.,5. SIE LEGT DIE TOILETTENARTIKELN IN DEN KOFFER.,5. 彼女はほうきをスーツケースに入れます。,5. かのじょはほうきをスーツケースにいれます。,5. KANOJO WA HŌKI O SŪTSUKĒSU NI IREMASU.,5. ZIJ LEGT DE TOILETTENSPULLEN IN DE KOFFERT.
25,6. SHE ZIPS THE SUITCASE CLOSED.,6. ELA FECHA A MALA.,6. ELLA CIERRA LA MALETA.,6. LEI CHIUDE LA VALIGIA.,6. ELLE FERME LA VALISE.,6. SIE REIẞT DEN KOFFER ZU.,6. 彼女はスーツケースを締めます。,6. かのじょはスーツケースをしめます。,6. KANOJO WA SŪTSUKĒSU O SHIMEMASU.,6. ZIJ RITST DE KOFFERT.
25,7. SHE LIFTS THE SUITCASE.,7. ELA LEVA A MALA.,7. ELLA LEVANTA LA MALETA.,7. LEI SOLLEVA LA VALIGIA.,7. ELLE LÈVE LA VALISE.,7. SIE HEBT DEN KOFFER.,7. 彼女はスーツケースを持ち上げます。,7. かのじょはスーツケースをもちあげます。,7. KANOJO WA SŪTSUKĒSU O MOCHIAGEMASU.,7. ZIJ HEEFT DE KOFFERT OP.
25,8. SHE SETS IT BY THE DOOR.,8. ELA COLOCA A MALA PERTINHO DA PORTA.,8. ELLA LA COLOCA JUNTO A LA PUERTA.,8. LEI LA METTE VICINO ALLA PORTA.,8. ELLE LA POSE PRÈS DE LA PORTE.,8. SIE STELLT DEN KOFFER AN DIE TÜR.,8. 彼女はスーツケースをドアのそばに置きます。,8. かのじょはスーツケースをドアのそばにおきます。,8. KANOJO WA SŪTSUKĒSU O DOA NO SOBA NI OKIMASU.,8. ZIJ ZET DE KOFFERT BIJ DE DEUR.
26,1. SARAH GRABS A SHOPPING LIST.,1. ELA PEGA UMA LISTA DE COMPRAS,1. ELLA TOMA UNA LISTA DE COMPRAS,1. LEI PRENDE UNA LISTA DELLA SPESA,1. ELLE PREND UNE LISTE DE COURSES,1. SIE GREIFT EINE EINKAUFSLISTE,1. サラはショッピングリストを取ります,1. さらはショッピングリストをとります,1. SARAH WA SHOPPINGU RISUTO O TORIMASU,1. SARAH PAKT DE BOODSCHAPPENLIJST
26,2. SHE ENTERS THE GROCERY STORE.,2. ELA ENTRA NO SUPERMERCADO,2. ELLA ENTRA EN EL SUPERMERCADO,2. LEI ENTRA NEL SUPERMERCATO,2. ELLE ENTRE DANS L’ÉPICERIE,2. SIE BETRITT DEN SUPERMARKT,2. かのじょはスーパーに入ります,2. かのじょはスーパーにはいります,2. KANOJO WA SUUPAA NI HAIRIMASU,2. ZE GAAT DE SUPERMARKT BINNEN
26,3. SHE PICKS UP A BASKET.,3. ELA PEGA UMA CESTA,3. ELLA TOMA UNA CESTA,3. LEI PRENDE UN CESTINO,3. ELLE PREND UN PANIER,3. SIE NIMMT EINEN KORB,3. かのじょはかごを取ります,3. かのじょはかごをとります,3. KANOJO WA KAGO O TORIMASU,3. ZE PAKT EEN MAND
26,4. SHE GOES TO THE PRODUCE SECTION.,4. ELA VAI À SEÇÃO DE FRUTAS E LEGUMES,4. ELLA VA A LA SECCIÓN DE FRUTAS Y VERDURAS,4. LEI VA ALLA SEZIONE DI FRUTTA E VERDURA,4. ELLE VA À LA SECTION FRUITS ET LÉGUMES,4. SIE GEHT ZUR OBST- UND GEMÜSEABTEILUNG,4. かのじょはやさいとくだもののコーナーに行きます,4. かのじょはやさいとくだもののコーナーにいきます,4. KANOJO WA YASAI TO KUDAMONO NO KOONAA NI IKIMASU,4. ZE GAAT NAAR DE GROENTE- EN FRUITAFDELING
26,5. SHE ADDS FRUITS AND VEGETABLES TO HER BASKET.,5. ELA ADICIONA FRUTAS E LEGUMES À CESTA,5. ELLA AÑADE FRUTAS Y VERDURAS A LA CESTA,5. LEI AGGIUNGE FRUTTA E VERDURA NEL CESTINO,5. ELLE AJOUTE DES FRUITS ET LÉGUMES DANS LE PANIER,5. SIE LEGT FRÜCHTE UND GEMÜSE IN DEN KORB,5. かのじょはかごにやさいとくだものを入れます,5. かのじょはかごにやさいとくだものをいれます,5. KANOJO WA KAGO NI YASAI TO KUDAMONO O IREMASU,5. ZE DOET FRUIT EN GROENTEN IN DE MAND
26,6. SHE GOES TO THE DAIRY AISLE.,6. ELA VAI PARA O CORREDOR DE LATICÍNIOS,6. ELLA VA AL PASILLO DE LÁCTEOS,6. LEI VA AL CORSIA DEI LATTICINI,6. ELLE VA DANS L’ALLÉE DES PRODUITS LAITIERS,6. SIE GEHT ZUR MILCHABTEILUNG,6. かのじょはにゅうせいひんコーナーに行きます,6. かのじょはにゅうせいひんコーナーにいきます,6. KANOJO WA NYŪSEIHIN KOONAA NI IKIMASU,6. ZE GAAT NAAR HET MELKPALEIS
26,7. SHE PICKS UP MILK AND EGGS.,7. ELA PEGA LEITE E OVOS,7. ELLA TOMA LECHE Y HUEVOS,7. LEI PRENDE LATTE E UOVA,7. ELLE PREND DU LAIT ET DES ŒUFS,7. SIE NIMMT MILCH UND EIER,7. かのじょはぎゅうにゅうとたまごを取ります,7. かのじょはぎゅうにゅうとたまごをとります,7. KANOJO WA GYŪNYŪ TO TAMAGO O TORIMASU,7. ZE PAKT MELK EN EIER
26,8. SHE CHECKS OUT AT THE REGISTER.,8. ELA PASSA PELO CAIXA,8. ELLA PASA POR LA CAJA,8. LEI PASSA ALLA CASSA,8. ELLE PASSE À LA CAISSE,8. SIE GEHT ZUM KASSENBEREICH,8. かのじょはレジに行きます,8. かのじょはレジにいきます,8. KANOJO WA REJI NI IKIMASU,8. ZE GAAT NAAR DE KASSA
26,9. SHE PAYS FOR THE GROCERIES.,9. ELA PAGA AS COMPRAS,9. ELLA PAGA LAS COMPRAS,9. LEI PAGA LA SPESA,9. ELLE PAIE LES COURSES,9. SIE ZAHLT FÜR DIE EINKÄUFE,9. かのじょは買い物の支払いをします,9. かのじょはかいもののしはらいをします,9. KANOJO WA KAIMONO NO SHIHARAI O SHIMASU,9. ZE BETAALT DE BOODSCHAPPEN
26,10. SHE LEAVES THE GROCERY STORE.,10. ELA SAI DO SUPERMERCADO,10. ELLA SALE DEL SUPERMERCADO,10. LEI ESCRE NEL SUPERMERCATO,10. ELLE QUITTE L’ÉPICERIE,10. SIE VERLÄSST DEN SUPERMARKT,10. かのじょはスーパーを出ます,10. かのじょはスーパーをでます,10. KANOJO WA SUUPAA O DEMASU,10. ZE VERLAAT DE SUPERMARKT
26,11. SHE TAKES THE GROCERIES HOME.,11. ELA LEVA AS COMPRAS PARA CASA,11. ELLA LLEVA LAS COMPRAS A CASA,11. LEI PORTA LA SPESA A CASA,11. ELLE EMPORTE LES COURSES À LA MAISON,11. SIE BRINGT DIE EINKÄUFE NACH HAUSE,11. かのじょは買い物を家に持って帰ります,11. かのじょはかいものをいえにもってかえります,11. KANOJO WA KAIMONO O IE NI MOTTE KAERIMASU,11. ZE NEEMT DE BOODSCHAPPEN MEE NAAR HUIS
27,1. JEFF GRABS A BUCKET AND A SHOVEL.,1. JEFF PEGA UM BALDE E UMA PÁ.,1. JEFF AGARRA UN CUBO Y UNA PALA.,1. JEFF PRENDE UN SECCHIO E UNA PALA.,1. JEFF PREND UN SEAU ET UNE PELLE.,1. JEFF NIMMT EINEN EIMER UND EINE SCHAUFEL.,1. ジェフはバケツとシャベルをつかみます。,1. じぇふはばけつとしゃべるをつかみます。,1. JEFU WA BAKETSU TO SHABERU O TSUKAMIMASU.,1. JEFF PAKT EEN EMMER EN EEN SCHEP.
27,2. HE DIGS A HOLE IN THE SAND.,2. ELE CAVA UM BURACO NA AREIA.,2. ÉL CAVA UN HOYO EN LA ARENA.,2. LUI SCAVA UNA BUCA NELLA SABBIA.,2. IL CREUSE UN TROU DANS LE SABLE.,2. ER GRÄBT EIN LOCH IM SAND.,2. 彼は砂に穴を掘ります。,2. かれはすなにあなをほります。,2. KARE WA SUNA NI ANA O HORIMASU.,2. HIJ GRAAFT EEN GAT IN HET ZAND.
27,3. HE FILLS THE BUCKET WITH SAND.,3. ELE ENCHE O BALDE COM AREIA.,3. ÉL LLENA EL CUBO CON ARENA.,3. LUI RIEMPIE IL SECCHIO DI SABBIA.,3. IL REMPLIT LE SEAU DE SABLE.,3. ER FÜLLT DEN EIMER MIT SAND.,3. 彼はバケツに砂を入れます。,3. かれはばけつにすなをいれます。,3. KARE WA BAKETSU NI SUNA O IREMASU.,3. HIJ VULT DE EMMER MET ZAND.
27,4. HE TURNS THE BUCKET UPSIDE DOWN.,4. ELE VIRA O BALDE DE CABEÇA PARA BAIXO.,4. ÉL VOLTEA EL CUBO BOCA ABAJO.,4. LUI CAPOVOLGE IL SECCHIO.,4. IL RETOURNE LE SEAU.,4. ER DREHT DEN EIMER UM.,4. 彼はバケツを逆さまにします。,4. かれはばけつをさかさまにします。,4. KARE WA BAKETSU O SAKASAMA NI SHIMASU.,4. HIJ KEERT DE EMMER ONDERSTEBOVEN.
27,5. HE SHAPES THE SANDCASTLE.,5. ELE MOLDA O CASTELO DE AREIA.,5. ÉL DA FORMA AL CASTILLO DE ARENA.,5. LUI MODELLA IL CASTELLO DI SABBIA.,5. IL FAÇONNE LE CHÂTEAU DE SABLE.,5. ER FORMT DIE SANDBURG.,5. 彼は砂の城を形作ります。,5. かれはすなのしろをかたちづくります。,5. KARE WA SUNA NO SHIRO O KATACHI ZUKURIMASU.,5. HIJ VORMT HET ZANDKASTEEL.
27,6. HE ADDS TOWERS AND WALLS.,6. ELE ADICIONA TORRES E MURALHAS.,6. ÉL AGREGA TORRES Y MURALLAS.,6. LUI AGGIUNGE TORRI E MURA.,6. IL AJOUTE DES TOURS ET DES MURS.,6. ER FÜGT TÜRME UND MAUERN HINZU.,6. 彼は塔と壁を加えます。,6. かれはとうとかべをくわえます。,6. KARE WA TŌ TO KABE O KUWAEMASU.,6. HIJ VOEGT TORENS EN MUREN TOE.
27,7. HE DECORATES THE CASTLE WITH SHELLS.,7. ELE DECORA O CASTELO COM CONCHAS.,7. ÉL DECORA EL CASTILLO CON CONCHAS.,7. LUI DECORA IL CASTELLO CON CONCHIGLIE.,7. IL DÉCORE LE CHÂTEAU AVEC DES COQUILLAGES.,7. ER DEKORIERT DIE BURG MIT MUSCHELN.,7. 彼は貝殻で城を飾ります。,7. かれはかいがらでしろをかざります。,7. KARE WA KAIGARA DE SHIRO O KAZARIMASU.,7. HIJ VERSIERT HET KASTEEL MET SCHELPEN.
27,8. HE SMOOTHS OUT THE SAND.,8. ELE ALISA A AREIA.,8. ÉL ALISA LA ARENA.,8. LUI LIVELLA LA SABBIA.,8. IL LISSE LE SABLE.,8. ER GLÄTTET DEN SAND.,8. 彼は砂をならします。,8. かれはすなをならします。,8. KARE WA SUNA O NARASHIMASU.,8. HIJ STRIJKT HET ZAND GLAD.
27,9. HE ADMIRES THE CASTLE.,9. ELE ADMIRA O CASTELO.,9. ÉL ADMIRA EL CASTILLO.,9. LUI AMMIRA IL CASTELLO.,9. IL ADMIRE LE CHÂTEAU.,9. ER BEWUNDERT DIE BURG.,9. 彼は城を眺めます。,9. かれはしろをながめます。,9. KARE WA SHIRO O NAGAMEMASU.,9. HIJ BEWONDERT HET KASTEEL.
27,10. HE TAKES A PHOTO OF HIS CREATION.,10. ELE TIRA UMA FOTO DA SUA CRIAÇÃO.,10. ÉL TOMA UNA FOTO DE SU CREACIÓN.,10. LUI SCATTA UNA FOTO DELLA SUA CREAZIONE.,10. IL PREND UNE PHOTO DE SA CRÉATION.,10. ER MACHT EIN FOTO SEINER KREATION.,10. 彼は自分の作品の写真を撮ります。,10. かれはじぶんのさくひんのしゃしんをとります。,10. KARE WA JIBUN NO SAKUHIN NO SHASHIN O TORIMASU.,10. HIJ MAAKT EEN FOTO VAN ZIJN CREATIE.
28,1. JACK PREHEATS THE OVEN.,1. JACK PREAQUECE O FORNO.,1. JACK PRECALIENTA EL HORNO.,1. JACK PRERISCALDA IL FORNO.,1. JACK PRÉCHAUFFE LE FOUR.,1. JACK HEIZT DEN OFEN VOR.,1. ジャックはオーブンを予熱します。,1. じゃっくはおーぶんをよねつします。,1. JAKKU WA ŌBUN O YONETSU SHIMASU.,1. JACK VERWARMT DE OVEN.
28,"2. HE GRABS THE INGREDIENTS - FLOUR, SUGAR, AND EGGS.","2. ELE PEGA OS INGREDIENTES – FARINHA, AÇÚCAR E OVOS.","2. ÉL TOMA LOS INGREDIENTES – HARINA, AZÚCAR Y HUEVOS.","2. LUI PRENDE GLI INGREDIENTI – FARINA, ZUCCHERO E UOVA.","2. IL PREND LES INGRÉDIENTS – FARINE, SUCRE ET ŒUFS.","2. ER NIMMT DIE ZUTATEN – MEHL, ZUCKER UND EIER.",2. 彼は材料―小麦粉、砂糖、卵―を取ります。,2. かれはざいりょう―こむぎこ、さとう、たまご―をとります。,2. KARE WA ZAIRYŌ O TORIMASU.,"2. HIJ PAKT DE INGREDIËNTEN – BLOEM, SUIKER EN EIER."
28,3. HE MIXES THE DRY INGREDIENTS IN A BOWL.,3. ELE MISTURA OS INGREDIENTES SECOS EM UMA TIGELA.,3. ÉL MEZCLA LOS INGREDIENTES SECOS EN UN BOL.,3. LUI MESCOLA GLI INGREDIENTI SECCHI IN UNA CIOTOLA.,3. IL MÉLANGE LES INGRÉDIENTS SECS DANS UN BOL.,3. ER MISCHT DIE TROCKENEN ZUTATEN IN EINER SCHÜSSEL.,3. 彼は乾いた材料をボウルで混ぜます。,3. かれはかわいたざいりょうをぼうるでまぜます。,3. KARE WA KAWAI TA ZAIRYŌ O BŌRU DE MAZEMASU.,3. HIJ MENGT DE DROGE INGREDIËNTEN IN EEN KOM.
28,4. HE ADDS MILK AND BUTTER.,4. ELE ADICIONA LEITE E MANTEIGA.,4. ÉL AGREGA LECHE Y MANTEQUILLA.,4. LUI AGGIUNGE LATTE E BURRO.,4. IL AJOUTE DU LAIT ET DU BEURRE.,4. ER FÜGT MILCH UND BUTTER HINZU.,4. 彼は牛乳とバターを加えます。,4. かれはぎゅうにゅうとばたーをくわえます。,4. KARE WA GYŪNYŪ TO BATĀ O KUWAEMASU.,4. HIJ VOEGT MELK EN BOTER TOE.
28,5. HE STIRS THE BATTER UNTIL SMOOTH.,5. ELE MEXE A MASSA ATÉ FICAR LISA.,5. ÉL REVUELVE LA MASA HASTA QUE QUEDE SUAVE.,5. LUI MESCOLA L’IMPASTO FINO A LISCIO.,5. IL REMUE LA PÂTE JUSQU’À CE QU’ELLE SOIT LISSE.,5. ER RÜHRT DEN TEIG GLATT.,5. 彼は生地が滑らかになるまで混ぜます。,5. かれはきじがなめらかになるまでまぜます。,5. KARE WA KIJ I GA NAMERAKA NI NARU MADE MAZEMASU.,5. HIJ ROERT HET BESLAG TOT HET GLAD IS.
28,6. HE POURS THE BATTER INTO A PAN.,6. ELE DESPEJA A MASSA EM UMA FORMA.,6. ÉL VIERTE LA MASA EN UN MOLDE.,6. LUI VERSA L’IMPASTO IN UNA TEGLIA.,6. IL VERSE LA PÂTE DANS UN MOULE.,6. ER GIEßT DEN TEIG IN EINE FORM.,6. 彼は型に生地を流し込みます。,6. かれはかたにきじをながしこみます。,6. KARE WA KATA NI KIJ I O NAGASHIKOMIMASU.,6. HIJ GIET HET BESLAG IN EEN VORM.
28,7. HE PLACES THE PAN IN THE OVEN.,7. ELE COLOCA A FORMA NO FORNO.,7. ÉL PONE EL MOLDE EN EL HORNO.,7. LUI METTE LA TEGLIA NEL FORNO.,7. IL MET LE MOULE DANS LE FOUR.,7. ER STELLT DIE FORM IN DEN OFEN.,7. 彼は型をオーブンに入れます。,7. かれはかたをおーぶんにいれます。,7. KARE WA KATA O ŌBUN NI IREMASU.,7. HIJ ZET DE VORM IN DE OVEN.
28,8. HE WAITS.,8. ELE ESPERA.,8. ÉL ESPERA.,8. LUI ASPETTA.,8. IL ATTEND.,8. ER WARTET.,8. 彼は待ちます。,8. かれはまちます。,8. KARE WA MACHIMASU.,8. HIJ WACHT.
28,9. HE CHECKS THE CAKE WITH A TOOTHPICK.,9. ELE VERIFICA O BOLO COM UM PALITO.,9. ÉL REVISA EL PASTEL CON UN PALILLO.,9. LUI CONTROLLA LA TORTA CON UNO STUZZICADENTI.,9. IL VÉRIFIE LE GÂTEAU AVEC UN CURE-DENT.,9. ER PRÜFT DEN KUCHEN MIT EINEM ZAHNSTOCHER.,9. 彼はつまようじでケーキを確認します。,9. かれはつまようじでけーきをかくにんします。,9. KARE WA TSUMAYŌJI DE KĒKI O KAKUNIN SHIMASU.,9. HIJ CONTROLEERT DE CAKE MET EEN TANDENSTOKER.
28,"10. HE TAKES THE CAKE OUT OF THE OVEN, PUTS IT ON THE COUNTER AND LETS IT COOL.","10. ELE TIRA O BOLO DO FORNO, COLOCA NO BALCÃO E DEIXA ESFRIAR.","10. ÉL SACA EL PASTEL DEL HORNO, LO PONE EN LA ENCIMERA Y LO DEJA ENFRIAR.","10. LUI TOGLIE LA TORTA DAL FORNO, LA METTE SUL BANCO E LA LASCIA RAFFREDDARE.","10. IL SORT LE GÂTEAU DU FOUR, LE MET SUR LE COMPTOIR ET LE LAISSE REFROIDIR.","10. ER NIMMT DEN KUCHEN AUS DEM OFEN, STELLT IHN AUF DIE ARBEITSFLÄCHE UND LÄSST IHN ABKÜHLEN.",10. 彼はケーキをオーブンから出し、カウンターに置いて冷まします。,10. かれはけーきをおーぶんからだし、かうんたーにおいてさまします。,"10. KARE WA KĒKI O ŌBUN KARA DASHI, KAUNTĀ NI OITE SAMASHIMASU.","10. HIJ HAALT DE CAKE UIT DE OVEN, ZET HEM OP HET AANRECHT EN LAAT HEM AFKOELEN."
28,11. HE DECORATES THE CAKE WITH FROSTING.,11. ELE DECORA O BOLO COM COBERTURA.,11. ÉL DECORA EL PASTEL CON GLASEADO.,11. LUI DECORA LA TORTA CON LA GLASSA.,11. IL DÉCORE LE GÂTEAU AVEC DU GLAÇAGE.,11. ER DEKORIERT DEN KUCHEN MIT GLASUR.,11. 彼はケーキをフロスティングで飾ります。,11. かれはけーきをふろすてぃんぐでかざります。,11. KARE WA KĒKI O FUROSUTINGU DE KAZARIMASU.,11. HIJ VERSIERT DE CAKE MET GLAZUUR.
29,1. SHANIQUA GRABS HER PHONE.,1. SHANIQUA PEGA O CELULAR.,1. SHANIQUA AGARRA SU TELÉFONO.,1. SHANIQUA PRENDE IL SUO TELEFONO.,1. SHANIQUA PREND SON TÉLÉPHONE.,1. SHANIQUA NIMMT IHR TELEFON.,1. シャニクアは携帯電話を取ります。,1. しゃにくあはけいたいでんわをとります。,1. SHANIKUA WA KEITAI DENWA O TORIMASU.,1. SHANIQUA PAKT HAAR TELEFOON.
29,2. SHE OPENS THE CONTACT LIST.,2. ELA ABRE A LISTA DE CONTATOS.,2. ELLA ABRE LA LISTA DE CONTACTOS.,2. LEI APRE LA LISTA DEI CONTATTI.,2. ELLE OUVRE LA LISTE DE CONTACTS.,2. SIE ÖFFNET DIE KONTAKTLISTE.,2. 彼女は連絡先リストを開きます。,2. かのじょはれんらくさきりすとをひらきます。,2. KANOJO WA RENRAKUSAKI RISUTO O HIRAKIMASU.,2. ZE OPENT DE CONTACTENLIJST.
29,3. SHE SELECTS HER FRIEND'S NUMBER.,3. ELA SELECIONA O NÚMERO DA AMIGA.,3. ELLA SELECCIONA EL NÚMERO DE SU AMIGA.,3. LEI SELEZIONA IL NUMERO DELLA SUA AMICA.,3. ELLE SÉLECTIONNE LE NUMÉRO DE SON AMIE.,3. SIE WÄHLT DIE NUMMER IHRER FREUNDIN.,3. 彼女は友達の番号を選びます。,3. かのじょはともだちのばんごうをえらびます。,3. KANOJO WA TOMODACHI NO BANGŌ O ERABIMASU.,3. ZE SELECTEERT HET NUMMER VAN HAAR VRIENDIN.
29,4. SHE PRESSES THE CALL BUTTON.,4. ELA APERTA O BOTÃO DE LIGAR.,4. ELLA PRESIONA EL BOTÓN DE LLAMAR.,4. LEI PREME IL PULSANTE DI CHIAMATA.,4. ELLE APPUIE SUR LE BOUTON D’APPEL.,4. SIE DRÜCKT DIE ANRUFTASTE.,4. 彼女は通話ボタンを押します。,4. かのじょはつうわぼたんをおします。,4. KANOJO WA TSŪWA BOTAN O OSHIMASU.,4. ZE DRUKT OP DE BELKNOP.
29,5. SHE WAITS FOR HER FRIEND TO ANSWER.,5. ELA ESPERA A AMIGA ATENDER.,5. ELLA ESPERA A QUE SU AMIGA CONTESTE.,5. LEI ASPETTA CHE LA SUA AMICA RISPONDA.,5. ELLE ATTEND QUE SON AMIE RÉPONDE.,"5. SIE WARTET, BIS IHRE FREUNDIN ANTWORTET.",5. 彼女は友達が出るのを待ちます。,5. かのじょはともだちがでるのをまちます。,5. KANOJO WA TOMODACHI GA DERU NO O MACHIMASU.,5. ZE WACHT TOT HAAR VRIENDIN OPNEEMT.
29,6. SHE TALKS TO HER FRIEND.,6. ELA CONVERSA COM A AMIGA.,6. ELLA HABLA CON SU AMIGA.,6. LEI PARLA CON LA SUA AMICA.,6. ELLE PARLE AVEC SON AMIE.,6. SIE SPRICHT MIT IHRER FREUNDIN.,6. 彼女は友達と話します。,6. かのじょはともだちとはなします。,6. KANOJO WA TOMODACHI TO HANASHIMASU.,6. ZE PRAAT MET HAAR VRIENDIN.
29,7. SHE LAUGHS AND SHARES STORIES.,7. ELA RI E COMPARTILHA HISTÓRIAS.,7. ELLA RÍE Y COMPARTE HISTORIAS.,7. LEI RIDE E CONDIVIDE STORIE.,7. ELLE RIT ET PARTAGE DES HISTOIRES.,7. SIE LACHT UND TEILT GESCHICHTEN.,7. 彼女は笑って話を共有します。,7. かのじょはわらってはなしをきょうゆうします。,7. KANOJO WA WARATTE HANASHI O KYŌYŪ SHIMASU.,7. ZE LACHT EN DEELT VERHALEN.
29,8. SHE SAYS GOODBYE.,8. ELA SE DESPEDE.,8. ELLA SE DESPIDE.,8. LEI SALUTA.,8. ELLE DIT AU REVOIR.,8. SIE VERABSCHIEDET SICH.,8. 彼女はさよならを言います。,8. かのじょはさよならをいいます。,8. KANOJO WA SAYONARA O IIMASU.,8. ZE NEEMT AFSCHEID.
29,9. SHE HANGS UP THE PHONE.,9. ELA DESLIGA O TELEFONE.,9. ELLA CUELGA EL TELÉFONO.,9. LEI RIATTACCA IL TELEFONO.,9. ELLE RACCROCHE.,9. SIE LEGT AUF.,9. 彼女は電話を切ります。,9. かのじょはでんわをきります。,9. KANOJO WA DENWA O KIRIMASU.,9. ZE HANGT OP.
29,10. SHE SENDS A TEXT TO THANK HER FRIEND.,10. ELA ENVIA UMA MENSAGEM PARA AGRADECER À AMIGA.,10. ELLA ENVÍA UN MENSAJE PARA AGRADECER A SU AMIGA.,10. LEI INVIA UN MESSAGGIO PER RINGRAZIARE LA SUA AMICA.,10. ELLE ENVOIE UN MESSAGE POUR REMERCIER SON AMIE.,"10. SIE SENDET EINE NACHRICHT, UM SICH ZU BEDANKEN.",10. 彼女は友達に感謝のメッセージを送ります。,10. かのじょはともだちにかんしゃのめっせーじをおくります。,10. KANOJO WA TOMODACHI NI KANSHA NO MESSĒJI O OKURIMASU.,10. ZE STUURT EEN BERICHT OM HAAR VRIENDIN TE BEDANKEN.
30,1. JEFFREY SEES HIS NEIGHBOR STRUGGLING WITH GROCERIES.,1. JEFFREY VÊ SEU VIZINHO LUTANDO COM AS COMPRAS.,1. JEFFREY VE A SU VECINO LUCHANDO CON LAS COMPRAS.,1. JEFFREY VEDE IL SUO VICINO IN DIFFICOLTÀ CON LA SPESA.,1. JEFFREY VOIT SON VOISIN EN DIFFICULTÉ AVEC LES COURSES.,1. JEFFREY SIEHT SEINEN NACHBARN MIT DEN EINKÄUFEN KÄMPFEN.,1. ジェフリーは隣人が買い物で苦労しているのを見ます。,1. じぇふりーはりんじんがかいものでくろうしているのをみます。,1. JEFURĪ WA RINJIN GA KAIMONO DE KURŌ SHITE IRU NO O MIMASU.,1. JEFFREY ZIET ZIJN BUURMAN WORSTELEN MET BOODSCHAPPEN.
30,2. HE WALKS OVER TO OFFER HELP.,2. ELE CAMINHA ATÉ LÁ PARA OFERECER AJUDA.,2. ÉL CAMINA PARA OFRECER AYUDA.,2. LUI SI AVVICINA PER OFFRIRE AIUTO.,2. IL SE DIRIGE POUR OFFRIR DE L’AIDE.,"2. ER GEHT HINÜBER, UM HILFE ANZUBIETEN.",2. 彼は助けを申し出るために近づきます。,2. かれはたすけをもうしでるためにちかづきます。,2. KARE WA TASUKE O MŌSHIDERU TAME NI CHIKAZUKIMASU.,2. HIJ LOOPT ERNAARTOE OM HULP AAN TE BIEDEN.
30,3. HE GRABS A COUPLE BAGS.,3. ELE PEGA ALGUMAS SACOLAS.,3. ÉL TOMA UN PAR DE BOLSAS.,3. LUI PRENDE ALCUNE BORSE.,3. IL PREND QUELQUES SACS.,3. ER NIMMT EIN PAAR TASCHEN.,3. 彼はいくつかの袋を持ちます。,3. かれはいくつかのふくろをもちます。,3. KARE WA IKUTSUKA NO FUKURO O MOCHIMASU.,3. HIJ PAKT EEN PAAR TASSEN.
30,4. HE WALKS HIS NEIGHBOR TO HIS DOOR.,4. ELE ACOMPANHA O VIZINHO ATÉ A PORTA.,4. ÉL ACOMPAÑA A SU VECINO HASTA LA PUERTA.,4. LUI ACCOMPAGNA IL VICINO FINO ALLA PORTA.,4. IL ACCOMPAGNE SON VOISIN JUSQU’À LA PORTE.,4. ER BEGLEIT SEINEN NACHBARN BIS ZUR TÜR.,4. 彼は隣人をドアまで連れて行きます。,4. かれはりんじんをどあまでつれていきます。,4. KARE WA RINJIN O DOA MADE TSURETE IKIMASU.,4. HIJ BEGELEIDT ZIJN BUURMAN NAAR DE DEUR.
30,5. THEY TALK AND LAUGH.,5. ELES CONVERSAM E RIEM.,5. ELLOS HABLAN Y SE RÍEN.,5. PARLANO E RIDONO.,5. ILS PARLENT ET RIENT.,5. SIE REDEN UND LACHEN.,5. 二人は話して笑います。,5. ふたりははなしてわらいます。,5. FUTARI WA HANASHITE WARAIMASU.,5. ZE PRATEN EN LACHEN.
30,6. HE HELPS UNLOAD THE BAGS.,6. ELE AJUDA A DESCARREGAR AS SACOLAS.,6. ÉL AYUDA A DESCARGAR LAS BOLSAS.,6. LUI AIUTA A SCARICARE LE BORSE.,6. IL AIDE À DÉCHARGER LES SACS.,"6. ER HILFT, DIE TASCHEN AUSZULADEN.",6. 彼は袋を運び出すのを手伝います。,6. かれはふくろをはこびだすのをてつだいます。,6. KARE WA FUKURO O HAKOBIDASU NO O TETSUDAIMASU.,6. HIJ HELPT DE TASSEN UITLADEN.
30,7. HE ASKS HIS NEIGHBOR IF HE NEEDS MORE HELP.,7. ELE PERGUNTA SE O VIZINHO PRECISA DE MAIS AJUDA.,7. ÉL PREGUNTA SI SU VECINO NECESITA MÁS AYUDA.,7. LUI CHIEDE SE IL VICINO HA BISOGNO DI ALTRO AIUTO.,7. IL DEMANDE SI SON VOISIN A BESOIN D’AUTRE AIDE.,"7. ER FRAGT, OB DER NACHBAR WEITERE HILFE BRAUCHT.",7. 彼はもっと助けが必要か聞きます。,7. かれはもっとたすけがひつようかききます。,7. KARE WA MOTTO TASUKE GA HITSUYŌ KA KIKIMASU.,7. HIJ VRAAGT OF ZIJN BUURMAN MEER HULP NODIG HEEFT.
30,8. HE TRIMS THE GRASS WITH THE WEED EATER.,8. ELE APARA A GRAMA COM O CORTADOR DE GRAMA MANUAL.,8. ÉL RECORTA EL CÉSPED CON LA DESBROZADORA.,8. LUI TAGLIA L’ERBA CON IL DECESPUGLIATORE.,8. IL COUPE L’HERBE AVEC LE COUPE-BORDURE.,8. ER TRIMMT DAS GRAS MIT DEM FREISCHNEIDER.,8. 彼は草刈り機で草を刈ります。,8. かれはくさかりきでくさをかります。,8. KARE WA KUSAKARIKI DE KUSA O KARIMASU.,8. HIJ TRIMT HET GRAS MET DE BOSMAAIER.
30,9. HE MOWS THE LAWN WITH THE LAWN MOWER.,9. ELE CORTA A GRAMA COM O CORTADOR.,9. ÉL CORTA EL CÉSPED CON LA CORTADORA.,9. LUI TAGLIA IL PRATO CON IL TOSAERBA.,9. IL TOND LA PELOUSE AVEC LA TONDEUSE.,9. ER MÄHT DEN RASEN MIT DEM RASENMÄHER.,9. 彼は芝刈り機で芝生を刈ります。,9. かれはしばかりきでしばふをかります。,9. KARE WA SHIBAKARIKI DE SHIBAFU O KARIMASU.,9. HIJ MAAIT HET GAZON MET DE GRASMAAIER.
30,10. HE THANKS THE NEIGHBOR FOR THE OPPORTUNITY.,10. ELE AGRADECE AO VIZINHO PELA OPORTUNIDADE.,10. ÉL AGRADECE AL VECINO POR LA OPORTUNIDAD.,10. LUI RINGRAZIA IL VICINO PER L’OPPORTUNITÀ.,10. IL REMERCIE LE VOISIN POUR L’OPPORTUNITÉ.,10. ER DANKT DEM NACHBARN FÜR DIE GELEGENHEIT.,10. 彼は機会をくれた隣人に感謝します。,10. かれはきかいをくれたりんじんにかんしゃします。,10. KARE WA KIKAI O KURETA RINJIN NI KANSHA SHIMASU.,10. HIJ BEDANKT DE BUURMAN VOOR DE KANS.
30,11. THEY SAY GOODBYE.,11. ELES SE DESPEDEM.,11. ELLOS SE DESPIDEN.,11. SI SALUTANO.,11. ILS SE DISENT AU REVOIR.,11. SIE VERABSCHIEDEN SICH.,11. 二人は別れを告げます。,11. ふたりはわかれをつげます。,11. FUTARI WA WAKARE O TSUGEMASU.,11. ZE NEMEN AFSCHEID.
31,1. MARK WALKS INTO THE LIVING ROOM.,1. MARK ENTRA NA SALA DE ESTAR.,1. MARK ENTRA EN LA SALA DE ESTAR.,1. MARK ENTRA NEL SALOTTO.,1. MARK ENTRE DANS LE SALON.,1. MARK GEHT INS WOHNZIMMER.,1. マークはリビングルームに入ります。,1. まーくはりびんぐるーむにはいります。,1. MĀKU WA RIBINGURŪMU NI HAIRIMASU.,1. MARK LOOPT DE WOONKAMER BINNEN.
31,2. HE SITS ON THE COUCH.,2. ELE SE SENTA NO SOFÁ.,2. ÉL SE SIENTA EN EL SOFÁ.,2. LUI SI SIEDE SUL DIVANO.,2. IL S’ASSOIT SUR LE CANAPÉ.,2. ER SETZT SICH AUF DAS SOFA.,2. 彼はソファに座ります。,2. かれはそふぁにすわります。,2. KARE WA SOFA NI SUWARIMASU.,2. HIJ GAAT OP DE BANK ZITTEN.
31,3. HE LOOKS AT THE TV REMOTE.,3. ELE OLHA PARA O CONTROLE DA TV.,3. ÉL MIRA EL CONTROL REMOTO.,3. LUI GUARDA IL TELECOMANDO.,3. IL REGARDE LA TÉLÉCOMMANDE.,3. ER SIEHT DIE FERNBEDIENUNG AN.,3. 彼はリモコンを見ます。,3. かれはりもこんをみます。,3. KARE WA RIMOKON O MIMASU.,3. HIJ KIJKT NAAR DE AFSTANDSBEDIENING.
31,4. HE TURNS ON THE TV.,4. ELE LIGA A TV.,4. ÉL ENCIENDE EL TELEVISOR.,4. LUI ACCENDE LA TV.,4. IL ALLUME LA TÉLÉVISION.,4. ER SCHALTET DEN FERNSEHER EIN.,4. 彼はテレビをつけます。,4. かれはてれびをつけます。,4. KARE WA TEREBI O TSUKEMASU.,4. HIJ ZET DE TV AAN.
31,5. HE SEES A GAME IS ON.,5. ELE VÊ QUE HÁ UM JOGO PASSANDO.,5. ÉL VE QUE HAY UN PARTIDO.,5. LUI VEDE CHE C’È UNA PARTITA.,5. IL VOIT QU’UN MATCH PASSE.,"5. ER SIEHT, DASS EIN SPIEL LÄUFT.",5. 彼は試合が始まっているのを見ます。,5. かれはしあいがはじまっているのをみます。,5. KARE WA SHIAI GA HAJIMATTE IRU NO O MIMASU.,5. HIJ ZIET DAT ER EEN WEDSTRIJD IS.
31,6. HE GETS A BOWL OF CHIPS.,6. ELE PEGA UMA TIGELA DE BATATAS FRITAS.,6. ÉL TOMA UN TAZÓN DE PAPAS FRITAS.,6. LUI PRENDE UNA CIOTOLA DI PATATINE.,6. IL PREND UN BOL DE CHIPS.,6. ER HOLT SICH EINE SCHÜSSEL CHIPS.,6. 彼はポテトチップスのボウルを取ります。,6. かれはぽてとちっぷすのぼうるをとります。,6. KARE WA POTETO CHIPUSU NO BŌRU O TORIMASU.,6. HIJ PAKT EEN SCHAAL CHIPS.
31,7. HE PICKS UP A CUP OF TEA.,7. ELE PEGA UMA XÍCARA DE CHÁ.,7. ÉL TOMA UNA TAZA DE TÉ.,7. LUI PRENDE UNA TAZZA DI TÈ.,7. IL PREND UNE TASSE DE THÉ.,7. ER NIMMT EINE TASSE TEE.,7. 彼はお茶のカップを取ります。,7. かれはおちゃのかっぷをとります。,7. KARE WA OCHA NO KAPPU O TORIMASU.,7. HIJ PAKT EEN KOP THEE.
31,8. HE EATS CHIPS AND DRINKS TEA.,8. ELE COME BATATAS FRITAS E BEBE CHÁ.,8. ÉL COME PAPAS FRITAS Y BEBE TÉ.,8. LUI MANGIA PATATINE E BEVE TÈ.,8. IL MANGE DES CHIPS ET BOIT DU THÉ.,8. ER ISST CHIPS UND TRINKT TEE.,8. 彼はチップスを食べてお茶を飲みます。,8. かれはちっぷすをたべておちゃをのみます。,8. KARE WA CHIPUSU O TABETE OCHA O NOMIMASU.,8. HIJ EET CHIPS EN DRINKT THEE.
31,9. HE WATCHES THE GAME CAREFULLY.,9. ELE ASSISTE AO JOGO COM ATENÇÃO.,9. ÉL MIRA EL PARTIDO CON ATENCIÓN.,9. LUI GUARDA LA PARTITA CON ATTENZIONE.,9. IL REGARDE LE MATCH ATTENTIVEMENT.,9. ER SIEHT DAS SPIEL AUFMERKSAM.,9. 彼は注意深く試合を見ます。,9. かれはちゅういぶかくしあいをみます。,9. KARE WA CHŪIBUKAKU SHIAI O MIMASU.,9. HIJ KIJKT AANDACHTIG NAAR DE WEDSTRIJD.
31,10. HIS TEAM SCORES A GOAL.,10. O TIME DELE MARCA UM GOL.,10. SU EQUIPO MARCA UN GOL.,10. LA SUA SQUADRA SEGNA UN GOL.,10. SON ÉQUIPE MARQUE UN BUT.,10. SEIN TEAM ERZIELT EIN TOR.,10. 彼のチームがゴールを決めます。,10. かれのちーむがごーるをきめます。,10. KARE NO CHĪMU GA GŌRU O KIMEMASU.,10. ZIJN TEAM SCOORT EEN DOELPUNT.
31,11. HE JUMPS AND CHEERS.,11. ELE PULA E COMEMORA.,11. ÉL SALTA Y CELEBRA.,11. LUI SALTA E FESTEGGIA.,11. IL SAUTE ET CÉLÈBRE.,11. ER SPRINGT UND JUBELT.,11. 彼は跳ねて喜びます。,11. かれははねてよろこびます。,11. KARE WA HANETE YOROKOBIMASU.,11. HIJ SPRINGT EN JUICHT.
31,12. THE OTHER TEAM SCORES.,12. O OUTRO TIME MARCA.,12. EL OTRO EQUIPO MARCA.,12. L’ALTRA SQUADRA SEGNA.,12. L’AUTRE ÉQUIPE MARQUE.,12. DAS ANDERE TEAM SCOORT.,12. 相手チームが得点します。,12. あいてちーむがとくてんします。,12. AITE CHĪMU GA TOKUTEN SHIMASU.,12. HET ANDERE TEAM SCOORT.
31,13. HE CLAPS AND SHAKES HIS HEAD.,13. ELE BATE PALMAS E BALANÇA A CABEÇA.,13. ÉL APLAUDE Y NIEGA CON LA CABEZA.,13. LUI APPLAUDE E SCUOTE LA TESTA.,13. IL APPLAUDIT ET SECOUE LA TÊTE.,13. ER KLATSCHT UND SCHÜTTELT DEN KOPF.,13. 彼は拍手して首を振ります。,13. かれははくしゅしてくびをふります。,13. KARE WA HAKUSHU SHITE KUBI O FURIMASU.,13. HIJ KLAPT EN SCHUDT ZIJN HOOFD.
31,14. HE TAKES ANOTHER SIP OF TEA.,14. ELE DÁ OUTRO GOLE DE CHÁ.,14. ÉL DA OTRO SORBO DE TÉ.,14. LUI FA UN ALTRO SORSO DI TÈ.,14. IL PREND UNE AUTRE GORGÉE DE THÉ.,14. ER NIMMT EINEN WEITEREN SCHLUCK TEE.,14. 彼はもう一口お茶を飲みます。,14. かれはもうひとくちおちゃをのみます。,14. KARE WA MŌ HITOKUCHI OCHA O NOMIMASU.,14. HIJ NEEMT NOG EEN SLUK THEE.
31,15. HE LEANS BACK ON THE COUCH.,15. ELE SE ENCOSTA NO SOFÁ.,15. ÉL SE RECUESTA EN EL SOFÁ.,15. LUI SI APPOGGIA SUL DIVANO.,15. IL SE PENche EN ARRIÈRE SUR LE CANAPÉ.,15. ER LEHNT SICH AUF DEM SOFA ZURÜCK.,15. 彼はソファにもたれます。,15. かれはそふぁにもたれます。,15. KARE WA SOFA NI MOTAREMASU.,15. HIJ LEUNT ACHTEROVER OP DE BANK.
31,16. HE WATCHES THE LAST MINUTES OF THE GAME.,16. ELE ASSISTE AOS ÚLTIMOS MINUTOS DO JOGO.,16. ÉL MIRA LOS ÚLTIMOS MINUTOS DEL PARTIDO.,16. LUI GUARDA GLI ULTIMI MINUTI DELLA PARTITA.,16. IL REGARDE LES DERNIÈRES MINUTES DU MATCH.,16. ER SIEHT DIE LETZTEN MINUTEN DES SPIELS.,16. 彼は試合の最後の数分を見ます。,16. かれはしあいのさいごのすうふんをみます。,16. KARE WA SHIAI NO SAIGO NO SŪFUN O MIMASU.,16. HIJ KIJKT NAAR DE LAATSTE MINUTEN VAN DE WEDSTRIJD.
31,17. THE GAME ENDS. IT'S A TIE.,17. O JOGO TERMINA. É UM EMPATE.,17. EL PARTIDO TERMINA. ES UN EMPATE.,17. LA PARTITA FINISCE. È UN PAREGGIO.,17. LE MATCH SE TERMINE. C’EST UNE ÉGALITÉ.,17. DAS SPIEL ENDET. ES IST UNENTSCHIEDEN.,17. 試合が終わります。引き分けです。,17. しあいがおわります。ひきわけです。,17. SHIAI GA OWARIMASU. HIKIWAKE DESU.,17. DE WEDSTRIJD EINDIGT. HET IS GELIJKSPEL.
31,18. HE SMILES AND SAYS - THAT WAS A GREAT GAME.,18. ELE SORRI E DIZ – FOI UM ÓTIMO JOGO.,18. ÉL SONRÍE Y DICE – FUE UN GRAN PARTIDO.,18. LUI SORRIDE E DICE – È STATA UNA GRAN PARTITA.,18. IL SOURIT ET DIT – C’ÉTAIT UN SUPER MATCH.,18. ER LÄCHELT UND SAGT – DAS WAR EIN GROSSARTIGES SPIEL.,18. 彼は笑って「いい試合だった」と言います。,18. かれはわらって「いいしあいだった」といいます。,18. KARE WA WARATTE “Ī SHIAI DATTA” TO IIMASU.,18. HIJ GLIMLACHT EN ZEGT – DAT WAS EEN GEWELDIGE WEDSTRIJD.
31,19. HE PICKS UP THE REMOTE AND TURNS OFF THE TV.,19. ELE PEGA O CONTROLE E DESLIGA A TV.,19. ÉL TOMA EL CONTROL Y APAGA LA TV.,19. LUI PRENDE IL TELECOMANDO E SPEGNE LA TV.,19. IL PREND LA TÉLÉCOMMANDE ET ÉTEINT LA TV.,19. ER NIMMT DIE FERNBEDIENUNG UND SCHALTET DEN FERNSEHER AUS.,19. 彼はリモコンを取ってテレビを消します。,19. かれはりもこんをとっててれびをけします。,19. KARE WA RIMOKON O TOTTE TEREBI O KESHIMASU.,19. HIJ PAKT DE AFSTANDSBEDIENING EN ZET DE TV UIT.
31,20. HE PUTS THE BOWL AND CUP IN THE KITCHEN.,20. ELE LEVA A TIGELA E A XÍCARA PARA A COZINHA.,20. ÉL LLEVA EL TAZÓN Y LA TAZA A LA COCINA.,20. LUI PORTA LA CIOTOLA E LA TAZZA IN CUCINA.,20. IL APPORTE LE BOL ET LA TASSE À LA CUISINE.,20. ER BRINGT DIE SCHÜSSEL UND DIE TASSE IN DIE KÜCHE.,20. 彼はボウルとカップをキッチンに運びます。,20. かれはぼうるとかっぷをきっちんにはこびます。,20. KARE WA BŌRU TO KAPPU O KITCHIN NI HAKOBIMASU.,20. HIJ BRENGT DE SCHAAL EN KOP NAAR DE KEUKEN.
31,21. HE WALKS TO THE WINDOW AND LOOKS OUT.,21. ELE CAMINHA ATÉ A JANELA E OLHA PARA FORA.,21. ÉL CAMINA HACIA LA VENTANA Y MIRA AFUERA.,21. LUI VA ALLA FINESTRA E GUARDA FUORI.,21. IL MARCHE VERS LA FENÊTRE ET REGARDE DEHORS.,21. ER GEHT ZUM FENSTER UND SCHAUT HINAUS.,21. 彼は窓まで歩いて外を見ます。,21. かれはまどまであるいてそとをみます。,21. KARE WA MADO MADE ARUITE SOTO O MIMASU.,21. HIJ LOOPT NAAR HET RAAM EN KIJKT NAAR BUITEN.
31,22. HE THINKS ABOUT THE NEXT GAME.,22. ELE PENSA NO PRÓXIMO JOGO.,22. ÉL PIENSA EN EL PRÓXIMO PARTIDO.,22. LUI PENSA ALLA PROSSIMA PARTITA.,22. IL PENSE AU PROCHAIN MATCH.,22. ER DENKT ÜBER DAS NÄCHSTE SPIEL NACH.,22. 彼は次の試合について考えます。,22. かれはつぎのしあいについてかんがえます。,22. KARE WA TSUGI NO SHIAI NI TSUITE KANGAEMASU.,22. HIJ DENKT AAN DE VOLGENDE WEDSTRIJD.
32,1. JACQUELINE WALKS OUT TO THE DRIVEWAY.,1. JACQUELINE SAI ATÉ A ENTRADA DA GARAGEM.,1. JACQUELINE SALE A LA ENTRADA DE AUTOS.,1. JACQUELINE ESCE NEL VIALE.,1. JACQUELINE SORT DANS L’ALLÉE.,1. JACQUELINE GEHT ZUR EINFAHRT.,1. ジャクリーンは車道に出ます。,1. じゃくりーんはしゃどうにでます。,1. JAKURĪN WA SHADŌ NI DEMASU.,1. JACQUELINE LOOPT NAAR DE OPRIT.
32,2. SHE SEES THE DIRTY CAR.,2. ELA VÊ O CARRO SUJO.,2. ELLA VE EL AUTO SUCIO.,2. LEI VEDE L’AUTO SPORCA.,2. ELLE VOIT LA VOITURE SALE.,2. SIE SIEHT DAS SCHMUTZIGE AUTO.,2. 彼女は汚れた車を見ます。,2. かのじょはよごれたくるまをみます。,2. KANOJO WA YOGORETA KURUMA O MIMASU.,2. ZE ZIET DE VUILE AUTO.
32,3. SHE GRABS THE HOSE.,3. ELA PEGA A MANGUEIRA.,3. ELLA AGARRA LA MANGUERA.,3. LEI PRENDE IL TUBO.,3. ELLE PREND LE TUYAU.,3. SIE NIMMT DEN SCHLAUCH.,3. 彼女はホースを取ります。,3. かのじょはほーすをとります。,3. KANOJO WA HŌSU O TORIMASU.,3. ZE PAKT DE SLANG.
32,4. SHE LOOKS FOR THE FAUCET.,4. ELA PROCURA A TORNEIRA.,4. ELLA BUSCA EL GRIFO.,4. LEI CERCA IL RUBINETTO.,4. ELLE CHERCHE LE ROBINET.,4. SIE SUCHT DEN WASSERHAHN.,4. 彼女は蛇口を探します。,4. かのじょはじゃぐちをさがします。,4. KANOJO WA JAGUCHI O SAGASHIMASU.,4. ZE ZOEKT DE KRAAN.
32,5. SHE TURNS ON THE FAUCET.,5. ELA ABRE A TORNEIRA.,5. ELLA ABRE EL GRIFO.,5. LEI APRE IL RUBINETTO.,5. ELLE OUVRE LE ROBINET.,5. SIE DREHT DEN WASSERHAHN AUF.,5. 彼女は蛇口をひねります。,5. かのじょはじゃぐちをひねります。,5. KANOJO WA JAGUCHI O HINEMASU.,5. ZE DRAAIT DE KRAAN OPEN.
32,6. WATER COMES OUT OF THE HOSE.,6. A ÁGUA SAI DA MANGUEIRA.,6. EL AGUA SALE DE LA MANGUERA.,6. L’ACQUA ESCE DAL TUBO.,6. L’EAU SORT DU TUYAU.,6. WASSER KOMMT AUS DEM SCHLAUCH.,6. ホースから水が出ます。,6. ほーすからみずがでます。,6. HŌSU KARA MIZU GA DEMASU.,6. ER KOMT WATER UIT DE SLANG.
32,7. SHE SPRAYS THE CAR WITH THE HOSE.,7. ELA BORRIFA O CARRO COM A MANGUEIRA.,7. ELLA ROCÍA EL AUTO CON LA MANGUERA.,7. LEI SPRUZZA L’AUTO CON IL TUBO.,7. ELLE ARROSE LA VOITURE AVEC LE TUYAU.,7. SIE SPRITZT DAS AUTO MIT DEM SCHLAUCH AB.,7. 彼女はホースで車に水をかけます。,7. かのじょはほーすでくるまにみずをかけます。,7. KANOJO WA HŌSU DE KURUMA NI MIZU O KAKEMASU.,7. ZE SPUIT DE AUTO AF MET DE SLANG.
32,8. SHE PICKS UP A BOTTLE OF SOAP.,8. ELA PEGA UMA GARRAFA DE SABÃO.,8. ELLA TOMA UNA BOTELLA DE JABÓN.,8. LEI PRENDE UNA BOTTIGLIA DI SAPONE.,8. ELLE PREND UNE BOUTEILLE DE SAVON.,8. SIE NIMMT EINE FLASCHE SEIFE.,8. 彼女は洗剤のボトルを取ります。,8. かのじょはせんざいのぼとるをとります。,8. KANOJO WA SENZAI NO BOTORU O TORIMASU.,8. ZE PAKT EEN FLES ZEEP.
32,9. SHE PUTS SOAP ON THE CAR.,9. ELA COLOCA SABÃO NO CARRO.,9. ELLA PONE JABÓN EN EL AUTO.,9. LEI METTE IL SAPONE SULL’AUTO.,9. ELLE MET DU SAVON SUR LA VOITURE.,9. SIE MACHT SEIFE AUF DAS AUTO.,9. 彼女は車に石けんをつけます。,9. かのじょはくるまにせっけんをつけます。,9. KANOJO WA KURUMA NI SEK KEN O TSUKEMASU.,9. ZE DOET ZEEP OP DE AUTO.
32,10. SHE GETS A SPONGE.,10. ELA PEGA UMA ESPONJA.,10. ELLA TOMA UNA ESPONJA.,10. LEI PRENDE UNA SPUGNA.,10. ELLE PREND UNE ÉPONGE.,10. SIE NIMMT EINEN SCHWAMM.,10. 彼女はスポンジを取ります。,10. かのじょはすぽんじをとります。,10. KANOJO WA SUPONJI O TORIMASU.,10. ZE PAKT EEN SPONS.
32,11. SHE SCRUBS THE CAR WITH THE SPONGE.,11. ELA ESFREGA O CARRO COM A ESPONJA.,11. ELLA FRIEGA EL AUTO CON LA ESPONJA.,11. LEI STROFINA L’AUTO CON LA SPUGNA.,11. ELLE FROTTE LA VOITURE AVEC L’ÉPONGE.,11. SIE SCHRUBBT DAS AUTO MIT DEM SCHWAMM.,11. 彼女はスポンジで車をこすります。,11. かのじょはすぽんじでくるまをこすります。,11. KANOJO WA SUPONJI DE KURUMA O KOSURIMASU.,11. ZE SCHROBT DE AUTO MET DE SPONS.
32,12. SHE CHECKS IF THE CAR IS CLEAN.,12. ELA VERIFICA SE O CARRO ESTÁ LIMPO.,12. ELLA REVISA SI EL AUTO ESTÁ LIMPIO.,12. LEI CONTROLLA SE L’AUTO È PULITA.,12. ELLE VÉRIFIE SI LA VOITURE EST PROPRE.,"12. SIE PRÜFT, OB DAS AUTO SAUBER IST.",12. 彼女は車がきれいか確認します。,12. かのじょはくるまがきれいかかくにんします。,12. KANOJO WA KURUMA GA KIREI KA KAKUNIN SHIMASU.,12. ZE CONTROLEERT OF DE AUTO SCHOON IS.
32,13. SHE RINSES THE CAR WITH THE HOSE.,13. ELA ENXÁGUA O CARRO COM A MANGUEIRA.,13. ELLA ENJUAGA EL AUTO CON LA MANGUERA.,13. LEI RISCIACQUA L’AUTO CON IL TUBO.,13. ELLE RINCE LA VOITURE AVEC LE TUYAU.,13. SIE SPÜLT DAS AUTO MIT DEM SCHLAUCH AB.,13. 彼女はホースで車をすすぎます。,13. かのじょはほーすでくるまをすすぎます。,13. KANOJO WA HŌSU DE KURUMA O SUSUGIMASU.,13. ZE SPOELT DE AUTO AF MET DE SLANG.
32,14. SHE GETS A BIG TOWEL.,14. ELA PEGA UMA TOALHA GRANDE.,14. ELLA TOMA UNA TOALLA GRANDE.,14. LEI PRENDE UN ASCIUGAMANO GRANDE.,14. ELLE PREND UNE GRANDE SERVIETTE.,14. SIE NIMMT EIN GROSSES HANDTUCH.,14. 彼女は大きなタオルを取ります。,14. かのじょはおおきなたおるをとります。,14. KANOJO WA ŌKINA TAORU O TORIMASU.,14. ZE PAKT EEN GROTE HANDDOEK.
32,15. SHE DRIES THE CAR WITH THE TOWEL.,15. ELA SECA O CARRO COM A TOALHA.,15. ELLA SECA EL AUTO CON LA TOALLA.,15. LEI ASCIUGA L’AUTO CON L’ASCIUGAMANO.,15. ELLE SÈCHE LA VOITURE AVEC LA SERVIETTE.,15. SIE TROCKNET DAS AUTO MIT DEM HANDTUCH.,15. 彼女はタオルで車を拭きます。,15. かのじょはたおるでくるまをふきます。,15. KANOJO WA TAORU DE KURUMA O FUKIMASU.,15. ZE DROOGT DE AUTO MET DE HANDDOEK.
32,16. SHE PUTS THE HOSE BACK IN THE GARAGE.,16. ELA GUARDA A MANGUEIRA NA GARAGEM.,16. ELLA GUARDA LA MANGUERA EN EL GARAJE.,16. LEI RIPONE IL TUBO NEL GARAGE.,16. ELLE RANGE LE TUYAU DANS LE GARAGE.,16. SIE LEGT DEN SCHLAUCH IN DIE GARAGE.,16. 彼女はホースをガレージに戻します。,16. かのじょはほーすをがれーじにもどします。,16. KANOJO WA HŌSU O GARĒJI NI MODOSHIMASU.,16. ZE LEGT DE SLANG TERUG IN DE GARAGE.
32,17. SHE LOOKS AT THE SPONGE AND SOAP.,17. ELA OLHA PARA A ESPONJA E O SABÃO.,17. ELLA MIRA LA ESPONJA Y EL JABÓN.,17. LEI GUARDA LA SPUGNA E IL SAPONE.,17. ELLE REGARDE L’ÉPONGE ET LE SAVON.,17. SIE SIEHT SICH DEN SCHWAMM UND DIE SEIFE AN.,17. 彼女はスポンジと石けんを見ます。,17. かのじょはすぽんじとせっけんをみます。,17. KANOJO WA SUPONJI TO SEK KEN O MIMASU.,17. ZE KIJKT NAAR DE SPONS EN DE ZEEP.
32,18. SHE WASHES HER HANDS.,18. ELA LAVA AS MÃOS.,18. ELLA SE LAVA LAS MANOS.,18. LEI SI LAVA LE MANI.,18. ELLE SE LAVE LES MAINS.,18. SIE WÄSCHT SICH DIE HÄNDE.,18. 彼女は手を洗います。,18. かのじょはてをあらいます。,18. KANOJO WA TE O ARAIMASU.,18. ZE WAST HAAR HANDEN.
32,"19. SHE ADMIRES THE CLEAN, SPARKLING CAR.",19. ELA ADMIRA O CARRO LIMPO E BRILHANTE.,19. ELLA ADMIRA EL AUTO LIMPIO Y BRILLANTE.,19. LEI AMMIRA L’AUTO PULITA E SPLENDENTE.,19. ELLE ADMIRE LA VOITURE PROPRE ET BRILLANTE.,"19. SIE BEWUNDERT DAS SAUBERE, GLÄNZENDE AUTO.",19. 彼女はきれいで輝く車を眺めます。,19. かのじょはきれいでかがやくくるまをながめます。,19. KANOJO WA KIREI DE KAGAYAKU KURUMA O NAGAMEMASU.,"19. ZE BEWONDERT DE SCHONE, GLANZENDE AUTO."
32,20. SHE SMILES AND TAKES A PHOTO OF THE CAR.,20. ELA SORRI E TIRA UMA FOTO DO CARRO.,20. ELLA SONRÍE Y TOMA UNA FOTO DEL AUTO.,20. LEI SORRIDE E SCATTA UNA FOTO DELL’AUTO.,20. ELLE SOURIT ET PREND UNE PHOTO DE LA VOITURE.,20. SIE LÄCHELT UND MACHT EIN FOTO VOM AUTO.,20. 彼女は笑って車の写真を撮ります。,20. かのじょはわらってくるまのしゃしんをとります。,20. KANOJO WA WARATTE KURUMA NO SHASHIN O TORIMASU.,20. ZE GLIMLACHT EN MAAKT EEN FOTO VAN DE AUTO.
33,1. HE SCHEDULES AN APPOINTMENT.,1. ELE MARCA UMA CONSULTA.,1. ÉL PROGRAMA UNA CITA.,1. LUI PRENOTA UN APPUNTAMENTO.,1. IL PREND RENDEZ-VOUS.,1. ER VEREINBART EINEN TERMIN.,1. 彼は予約を取ります。,1. かれはよやくをとります。,1. KARE WA YOYAKU O TORIMASU.,1. HIJ MAAKT EEN AFSPRAAK.
33,2. HE ARRIVES AT THE DENTIST'S OFFICE.,2. ELE CHEGA AO CONSULTÓRIO DO DENTISTA.,2. ÉL LLEGA A LA CONSULTA DEL DENTISTA.,2. LUI ARRIVA DAL DENTISTA.,2. IL ARRIVE AU CABINET DU DENTISTE.,2. ER KOMMT IN DER ZAHNARZTPRAXIS AN.,2. 彼は歯医者の診療所に到着します。,2. かれははいしゃのしんりょうじょにとうちゃくします。,2. KARE WA HAISHA NO SHINRYŌJO NI TŌCHAKU SHIMASU.,2. HIJ KOMT AAN BIJ DE TANDARTS.
33,3. HE FILLS OUT SOME FORMS.,3. ELE PREENCHE ALGUNS FORMULÁRIOS.,3. ÉL LLENA ALGUNOS FORMULARIOS.,3. LUI COMPILA ALCUNI MODULI.,3. IL REMPLIT QUELQUES FORMULAIRES.,3. ER FÜLLT EINIGE FORMULARE AUS.,3. 彼はいくつかの書類に記入します。,3. かれはいくつかのしょるいにきにゅうします。,3. KARE WA IKUTSUKA NO SHORUI NI KINYŪ SHIMASU.,3. HIJ VULT ENKELE FORMULIEREN IN.
33,4. HE WAITS FOR HIS TURN.,4. ELE ESPERA SUA VEZ.,4. ÉL ESPERA SU TURNO.,4. LUI ASPETTA IL SUO TURNO.,4. IL ATTEND SON TOUR.,4. ER WARTET AUF SEINEN TERMIN.,4. 彼は順番を待ちます。,4. かれはじゅんばんをまちます。,4. KARE WA JUNBAN O MACHIMASU.,4. HIJ WACHT OP ZIJN BEURT.
33,5. THE DENTIST CALLS HIM IN.,5. O DENTISTA O CHAMA.,5. EL DENTISTA LO LLAMA.,5. IL DENTISTA LO CHIAMA.,5. LE DENTISTE L’APPELLE.,5. DER ZAHNARZT RUFT IHN AUF.,5. 歯医者が彼を呼びます。,5. はいしゃがかれをよびます。,5. HAISHA GA KARE O YOBIMASU.,5. DE TANDARTS ROEPT HEM BINNEN.
33,6. HE SITS IN THE DENTIST'S CHAIR.,6. ELE SE SENTA NA CADEIRA DO DENTISTA.,6. ÉL SE SIENTA EN LA SILLA DEL DENTISTA.,6. LUI SI SIEDE SULLA POLTRONA DEL DENTISTA.,6. IL S’ASSOIT SUR LE FAUTEUIL DU DENTISTE.,6. ER SETZT SICH AUF DEN ZAHNARZTSTUHL.,6. 彼は歯医者の椅子に座ります。,6. かれははいしゃのいすにすわります。,6. KARE WA HAISHA NO ISU NI SUWARIMASU.,6. HIJ GAAT IN DE TANDARTSSTOEL ZITTEN.
33,7. THE DENTIST EXAMINES HIS TEETH.,7. O DENTISTA EXAMINA OS DENTES DELE.,7. EL DENTISTA EXAMINA SUS DIENTES.,7. IL DENTISTA ESAMINA I SUOI DENTI.,7. LE DENTISTE EXAMINE SES DENTS.,7. DER ZAHNARZT UNTERSUCHT SEINE ZÄHNE.,7. 歯医者は彼の歯を診ます。,7. はいしゃはかれのはをみます。,7. HAISHA WA KARE NO HA O MIMASU.,7. DE TANDARTS ONDERZOEKT ZIJN TANDEN.
33,8. THE DENTIST CLEANS HIS TEETH.,8. O DENTISTA LIMPA OS DENTES DELE.,8. EL DENTISTA LIMPIA SUS DIENTES.,8. IL DENTISTA PULISCE I SUOI DENTI.,8. LE DENTISTE NETTOIE SES DENTS.,8. DER ZAHNARZT REINIGT SEINE ZÄHNE.,8. 歯医者は彼の歯をきれいにします。,8. はいしゃはかれのはをきれいにします。,8. HAISHA WA KARE NO HA O KIREI NI SHIMASU.,8. DE TANDARTS MAAKT ZIJN TANDEN SCHOON.
33,9. HE FINISHES THE APPOINTMENT AND LEAVES.,9. ELE TERMINA A CONSULTA E VAI EMBORA.,9. ÉL TERMINA LA CITA Y SE VA.,9. LUI FINISCE L’APPUNTAMENTO E SE NE VA.,9. IL TERMINE LE RENDEZ-VOUS ET PART.,9. ER BEENDET DEN TERMIN UND GEHT.,9. 彼は診察を終えて帰ります。,9. かれはしんさつをおえてかえります。,9. KARE WA SHINSATSU O OETE KAERIMASU.,9. HIJ RONDT DE AFSPRAAK AF EN GAAT WEG.
34,1. JACK HEARS HIS DOG BARKING.,1. JACK OUVE SEU CACHORRO LATINDO.,1. JACK OYE A SU PERRO LADRAR.,1. JACK SENTE IL SUO CANE ABBAIARE.,1. JACK ENTEND SON CHIEN ABOYER.,1. JACK HÖRT SEINEN HUND BELLEN.,1. ジャックは犬が吠えるのを聞きます。,1. じゃっくはいぬがほえるのをききます。,1. JAKKU WA INU GA HOERU NO O KIKIMASU.,1. JACK HOORT ZIJN HOND BLAFFEN.
34,2. THE DOG BARKS AGAIN.,2. O CACHORRO LATE DE NOVO.,2. EL PERRO LADRA DE NUEVO.,2. IL CANE ABBAIA DI NUOVO.,2. LE CHIEN ABOIE À NOUVEAU.,2. DER HUND BELLT WIEDER.,2. 犬がまた吠えます。,2. いぬがまたほえます。,2. INU GA MATA HOEMASU.,2. DE HOND BLAFT WEER.
34,3. JACK WALKS TO THE KITCHEN.,3. JACK VAI ATÉ A COZINHA.,3. JACK CAMINA A LA COCINA.,3. JACK CAMMINA VERSO LA CUCINA.,3. JACK VA À LA CUISINE.,3. JACK GEHT IN DIE KÜCHE.,3. ジャックは台所へ行きます。,3. じゃっくはだいどころへいきます。,3. JAKKU WA DAIDOKORO E IKIMASU.,3. JACK LOOPT NAAR DE KEUKEN.
34,4. HE LOOKS AT THE CUPBOARD.,4. ELE OLHA PARA O ARMÁRIO.,4. ÉL MIRA EL ARMARIO.,4. LUI GUARDA L’ARMADIO.,4. IL REGARDE LE PLACARD.,4. ER SIEHT IN DEN SCHRANK.,4. 彼は戸棚を見ます。,4. かれはとだなをみます。,4. KARE WA TODANA O MIMASU.,4. HIJ KIJKT IN DE KAST.
34,5. HE TAKES THE DOG FOOD OUT OF THE CUPBOARD.,5. ELE TIRA A RAÇÃO DO ARMÁRIO.,5. ÉL SACA LA COMIDA DEL PERRO DEL ARMARIO.,5. LUI PRENDE IL CIBO PER CANI DALL’ARMADIO.,5. IL SORT LA NOURRITURE DU CHIEN DU PLACARD.,5. ER NIMMT DAS HUNDEFUTTER AUS DEM SCHRANK.,5. 彼は戸棚から犬のえさを取ります。,5. かれはとだなからいぬのえさをとります。,5. KARE WA TODANA KARA INU NO ESA O TORIMASU.,5. HIJ HAALT HONDENVOER UIT DE KAST.
34,6. HE CHECKS THE BAG OF DOG FOOD.,6. ELE VERIFICA O SACO DE RAÇÃO.,6. ÉL REVISA LA BOLSA DE COMIDA PARA PERRO.,6. LUI CONTROLLA IL SACCO DI CIBO.,6. IL VÉRIFIE LE SAC DE NOURRITURE.,6. ER PRÜFT DEN FUTTERBEUTEL.,6. 彼はえさの袋を確認します。,6. かれはえさのふくろをかくにんします。,6. KARE WA ESA NO FUKURO O KAKUNIN SHIMASU.,6. HIJ CONTROLEERT DE ZAK VOER.
34,7. HE OPENS THE BAG OF DOG FOOD.,7. ELE ABRE O SACO DE RAÇÃO.,7. ÉL ABRE LA BOLSA DE COMIDA.,7. LUI APRE IL SACCO DI CIBO.,7. IL OUVRE LE SAC DE NOURRITURE.,7. ER ÖFFNET DEN FUTTERBEUTEL.,7. 彼はえさの袋を開けます。,7. かれはえさのふくろをあけます。,7. KARE WA ESA NO FUKURO O AKEMASU.,7. HIJ OPENT DE ZAK VOER.
34,8. HE PICKS UP THE DOG'S FOOD BOWL.,8. ELE PEGA A TIGELA DE COMIDA DO CACHORRO.,8. ÉL TOMA EL PLATO DE COMIDA DEL PERRO.,8. LUI PRENDE LA CIOTOLA DEL CANE.,8. IL PREND LA GAMELLE DU CHIEN.,8. ER NIMMT DEN FUTTERNAPF DES HUNDES.,8. 彼は犬のえさ皿を取ります。,8. かれはいぬのえさざらをとります。,8. KARE WA INU NO ESAZARA O TORIMASU.,8. HIJ PAKT DE VOERBAK VAN DE HOND.
34,9. HE POURS THE FOOD INTO THE BOWL.,9. ELE DESPEJA A COMIDA NA TIGELA.,9. ÉL VIERTE LA COMIDA EN EL PLATO.,9. LUI VERSA IL CIBO NELLA CIOTOLA.,9. IL VERSE LA NOURRITURE DANS LA GAMELLE.,9. ER SCHÜTTET DAS FUTTER IN DEN NAPF.,9. 彼はえさを皿に入れます。,9. かれはえさをさらにいれます。,9. KARE WA ESA O SARA NI IREMASU.,9. HIJ GIET HET VOER IN DE BAK.
34,10. THE DOG SNIFFS THE BOWL AND STARTS EATING.,10. O CACHORRO CHEIRA A TIGELA E COME.,10. EL PERRO HUELE EL PLATO Y EMPIEZA A COMER.,10. IL CANE ANNUSA LA CIOTOLA E INIZIA A MANGIARE.,10. LE CHIEN RENIFLE LA GAMELLE ET MANGE.,10. DER HUND SCHNUPPERT UND FÄNGT AN ZU FRESSEN.,10. 犬は皿の匂いをかいで食べ始めます。,10. いぬはさらのにおいをかいでたべはじめます。,10. INU WA SARA NO NIOI O KAIDE TABEHAJIMEMASU.,10. DE HOND RUIKT AAN DE BAK EN BEGINT TE ETEN.
34,11. JACK SMILES AND WATCHES HIS DOG.,11. JACK SORRI E OBSERVA SEU CACHORRO.,11. JACK SONRÍE Y MIRA A SU PERRO.,11. JACK SORRIDE E GUARDA IL SUO CANE.,11. JACK SOURIT ET REGARDE SON CHIEN.,11. JACK LÄCHELT UND BEOBACHTET SEINEN HUND.,11. ジャックは笑って犬を見ます。,11. じゃっくはわらっていぬをみます。,11. JAKKU WA WARATTE INU O MIMASU.,11. JACK GLIMLACHT EN KIJKT NAAR ZIJN HOND.
34,12. HE GETS A WATER BOWL.,12. ELE PEGA UMA TIGELA DE ÁGUA.,12. ÉL TOMA UN PLATO DE AGUA.,12. LUI PRENDE UNA CIOTOLA D’ACQUA.,12. IL PREND UN BOL D’EAU.,12. ER NIMMT EINE WASSERSCHALE.,12. 彼は水の皿を取ります。,12. かれはみずのさらをとります。,12. KARE WA MIZU NO SARA O TORIMASU.,12. HIJ PAKT EEN WATERBAK.
34,13. HE FILLS THE WATER BOWL WITH WATER.,13. ELE ENCHE A TIGELA COM ÁGUA.,13. ÉL LLENA EL PLATO CON AGUA.,13. LUI RIEMPIE LA CIOTOLA D’ACQUA.,13. IL REMPLIT LE BOL D’EAU.,13. ER FÜLLT DIE SCHALE MIT WASSER.,13. 彼は皿に水を入れます。,13. かれはさらにみずをいれます。,13. KARE WA SARA NI MIZU O IREMASU.,13. HIJ VULT DE BAK MET WATER.
34,14. HE PUTS THE WATER BOWL NEXT TO THE DOG.,14. ELE COLOCA A TIGELA AO LADO DO CACHORRO.,14. ÉL PONE EL PLATO JUNTO AL PERRO.,14. LUI METTE LA CIOTOLA ACCANTO AL CANE.,14. IL MET LE BOL À CÔTÉ DU CHIEN.,14. ER STELLT DIE SCHALE NEBEN DEN HUND.,14. 彼は皿を犬のそばに置きます。,14. かれはさらをいぬのそばにおきます。,14. KARE WA SARA O INU NO SOBA NI OKIMASU.,14. HIJ ZET DE BAK NAAST DE HOND.
34,15. THE DOG DRINKS THE WATER.,15. O CACHORRO BEBE A ÁGUA.,15. EL PERRO BEBE EL AGUA.,15. IL CANE BEVE L’ACQUA.,15. LE CHIEN BOIT L’EAU.,15. DER HUND TRINKT DAS WASSER.,15. 犬は水を飲みます。,15. いぬはみずをのみます。,15. INU WA MIZU O NOMIMASU.,15. DE HOND DRINKT HET WATER.
34,16. JACK WIPES HIS HANDS WITH A TOWEL.,16. JACK LIMPA AS MÃOS COM UMA TOALHA.,16. JACK SE LIMPIA LAS MANOS CON UNA TOALLA.,16. JACK SI ASCIUGA LE MANI CON UN ASCIUGAMANO.,16. JACK ESSUIE SES MAINS AVEC UNE SERVIETTE.,16. JACK WISCHT SICH DIE HÄNDE MIT EINEM HANDTUCH AB.,16. ジャックはタオルで手を拭きます。,16. じゃっくはたおるでてをふきます。,16. JAKKU WA TAORU DE TE O FUKIMASU.,16. JACK DROOGT ZIJN HANDEN MET EEN HANDDOEK.
34,17. HE PICKS UP THE EMPTY FOOD BOWL WHEN THE DOG FINISHES.,17. ELE PEGA A TIGELA VAZIA QUANDO O CACHORRO TERMINA.,17. ÉL TOMA EL PLATO VACÍO CUANDO EL PERRO TERMINA.,17. LUI PRENDE LA CIOTOLA VUOTA QUANDO IL CANE FINISCE.,17. IL PREND LA GAMELLE VIDE QUAND LE CHIEN FINIT.,"17. ER NIMMT DEN LEEREN NAPF, WENN DER HUND FERTIG IST.",17. 彼は犬が終わると空の皿を取ります。,17. かれはいぬがおわるとからのさらをとります。,17. KARE WA INU GA OWARU TO KARA NO SARA O TORIMASU.,17. HIJ PAKT DE LEGE BAK ALS DE HOND KLAAR IS.
34,18. HE PUTS THE BOWL IN THE SINK.,18. ELE COLOCA A TIGELA NA PIA.,18. ÉL PONE EL PLATO EN EL FREGADERO.,18. LUI METTE LA CIOTOLA NEL LAVELLO.,18. IL MET LA GAMELLE DANS L’ÉVIER.,18. ER STELLT DIE SCHALE IN DIE SPÜLE.,18. 彼は皿を流しに置きます。,18. かれはさらをながしにおきます。,18. KARE WA SARA O NAGASHI NI OKIMASU.,18. HIJ ZET DE BAK IN DE GOOTSTEEN.
34,19. HE PETS THE DOG.,19. ELE FAZ CARINHO NO CACHORRO.,19. ÉL ACARICIA AL PERRO.,19. LUI ACCAREZZA IL CANE.,19. IL CARESSE LE CHIEN.,19. ER STREICHELT DEN HUND.,19. 彼は犬をなでます。,19. かれはいぬをなでます。,19. KARE WA INU O NADEMASU.,19. HIJ AAI T DE HOND.
34,20. HE SITS DOWN AND RELAXES.,20. ELE SE SENTA E RELAXA.,20. ÉL SE SIENTA Y SE RELAJA.,20. LUI SI SIEDE E SI RILASSA.,20. IL S’ASSOIT ET SE DÉTEND.,20. ER SETZT SICH HIN UND ENTSPANNT SICH.,20. 彼は座ってくつろぎます。,20. かれはすわってくつろぎます。,20. KARE WA SUWATTE KUTSUROGIMASU.,20. HIJ GAAT ZITTEN EN ONTSPANT.
35,1. SARAH WALKS INTO THE KITCHEN.,1. SARAH ENTRA NA COZINHA.,1. SARAH ENTRA A LA COCINA.,1. SARAH ENTRA IN CUCINA.,1. SARAH ENTRE DANS LA CUISINE.,1. SARAH GEHT IN DIE KÜCHE.,1. サラは台所に入ります。,1. さらはだいどころにはいります。,1. SARA WA DAIDOKORO NI HAIRIMASU.,1. SARAH LOOPT DE KEUKEN IN.
35,2. SHE LOOKS IN THE FRIDGE AND CUPBOARD.,2. ELA OLHA NA GELADEIRA E NO ARMÁRIO.,2. ELLA MIRA EN LA NEVERA Y EL ARMARIO.,2. LEI GUARDA NEL FRIGORIFERO E NELL’ARMADIO.,2. ELLE REGARDE DANS LE FRIGO ET LE PLACARD.,2. SIE SCHAUT IN DEN KÜHLSCHRANK UND DEN SCHRANK.,2. 彼女は冷蔵庫と戸棚を見ます。,2. かのじょはれいぞうこととだなをみます。,2. KANOJO WA REIZŌKO TO TODANA O MIMASU.,2. ZE KIJKT IN DE KOELKAST EN DE KAST.
35,"3. SHE GETS OUT EGGS, BREAD, AND BUTTER.","3. ELA TIRA OVOS, PÃO E MANTEIGA.","3. ELLA SACA HUEVOS, PAN Y MANTEQUILLA.","3. LEI TIRA FUORI UOVA, PANE E BURRO.","3. ELLE SORT DES ŒUFS, DU PAIN ET DU BEURRE.","3. SIE HOLT EIER, BROT UND BUTTER.",3. 彼女は卵、パン、バターを出します。,3. かのじょはたまご、ぱん、ばたーをだします。,"3. KANOJO WA TAMAGO, PAN, BATĀ O DASHIMASU.","3. ZE HAALT EIER, BROOD EN BOTER."
35,4. SHE GETS A PLATE AND A FORK.,4. ELA PEGA UM PRATO E UM GARFO.,4. ELLA TOMA UN PLATO Y UN TENEDOR.,4. LEI PRENDE UN PIATTO E UNA FORCHETTA.,4. ELLE PREND UNE ASSIETTE ET UNE FOURCHETTE.,4. SIE NIMMT EINEN TELLER UND EINE GABEL.,4. 彼女は皿とフォークを取ります。,4. かのじょはさらとふぉーくをとります。,4. KANOJO WA SARA TO FŌKU O TORIMASU.,4. ZE PAKT EEN BORD EN EEN VORK.
35,5. SHE HEATS THE PAN ON THE STOVE.,5. ELA AQUECE A FRIGIDEIRA NO FOGÃO.,5. ELLA CALIENTA LA SARTÉN EN LA COCINA.,5. LEI SCALDA LA PADELLA SUL FORNELLO.,5. ELLE FAIT CHAUFFER LA POÊLE SUR LA CUISINIÈRE.,5. SIE ERHITZT DIE PFANNE AUF DEM HERD.,5. 彼女はフライパンを火にかけます。,5. かのじょはふらいぱんをひにかけます。,5. KANOJO WA FURAIPAN O HI NI KAKEMASU.,5. ZE VERWARMT DE PAN OP HET FORNUIS.
35,6. SHE CRACKS AN EGG INTO A SMALL BOWL FIRST.,6. ELA QUEBRA UM OVO EM UMA TIGELA PEQUENA.,6. ELLA ROMPE UN HUEVO EN UN BOL PEQUEÑO.,6. LEI ROMPE UN UOVO IN UNA CIOTOLA PICCOLA.,6. ELLE CASSE UN ŒUF DANS UN PETIT BOL.,6. SIE SCHLÄGT EIN EI IN EINE KLEINE SCHÜSSEL.,6. 彼女は卵を小さな皿に割ります。,6. かのじょはたまごをちいさなさらにわります。,6. KANOJO WA TAMAGO O CHĪSANA SARA NI WARIMASU.,6. ZE BRE EKT EEN EI IN EEN KLEINE KOM.
35,7. SHE POURS THE EGG INTO THE PAN.,7. ELA DESPEJA O OVO NA FRIGIDEIRA.,7. ELLA VIERTE EL HUEVO EN LA SARTÉN.,7. LEI VERSA L’UOVO NELLA PADELLA.,7. ELLE VERSE L’ŒUF DANS LA POÊLE.,7. SIE GIEßT DAS EI IN DIE PFANNE.,7. 彼女は卵をフライパンに入れます。,7. かのじょはたまごをふらいぱんにいれます。,7. KANOJO WA TAMAGO O FURAIPAN NI IREMASU.,7. ZE GIET HET EI IN DE PAN.
35,8. SHE FRIES THE EGG CAREFULLY.,8. ELA FRITA O OVO COM CUIDADO.,8. ELLA FRÍE EL HUEVO CON CUIDADO.,8. LEI FRIGGE L’UOVO CON CURA.,8. ELLE FAIT FRIRE L’ŒUF AVEC SOIN.,8. SIE BRÄT DAS EI VORSICHTIG.,8. 彼女は注意して卵を焼きます。,8. かのじょはちゅういしてたまごをやきます。,8. KANOJO WA CHŪI SHITE TAMAGO O YAKIMASU.,8. ZE BAKT HET EI VOORZICHTIG.
35,9. SHE CHECKS IF THE EGG IS COOKED.,9. ELA VERIFICA SE O OVO ESTÁ PRONTO.,9. ELLA REVISA SI EL HUEVO ESTÁ LISTO.,9. LEI CONTROLLA SE L’UOVO È COTTO.,9. ELLE VÉRIFIE SI L’ŒUF EST CUIT.,"9. SIE PRÜFT, OB DAS EI FERTIG IST.",9. 彼女は卵が焼けたか確認します。,9. かのじょはたまごがやけたかかくにんします。,9. KANOJO WA TAMAGO GA YAKETA KA KAKUNIN SHIMASU.,9. ZE CONTROLEERT OF HET EI KLAAR IS.
35,10. SHE TOASTS THE BREAD IN THE TOASTER.,10. ELA TORRA O PÃO NA TORRADEIRA.,10. ELLA TU ESTA EL PAN EN LA TOSTADORA.,10. LEI TOSTA IL PANE NEL TOSTAPANE.,10. ELLE FAIT GRILLER LE PAIN DANS LE GRILLE-PAIN.,10. SIE TOASTET DAS BROT IM TOASTER.,10. 彼女はパンをトースターで焼きます。,10. かのじょはぱんをとーすたーでやきます。,10. KANOJO WA PAN O TŌSUTĀ DE YAKIMASU.,10. ZE ROOSTERT HET BROOD IN DE BROODROOSTER.
35,11. SHE TAKES BUTTER FROM THE FRIDGE.,11. ELA PEGA A MANTEIGA DA GELADEIRA.,11. ELLA SACA LA MANTEQUILLA DE LA NEVERA.,11. LEI PRENDE IL BURRO DAL FRIGO.,11. ELLE PREND LE BEURRE DU FRIGO.,11. SIE NIMMT DIE BUTTER AUS DEM KÜHLSCHRANK.,11. 彼女は冷蔵庫からバターを取ります。,11. かのじょはれいぞうこからばたーをとります。,11. KANOJO WA REIZŌKO KARA BATĀ O TORIMASU.,11. ZE HAALT DE BOTER UIT DE KOELKAST.
35,12. SHE SPREADS BUTTER ON THE TOAST.,12. ELA PASSA MANTEIGA NA TORRADA.,12. ELLA UNTA MANTEQUILLA EN LA TOSTADA.,12. LEI SPALMA IL BURRO SUL PANE TOSTATO.,12. ELLE ÉTALE LE BEURRE SUR LE TOAST.,12. SIE STREICHT BUTTER AUF DEN TOAST.,12. 彼女はトーストにバターを塗ります。,12. かのじょはとーすとにばたーをぬります。,12. KANOJO WA TŌSUTO NI BATĀ O NURIMASU.,12. ZE SMEERT BOTER OP DE TOAST.
35,13. SHE PLACES THE FRIED EGG ON THE TOAST.,13. ELA COLOCA O OVO FRITO NA TORRADA.,13. ELLA COLOCA EL HUEVO FRITO SOBRE LA TOSTADA.,13. LEI METTE L’UOVO FRITTO SUL PANE.,13. ELLE POSE L’ŒUF FRIT SUR LE TOAST.,13. SIE LEGT DAS SPIEGELEI AUF DEN TOAST.,13. 彼女は焼いた卵をトーストにのせます。,13. かのじょはやいたたまごをとーすとにのせます。,13. KANOJO WA YAITA TAMAGO O TŌSUTO NI NOSEMASU.,13. ZE LEGT HET EI OP DE TOAST.
35,14. SHE PICKS UP A CUP AND POURS COFFEE INTO IT.,14. ELA PEGA UMA XÍCARA E COLOCA CAFÉ.,14. ELLA TOMA UNA TAZA Y SIRVE CAFÉ.,14. LEI PRENDE UNA TAZZA E VERSA IL CAFFÈ.,14. ELLE PREND UNE TASSE ET VERSE DU CAFÉ.,14. SIE NIMMT EINE TASSE UND GIEßT KAFFEE EIN.,14. 彼女はカップにコーヒーを注ぎます。,14. かのじょはかっぷにこーひーをそそぎます。,14. KANOJO WA KAPPU NI KŌHĪ O SOSOGIMASU.,14. ZE SCHENKT KOFFIE IN EEN KOP.
35,15. SHE PUTS THE PLATE ON THE TABLE.,15. ELA COLOCA O PRATO NA MESA.,15. ELLA PONE EL PLATO EN LA MESA.,15. LEI METTE IL PIATTO SUL TAVOLO.,15. ELLE MET L’ASSIETTE SUR LA TABLE.,15. SIE STELLT DEN TELLER AUF DEN TISCH.,15. 彼女は皿をテーブルに置きます。,15. かのじょはさらをてーぶるにおきます。,15. KANOJO WA SARA O TĒBURU NI OKIMASU.,15. ZE ZET HET BORD OP TAFEL.
35,16. SHE SITS DOWN TO EAT.,16. ELA SE SENTA PARA COMER.,16. ELLA SE SIENTA A COMER.,16. LEI SI SIEDE PER MANGIARE.,16. ELLE S’ASSOIT POUR MANGER.,16. SIE SETZT SICH ZUM ESSEN.,16. 彼女は座って食べます。,16. かのじょはすわってたべます。,16. KANOJO WA SUWATTE TABEMASU.,16. ZE GAAT ZITTEN OM TE ETEN.
35,17. SHE TAKES A BITE OF THE EGG AND TOAST.,17. ELA DÁ UMA MORDIDA NO OVO E NA TORRADA.,17. ELLA DA UN BOCADO AL HUEVO Y LA TOSTADA.,17. LEI DÀ UN MORSO ALL’UOVO E AL PANE.,17. ELLE PREND UNE BOUCHÉE D’ŒUF ET DE TOAST.,17. SIE NIMMT EINEN BISS VOM EI UND TOAST.,17. 彼女は卵とトーストを一口食べます。,17. かのじょはたまごととーすとをひとくちたべます。,17. KANOJO WA TAMAGO TO TŌSUTO O HITOKUCHI TABEMASU.,17. ZE NEEMT EEN HAP VAN HET EI EN DE TOAST.
35,18. SHE DRINKS THE COFFEE.,18. ELA BEBE O CAFÉ.,18. ELLA BEBE EL CAFÉ.,18. LEI BEVE IL CAFFÈ.,18. ELLE BOIT LE CAFÉ.,18. SIE TRINKT DEN KAFFEE.,18. 彼女はコーヒーを飲みます。,18. かのじょはこーひーをのみます。,18. KANOJO WA KŌHĪ O NOMIMASU.,18. ZE DRINKT DE KOFFIE.
35,19. SHE FINISHES EATING.,19. ELA TERMINA DE COMER.,19. ELLA TERMINA DE COMER.,19. LEI FINISCE DI MANGIARE.,19. ELLE FINIT DE MANGER.,19. SIE IST FERTIG MIT ESSEN.,19. 彼女は食べ終わります。,19. かのじょはたべおわります。,19. KANOJO WA TABEOWARIMASU.,19. ZE IS KLAAR MET ETEN.
35,20. SHE SMILES AND FEELS SATISFIED.,20. ELA SORRI E SE SENTE SATISFEITA.,20. ELLA SONRÍE Y SE SIENTE SATISFECHA.,20. LEI SORRIDE E SI SENTE SODDISFATTA.,20. ELLE SOURIT ET SE SENT SATISFAITE.,20. SIE LÄCHELT UND FÜHLT SICH ZUFRIEDEN.,20. 彼女は笑って満足します。,20. かのじょはわらってまんぞくします。,20. KANOJO WA WARATTE MANZOKU SHIMASU.,20. ZE GLIMLACHT EN VOELT ZICH TEVREDEN.
36,1. MATTHEW WALKS INTO THE KITCHEN.,1. MATTHEW ENTRA NA COZINHA.,1. MATTHEW ENTRA A LA COCINA.,1. MATTHEW ENTRA IN CUCINA.,1. MATTHEW ENTRE DANS LA CUISINE.,1. MATTHEW GEHT IN DIE KÜCHE.,1. マシューは台所に入ります。,1. ましゅーはだいどころにはいります。,1. MASHŪ WA DAIDOKORO NI HAIRIMASU.,1. MATTHEW LOOPT DE KEUKEN IN.
36,2. HE LOOKS IN THE FRIDGE.,2. ELE OLHA NA GELADEIRA.,2. ÉL MIRA EN LA NEVERA.,2. LUI GUARDA NEL FRIGO.,2. IL REGARDE DANS LE FRIGO.,2. ER SCHAUT IN DEN KÜHLSCHRANK.,2. 彼は冷蔵庫を見ます。,2. かれはれいぞうこをみます。,2. KARE WA REIZŌKO O MIMASU.,2. HIJ KIJKT IN DE KOELKAST.
36,"3. HE GRABS LETTUCE, TOMATOES, AND CUCUMBERS.","3. ELE PEGA ALFACE, TOMATES E PEPINOS.","3. ÉL TOMA LECHUGA, TOMATES Y PEPINOS.","3. LUI PRENDE LATTUGA, POMODORI E CETRIOLI.","3. IL PREND DE LA LAITUE, DES TOMATES ET DES CONCOMBRES.","3. ER NIMMT SALAT, TOMATEN UND GURKEN.",3. 彼はレタス、トマト、きゅうりを取ります。,3. かれはれたす、とまと、きゅうりをとります。,"3. KARE WA RETASU, TOMATO, KYŪRI O TORIMASU.","3. HIJ PAKT SLA, TOMATEN EN KOMKOMMERS."
36,4. HE WASHES THE LETTUCE UNDER WATER.,4. ELE LAVA A ALFACE EM ÁGUA CORRENTE.,4. ÉL LAVA LA LECHUGA BAJO EL AGUA.,4. LUI LAVA LA LATTUGA SOTTO L’ACQUA.,4. IL LAVE LA LAITUE SOUS L’EAU.,4. ER WÄSCHT DEN SALAT UNTER WASSER.,4. 彼はレタスを水で洗います。,4. かれはれたすをみずであらいます。,4. KARE WA RETASU O MIZU DE ARAIMASU.,4. HIJ WAST DE SLA ONDER WATER.
36,5. HE PICKS UP MORE LETTUCE AND ANOTHER TOMATO.,5. ELE PEGA MAIS ALFACE E OUTRO TOMATE.,5. ÉL TOMA MÁS LECHUGA Y OTRO TOMATE.,5. LUI PRENDE ALTRA LATTUGA E UN ALTRO POMODORO.,5. IL PREND PLUS DE LAITUE ET UNE AUTRE TOMATE.,5. ER NIMMT MEHR SALAT UND EINE WEITERE TOMATE.,5. 彼はさらにレタスと別のトマトを取ります。,5. かれはさらにれたすとべつのとまとをとります。,5. KARE WA SARA NI RETASU TO BETSU NO TOMATO O TORIMASU.,5. HIJ PAKT MEER SLA EN NOG EEN TOMAAT.
36,6. HE CUTS THE TOMATOES ON A CUTTING BOARD.,6. ELE CORTA OS TOMATES NA TÁBUA.,6. ÉL CORTA LOS TOMATES EN LA TABLA.,6. LUI TAGLIA I POMODORI SUL TAGLIERE.,6. IL COUPE LES TOMATES SUR LA PLANCHE.,6. ER SCHNEIDET DIE TOMATEN AUF DEM SCHNEIDEBRETT.,6. 彼はまな板でトマトを切ります。,6. かれはまないたでとまとをきります。,6. KARE WA MAN AITA DE TOMATO O KIRIMASU.,6. HIJ SNIJDT DE TOMATEN OP DE SNIJPLANK.
36,7. HE SLICES THE CUCUMBERS CAREFULLY.,7. ELE FATI A OS PEPINOS COM CUIDADO.,7. ÉL CORTA LOS PEPINOS CON CUIDADO.,7. LUI AFFETTA I CETRIOLI CON CURA.,7. IL TRANCH E LES CONCOMBRES AVEC SOIN.,7. ER SCHNEIDET DIE GURKEN VORSICHTIG.,7. 彼はきゅうりを丁寧に切ります。,7. かれはきゅうりをていねいにきります。,7. KARE WA KYŪRI O TEINEI NI KIRIMASU.,7. HIJ SNIJDT DE KOMKOMMERS ZORGVULDIG.
36,8. HE PUTS ALL THE VEGETABLES IN A BIG BOWL.,8. ELE COLOCA TODOS OS VEGETAIS EM UMA TIGELA GRANDE.,8. ÉL PONE TODAS LAS VERDURAS EN UN BOL GRANDE.,8. LUI METTE TUTTE LE VERDURE IN UNA CIOTOLA GRANDE.,8. IL MET TOUS LES LÉGUMES DANS UN GRAND BOL.,8. ER GIBT ALLES GEMÜSE IN EINE GROßE SCHÜSSEL.,8. 彼は野菜をすべて大きなボウルに入れます。,8. かれはやさいをすべておおきなぼうるにいれます。,8. KARE WA YASAI O SUBETE ŌKINA BŌRU NI IREMASU.,8. HIJ DOET ALLE GROENTEN IN EEN GROTE KOM.
36,9. HE PICKS UP A BOTTLE OF SALAD DRESSING.,9. ELE PEGA UMA GARRAFA DE MOLHO DE SALADA.,9. ÉL TOMA UNA BOTELLA DE ADEREZO.,9. LUI PRENDE UNA BOTTIGLIA DI CONDIMENTO.,9. IL PREND UNE BOUTEILLE DE SAUCE.,9. ER NIMMT EINE FLASCHE SALATDRESSING.,9. 彼はドレッシングのボトルを取ります。,9. かれはどれっしんぐのぼとるをとります。,9. KARE WA DORESSHINGU NO BOTORU O TORIMASU.,9. HIJ PAKT EEN FLES SLASAUS.
36,10. HE POURS DRESSING OVER THE SALAD.,10. ELE DESPEJA O MOLHO SOBRE A SALADA.,10. ÉL VIERTE EL ADEREZO SOBRE LA ENSALADA.,10. LUI VERSA IL CONDIMENTO SULL’INSALATA.,10. IL VERSE LA SAUCE SUR LA SALADE.,10. ER GIEßT DAS DRESSING ÜBER DEN SALAT.,10. 彼はサラダにドレッシングをかけます。,10. かれはさらだにどれっしんぐをかけます。,10. KARE WA SARADA NI DORESSHINGU O KAKEMASU.,10. HIJ GIET DE SAUS OVER DE SALADE.
36,11. HE MIXES THE INGREDIENTS WITH A SPOON.,11. ELE MISTURA OS INGREDIENTES COM UMA COLHER.,11. ÉL MEZCLA LOS INGREDIENTES CON UNA CUCHARA.,11. LUI MESCOLA GLI INGREDIENTI CON UN CUCCHIAIO.,11. IL MÉLANGE LES INGRÉDIENTS AVEC UNE CUILLÈRE.,11. ER MISCHT DIE ZUTATEN MIT EINEM LÖFFEL.,11. 彼はスプーンで材料を混ぜます。,11. かれはすぷーんでざいりょうをまぜます。,11. KARE WA SUPŪN DE ZAIRYŌ O MAZEMASU.,11. HIJ MENGT DE INGREDIËNTEN MET EEN LEPEL.
36,12. HE TOSSES THE SALAD TO MAKE IT EVEN.,12. ELE MEXE A SALADA PARA FICAR UNIFORME.,12. ÉL REMUEVE LA ENSALADA PARA QUE QUEDE PAREJA.,12. LUI MESCOLA L’INSALATA PER RENDERLA UNIFORME.,12. IL MÉLANGE LA SALADE POUR L’ÉGALISER.,"12. ER MISCHT DEN SALAT, DAMIT ER GLEICHMÄßIG IST.",12. 彼はサラダを均一に混ぜます。,12. かれはさらだをきんいつにまぜます。,12. KARE WA SARADA O KIN’ITSU NI MAZEMASU.,12. HIJ HUSS ELT DE SALADE GOED DOOR.
36,13. HE CHECKS IF THE SALAD IS READY.,13. ELE VERIFICA SE A SALADA ESTÁ PRONTA.,13. ÉL REVISA SI LA ENSALADA ESTÁ LISTA.,13. LUI CONTROLLA SE L’INSALATA È PRONTA.,13. IL VÉRIFIE SI LA SALADE EST PRÊTE.,"13. ER PRÜFT, OB DER SALAT FERTIG IST.",13. 彼はサラダができたか確認します。,13. かれはさらだができたかかくにんします。,13. KARE WA SARADA GA DEKITA KA KAKUNIN SHIMASU.,13. HIJ CONTROLEERT OF DE SALADE KLAAR IS.
36,14. HE PICKS UP A PLATE.,14. ELE PEGA UM PRATO.,14. ÉL TOMA UN PLATO.,14. LUI PRENDE UN PIATTO.,14. IL PREND UNE ASSIETTE.,14. ER NIMMT EINEN TELLER.,14. 彼は皿を取ります。,14. かれはさらをとります。,14. KARE WA SARA O TORIMASU.,14. HIJ PAKT EEN BORD.
36,15. HE SERVES THE SALAD ON THE PLATE.,15. ELE SERVE A SALADA NO PRATO.,15. ÉL SIRVE LA ENSALADA EN EL PLATO.,15. LUI SERVE L’INSALATA NEL PIATTO.,15. IL SERT LA SALADE DANS L’ASSIETTE.,15. ER SERVIERT DEN SALAT AUF DEM TELLER.,15. 彼は皿にサラダを盛ります。,15. かれはさらにさらだをもります。,15. KARE WA SARA NI SARADA O MORIMASU.,15. HIJ SCHEPT DE SALADE OP HET BORD.
36,16. HE PICKS UP A FORK.,16. ELE PEGA UM GARFO.,16. ÉL TOMA UN TENEDOR.,16. LUI PRENDE UNA FORCHETTA.,16. IL PREND UNE FOURCHETTE.,16. ER NIMMT EINE GABEL.,16. 彼はフォークを取ります。,16. かれはふぉーくをとります。,16. KARE WA FŌKU O TORIMASU.,16. HIJ PAKT EEN VORK.
36,17. HE TAKES A BITE OF THE SALAD.,17. ELE DÁ UMA MORDIDA NA SALADA.,17. ÉL DA UN BOCADO A LA ENSALADA.,17. LUI DÀ UN MORSO ALL’INSALATA.,17. IL PREND UNE BOUCHÉE DE SALADE.,17. ER NIMMT EINEN BISS VOM SALAT.,17. 彼はサラダを一口食べます。,17. かれはさらだをひとくちたべます。,17. KARE WA SARADA O HITOKUCHI TABEMASU.,17. HIJ NEEMT EEN HAP VAN DE SALADE.
36,18. HE SMILES BECAUSE IT TASTES GOOD.,18. ELE SORRI PORQUE ESTÁ GOSTOSO.,18. ÉL SONRÍE PORQUE SABE BIEN.,18. LUI SORRIDE PERCHÉ È BUONO.,18. IL SOURIT PARCE QUE C’EST BON.,"18. ER LÄCHELT, WEIL ES GUT SCHMECKT.",18. 彼はおいしくて笑います。,18. かれはおいしくてわらいます。,18. KARE WA OISHIKUTE WARAI MASU.,18. HIJ GLIMLACHT OMDAT HET LEKKER IS.
36,19. HE TAKES ANOTHER BITE.,19. ELE DÁ OUTRA MORDIDA.,19. ÉL DA OTRO BOCADO.,19. LUI DÀ UN ALTRO MORSO.,19. IL PREND UNE AUTRE BOUCHÉE.,19. ER NIMMT NOCH EINEN BISS.,19. 彼はもう一口食べます。,19. かれはもうひとくちたべます。,19. KARE WA MŌ HITOKUCHI TABEMASU.,19. HIJ NEEMT NOG EEN HAP.
36,20. HE FINISHES EATING AND CLEANS HIS HANDS.,20. ELE TERMINA DE COMER E LIMPA AS MÃOS.,20. ÉL TERMINA DE COMER Y SE LIMPIA LAS MANOS.,20. LUI FINISCE DI MANGIARE E SI PULISCE LE MANI.,20. IL FINIT DE MANGER ET SE NETTOIE LES MAINS.,20. ER ISST FERTIG UND REINIGT SEINE HÄNDE.,20. 彼は食べ終わって手をきれいにします。,20. かれはたべおわっててをきれいにします。,20. KARE WA TABEOWATTE TE O KIREI NI SHIMASU.,20. HIJ IS KLAAR MET ETEN EN MAAKT ZIJN HANDEN SCHOON.
37,1. JACK WALKS INTO THE KITCHEN.,1. JACK ENTRA NA COZINHA.,1. JACK ENTRA A LA COCINA.,1. JACK ENTRA IN CUCINA.,1. JACK ENTRE DANS LA CUISINE.,1. JACK GEHT IN DIE KÜCHE.,1. ジャックは台所に入ります。,1. じゃっくはだいどころにはいります。,1. JAKKU WA DAIDOKORO NI HAIRIMASU.,1. JACK LOOPT DE KEUKEN IN.
37,2. HE LOOKS IN THE FRIDGE AND CUPBOARD.,2. ELE OLHA NA GELADEIRA E NO ARMÁRIO.,2. ÉL MIRA EN LA NEVERA Y EL ARMARIO.,2. LUI GUARDA NEL FRIGO E NELL’ARMADIO.,2. IL REGARDE DANS LE FRIGO ET LE PLACARD.,2. ER SCHAUT IN DEN KÜHLSCHRANK UND DEN SCHRANK.,2. 彼は冷蔵庫と戸棚を見ます。,2. かれはれいぞうこととだなをみます。,2. KARE WA REIZŌKO TO TODANA O MIMASU.,2. HIJ KIJKT IN DE KOELKAST EN DE KAST.
37,"3. HE GETS OUT BREAD, CHEESE, AND HAM.","3. ELE TIRA PÃO, QUEIJO E PRESUNTO.","3. ÉL SACA PAN, QUESO Y JAMÓN.","3. LUI TIRA FUORI PANE, FORMAGGIO E PROSCIUTTO.","3. IL SORT DU PAIN, DU FROMAGE ET DU JAMBON.","3. ER HOLT BROT, KÄSE UND SCHINKEN.",3. 彼はパン、チーズ、ハムを出します。,3. かれはぱん、ちーず、はむをだします。,"3. KARE WA PAN, CHĪZU, HAMU O DASHIMASU.","3. HIJ HAALT BROOD, KAAS EN HAM."
37,4. HE WASHES HIS HANDS.,4. ELE LAVA AS MÃOS.,4. ÉL SE LAVA LAS MANOS.,4. LUI SI LAVA LE MANI.,4. IL SE LAVE LES MAINS.,4. ER WÄSCHT SICH DIE HÄNDE.,4. 彼は手を洗います。,4. かれはてをあらいます。,4. KARE WA TE O ARAIMASU.,4. HIJ WAST ZIJN HANDEN.
37,5. HE GETS TWO SLICES OF BREAD AND PUTS THEM ON THE COUNTER.,5. ELE PEGA DUAS FATIAS DE PÃO E COLOCA NO BALCÃO.,5. ÉL TOMA DOS REBANADAS DE PAN Y LAS PONE EN LA ENCIMERA.,5. LUI PRENDE DUE FETTE DI PANE E LE METTE SUL BANCO.,5. IL PREND DEUX TRANCHES DE PAIN ET LES MET SUR LE COMPTOIR.,5. ER NIMMT ZWEI SCHEIBEN BROT UND LEGT SIE AUF DIE ARBEITSFLÄCHE.,5. 彼はパンを二枚取り、カウンターに置きます。,5. かれはぱんをにまいとり、かうんたーにおきます。,"5. KARE WA PAN O NIMAI TORI, KAUNTĀ NI OKIMASU.",5. HIJ PAKT TWEE SNEDEN BROOD EN LEGT ZE OP HET AANRECHT.
37,6. HE PICKS UP A SLICE OF CHEESE.,6. ELE PEGA UMA FATIA DE QUEIJO.,6. ÉL TOMA UNA REBANADA DE QUESO.,6. LUI PRENDE UNA FETTA DI FORMAGGIO.,6. IL PREND UNE TRANCHE DE FROMAGE.,6. ER NIMMT EINE SCHEIBE KÄSE.,6. 彼はチーズを一枚取ります。,6. かれはちーずをいちまいとります。,6. KARE WA CHĪZU O ICHIMAI TORIMASU.,6. HIJ PAKT EEN PLAK KAAS.
37,7. HE PLACES THE CHEESE ON ONE SLICE OF BREAD.,7. ELE COLOCA O QUEIJO EM UMA FATIA DE PÃO.,7. ÉL PONE EL QUESO EN UNA REBANADA DE PAN.,7. LUI METTE IL FORMAGGIO SU UNA FETTA DI PANE.,7. IL MET LE FROMAGE SUR UNE TRANCHE DE PAIN.,7. ER LEGT DEN KÄSE AUF EINE SCHEIBE BROT.,7. 彼はチーズをパンの上に置きます。,7. かれはちーずをぱんのうえにおきます。,7. KARE WA CHĪZU O PAN NO UE NI OKIMASU.,7. HIJ LEGT DE KAAS OP HET BROOD.
37,8. HE PICKS UP A SLICE OF HAM.,8. ELE PEGA UMA FATIA DE PRESUNTO.,8. ÉL TOMA UNA REBANADA DE JAMÓN.,8. LUI PRENDE UNA FETTA DI PROSCIUTTO.,8. IL PREND UNE TRANCHE DE JAMBON.,8. ER NIMMT EINE SCHEIBE SCHINKEN.,8. 彼はハムを一枚取ります。,8. かれははむをいちまいとります。,8. KARE WA HAMU O ICHIMAI TORIMASU.,8. HIJ PAKT EEN PLAK HAM.
37,9. HE PUTS THE HAM ON TOP OF THE CHEESE.,9. ELE COLOCA O PRESUNTO SOBRE O QUEIJO.,9. ÉL PONE EL JAMÓN SOBRE EL QUESO.,9. LUI METTE IL PROSCIUTTO SOPRA IL FORMAGGIO.,9. IL MET LE JAMBON SUR LE FROMAGE.,9. ER LEGT DEN SCHINKEN AUF DEN KÄSE.,9. 彼はハムをチーズの上に置きます。,9. かれははむをちーずのうえにおきます。,9. KARE WA HAMU O CHĪZU NO UE NI OKIMASU.,9. HIJ LEGT DE HAM OP DE KAAS.
37,10. HE TAKES THE SECOND SLICE OF BREAD AND PUTS IT ON TOP.,10. ELE PEGA A SEGUNDA FATIA DE PÃO E COLOCA POR CIMA.,10. ÉL TOMA LA SEGUNDA REBANADA DE PAN Y LA PONE ENCIMA.,10. LUI PRENDE LA SECONDA FETTA DI PANE E LA METTE SOPRA.,10. IL PREND LA DEUXIÈME TRANCHE DE PAIN ET LA MET DESSUS.,10. ER NIMMT DIE ZWEITE SCHEIBE BROT UND LEGT SIE OBEN DRAUF.,10. 彼はもう一枚のパンを上に置きます。,10. かれはもういちまいのぱんをうえにおきます。,10. KARE WA MŌ ICHIMAI NO PAN O UE NI OKIMASU.,10. HIJ LEGT DE TWEEDE SNEE BROOD ERBOVENOP.
37,11. HE PICKS UP A KNIFE AND CUTS THE SANDWICH IN HALF.,11. ELE PEGA UMA FACA E CORTA O SANDUÍCHE AO MEIO.,11. ÉL TOMA UN CUCHILLO Y CORTA EL SÁNDWICH POR LA MITAD.,11. LUI PRENDE UN COLTELLO E TAGLIA IL PANINO A METÀ.,11. IL PREND UN COUTEAU ET COUPE LE SANDWICH EN DEUX.,11. ER NIMMT EIN MESSER UND SCHNEIDET DAS SANDWICH IN DER MITTE DURCH.,11. 彼はナイフでサンドイッチを半分に切ります。,11. かれはないふでさんどいっちをはんぶんにきります。,11. KARE WA NAIFU DE SANDOICCHI O HANBUN NI KIRIMASU.,11. HIJ PAKT EEN MES EN SNIJDT DE SANDWICH DOORMIDDEN.
37,12. HE PICKS UP A PIECE OF PAPER.,12. ELE PEGA UM PAPEL.,12. ÉL TOMA UN PAPEL.,12. LUI PRENDE UN FOGLIO DI CARTA.,12. IL PREND UN MORCEAU DE PAPIER.,12. ER NIMMT EIN STÜCK PAPIER.,12. 彼は紙を取ります。,12. かれはかみをとります。,12. KARE WA KAMI O TORIMASU.,12. HIJ PAKT EEN STUK PAPIER.
37,13. HE WRAPS THE SANDWICH CAREFULLY.,13. ELE EMBALA O SANDUÍCHE COM CUIDADO.,13. ÉL ENVUELVE EL SÁNDWICH CON CUIDADO.,13. LUI AVVOLGE IL PANINO CON CURA.,13. IL EMBALLE LE SANDWICH AVEC SOIN.,13. ER WICKELT DAS SANDWICH SORGFÄLTIG EIN.,13. 彼はサンドイッチを丁寧に包みます。,13. かれはさんどいっちをていねいにつつみます。,13. KARE WA SANDOICCHI O TEINEI NI TSUTSUMIMASU.,13. HIJ PAKT DE SANDWICH ZORGVULDIG IN.
37,14. HE PUTS THE SANDWICH IN HIS BAG.,14. ELE COLOCA O SANDUÍCHE NA BOLSA.,14. ÉL PONE EL SÁNDWICH EN SU BOLSA.,14. LUI METTE IL PANINO NELLA BORSA.,14. IL MET LE SANDWICH DANS SON SAC.,14. ER LEGT DAS SANDWICH IN SEINE TASCHE.,14. 彼はサンドイッチをカバンに入れます。,14. かれはさんどいっちをかばんにいれます。,14. KARE WA SANDOICCHI O KABAN NI IREMASU.,14. HIJ DOET DE SANDWICH IN ZIJN TAS.
37,15. HE PICKS UP AN APPLE.,15. ELE PEGA UMA MAÇÃ.,15. ÉL TOMA UNA MANZANA.,15. LUI PRENDE UNA MELA.,15. IL PREND UNE POMME.,15. ER NIMMT EINEN APFEL.,15. 彼はりんごを取ります。,15. かれはりんごをとります。,15. KARE WA RINGO O TORIMASU.,15. HIJ PAKT EEN APPEL.
37,16. HE CHECKS IF HE HAS EVERYTHING HE NEEDS.,16. ELE VERIFICA SE TEM TUDO O QUE PRECISA.,16. ÉL REVISA SI TIENE TODO LO QUE NECESITA.,16. LUI CONTROLLA SE HA TUTTO CIÒ CHE GLI SERVE.,16. IL VÉRIFIE S’IL A TOUT CE DONT IL A BESOIN.,"16. ER PRÜFT, OB ER ALLES HAT, WAS ER BRAUCHT.",16. 彼は必要な物が全部あるか確認します。,16. かれはひつようなものがぜんぶあるかかくにんします。,16. KARE WA HITSUYŌ NA MONO GA ZENBU ARU KA KAKUNIN SHIMASU.,16. HIJ CONTROLEERT OF HIJ ALLES HEEFT WAT HIJ NODIG HEEFT.
37,17. HE PICKS UP HIS WATER BOTTLE.,17. ELE PEGA SUA GARRAFA DE ÁGUA.,17. ÉL TOMA SU BOTELLA DE AGUA.,17. LUI PRENDE LA SUA BORRACCIA D’ACQUA.,17. IL PREND SA BOUTEILLE D’EAU.,17. ER NIMMT SEINE WASSERFLASCHE.,17. 彼は水筒を取ります。,17. かれはすいとうをとります。,17. KARE WA SUITŌ O TORIMASU.,17. HIJ PAKT ZIJN WATERFLES.
37,18. HE LEAVES THE KITCHEN.,18. ELE SAI DA COZINHA.,18. ÉL SALE DE LA COCINA.,18. LUI ESCE DALLA CUCINA.,18. IL QUITTE LA CUISINE.,18. ER VERLÄSST DIE KÜCHE.,18. 彼は台所を出ます。,18. かれはだいどころをでます。,18. KARE WA DAIDOKORO O DEMASU.,18. HIJ VERLAAT DE KEUKEN.
37,19. HE WALKS TOWARD THE DOOR.,19. ELE CAMINHA EM DIREÇÃO À PORTA.,19. ÉL CAMINA HACIA LA PUERTA.,19. LUI CAMMINA VERSO LA PORTA.,19. IL MARCHE VERS LA PORTE.,19. ER GEHT ZUR TÜR.,19. 彼はドアへ向かいます。,19. かれはどあへむかいます。,19. KARE WA DOA E MUKAIMASU.,19. HIJ LOOPT NAAR DE DEUR.
37,20. HE SMILES AND LEAVES.,20. ELE SORRI E VAI EMBORA.,20. ÉL SONRÍE Y SE VA.,20. LUI SORRIDE E SE NE VA.,20. IL SOURIT ET PART.,20. ER LÄCHELT UND GEHT.,20. 彼は笑って出かけます。,20. かれはわらってでかけます。,20. KARE WA WARATTE DEKAKEMASU.,20. HIJ GLIMLACHT EN GAAT WEG.
38,1. JACK WALKS TO THE CLOSET.,1. JACK CAMINHA ATÉ O ARMÁRIO.,1. JACK CAMINA HACIA EL ARMARIO.,1. JACK CAMMINA VERSO L’ARMADIO.,1. JACK MARCHE VERS LE PLACARD.,1. JACK GEHT ZUM SCHRANK.,1. ジャックはクローゼットへ歩きます。,1. じゃっくはくろーぜっとへあるきます。,1. JAKKU WA KURŌZETTO E ARUKIMASU.,1. JACK LOOPT NAAR DE KAST.
38,2. HE OPENS THE CLOSET DOOR SLOWLY.,2. ELE ABRE A PORTA DO ARMÁRIO DEVAGAR.,2. ÉL ABRE LA PUERTA DEL ARMARIO DESPACIO.,2. LUI APRE L’ANTA DELL’ARMADIO LENTAMENTE.,2. IL OUVRE LA PORTE DU PLACARD LENTEMENT.,2. ER ÖFFNET DIE SCHRANKTÜR LANGSAM.,2. 彼はクローゼットのドアをゆっくり開けます。,2. かれはくろーぜっとのどあをゆっくりあけます。,2. KARE WA KURŌZETTO NO DOA O YUKKURI AKEMASU.,2. HIJ OPENT DE KASTDEUR LANGZAAM.
38,3. HE TAKES OUT THE CLOTHES FROM THE CLOSET.,3. ELE TIRA AS ROUPAS DO ARMÁRIO.,3. ÉL SACA LA ROPA DEL ARMARIO.,3. LUI TIRA I VESTITI DALL’ARMADIO.,3. IL SORT LES VÊTEMENTS DU PLACARD.,3. ER NIMMT DIE KLEIDUNG AUS DEM SCHRANK.,3. 彼はクローゼットから服を取り出します。,3. かれはくろーぜっとからふくをとりだします。,3. KARE WA KURŌZETTO KARA FUKU O TORIDASHIMASU.,3. HIJ HAALT DE KLEREN UIT DE KAST.
38,4. HE PUTS THE SHIRTS ON THE BED.,4. ELE COLOCA AS CAMISAS NA CAMA.,4. ÉL PONE LAS CAMISAS EN LA CAMA.,4. LUI METTE LE CAMICIE SUL LETTO.,4. IL MET LES CHEMISES SUR LE LIT.,4. ER LEGT DIE HEMDEN AUFS BETT.,4. 彼はシャツをベッドに置きます。,4. かれはしゃつをべっどにおきます。,4. KARE WA SHATSU O BEDDO NI OKIMASU.,4. HIJ LEGT DE OVERHEMDEN OP HET BED.
38,5. HE FOLDS THE SHIRTS NEATLY ON THE BED.,5. ELE DOBRA AS CAMISAS COM CUIDADO NA CAMA.,5. ÉL DOBLA LAS CAMISAS CUIDADOSAMENTE EN LA CAMA.,5. LUI PIEGA LE CAMICIE CON CURA SUL LETTO.,5. IL PLIE SOIGNEUSEMENT LES CHEMISES SUR LE LIT.,5. ER FALTET DIE HEMDEN ORDENTLICH AUF DEM BETT.,5. 彼はベッドでシャツをきれいにたたみます。,5. かれはべっどでしゃつをきれいにたたみます。,5. KARE WA BEDDO DE SHATSU O KIREI NI TATAMIMASU.,5. HIJ VOUWT DE OVERHEMDEN NETJES OP HET BED.
38,6. HE PICKS UP THE PANTS FROM THE FLOOR.,6. ELE PEGA AS CALÇAS DO CHÃO.,6. ÉL RECOGE LOS PANTALONES DEL SUELO.,6. LUI RACCOGLIE I PANTALONI DAL PAVIMENTO.,6. IL RAMASSE LES PANTALONS DU SOL.,6. ER HEBT DIE HOSEN VOM BODEN AUF.,6. 彼は床からズボンを拾います。,6. かれはゆかからずぼんをひろいます。,6. KARE WA YUKA KARA ZUBON O HIROIMASU.,6. HIJ PAKT DE BROEKEN VAN DE VLOER.
38,7. HE HANGS THE PANTS ON THE CLOSET ROD.,7. ELE PENDA AS CALÇAS NO CABIDE DO ARMÁRIO.,7. ÉL CUELGA LOS PANTALONES EN LA BARRA DEL ARMARIO.,7. LUI APPENDE I PANTALONI ALLA BARRA DELL’ARMADIO.,7. IL ACCROCHE LES PANTALONS À LA TRINGLE.,7. ER HÄNGT DIE HOSEN AN DIE STANGE.,7. 彼はズボンをクローゼットの棒に掛けます。,7. かれはずぼんをくろーぜっとのぼうにかけます。,7. KARE WA ZUBON O KURŌZETTO NO BŌ NI KAKEMASU.,7. HIJ HANGT DE BROEKEN AAN DE KASTSTANG.
38,8. HE ARRANGES THE SHOES ON THE BOTTOM SHELF.,8. ELE ORGANIZA OS SAPATOS NA PRATELEIRA DE BAIXO.,8. ÉL ORGANIZA LOS ZAPATOS EN EL ESTANTE INFERIOR.,8. LUI SISTEMA LE SCARPE SUL RIPIANO INFERIORE.,8. IL RANGE LES CHAUSSURES SUR L’ÉTAGÈRE DU BAS.,8. ER ORDNET DIE SCHUHE IM UNTEREN REGAL.,8. 彼は靴を下の棚に並べます。,8. かれはくつをしたのたなにならべます。,8. KARE WA KUTSU O SHITA NO TANA NI NARABEMASU.,8. HIJ ZET DE SCHOENEN OP DE ONDERSTE PLANK.
38,9. HE PUTS THE SNEAKERS NEXT TO THE BOOTS.,9. ELE COLOCA OS TÊNIS AO LADO DAS BOTAS.,9. ÉL COLOCA LAS ZAPATILLAS JUNTO A LAS BOTAS.,9. LUI METTE LE SNEAKERS ACCANTO AGLI STIVALI.,9. IL PLACE LES BASKETS À CÔTÉ DES BOTTES.,9. ER STELLT DIE TURN SCHUHE NEBEN DIE STIEFEL.,9. 彼はスニーカーをブーツの隣に置きます。,9. かれはすにーかーをぶーつのとなりにおきます。,9. KARE WA SUNĪKĀ O BŪTSU NO TONARI NI OKIMASU.,9. HIJ ZET DE SNEAKERS NAAST DE LAARZEN.
38,10. HE PLACES THE HATS ON THE TOP SHELF.,10. ELE COLOCA OS CHAPÉUS NA PRATELEIRA DE CIMA.,10. ÉL PONE LOS SOMBREROS EN EL ESTANTE SUPERIOR.,10. LUI METTE I CAPPELLI SUL RIPIANO SUPERIORE.,10. IL PLACE LES CHAPEAUX SUR L’ÉTAGÈRE DU HAUT.,10. ER LEGT DIE HÜTE INS OBERE REGAL.,10. 彼は帽子を上の棚に置きます。,10. かれはぼうしをうえのたなにおきます。,10. KARE WA BŌSHI O UE NO TANA NI OKIMASU.,10. HIJ ZET DE HOEDEN OP DE BOVENSTE PLANK.
38,11. HE PUTS THE BASEBALL CAP NEXT TO THE SUN HAT.,11. ELE COLOCA O BONÉ AO LADO DO CHAPÉU DE SOL.,11. ÉL COLOCA LA GORRA DE BÉISBOL JUNTO AL SOMBRERO DE SOL.,11. LUI METTE IL CAPPELLINO DA BASEBALL ACCANTO AL CAPPELLO DA SOLE.,11. IL PLACE LA CASQUETTE DE BASEBALL À CÔTÉ DU CHAPEAU DE SOLEIL.,11. ER STELLT DIE BASEBALLKAPPE NEBEN DEN SONNENHUT.,11. 彼は野球帽を日よけ帽子の隣に置きます。,11. かれはやきゅうぼうしをひよけぼうしのとなりにおきます。,11. KARE WA YAKYŪBŌSHI O HIYOKE BŌSHI NO TONARI NI OKIMASU.,11. HIJ ZET DE BASEBALLPET NAAST DE ZONNEHOED.
38,12. HE PICKS UP THE JACKETS FROM THE CHAIR.,12. ELE PEGA OS CASACOS DA CADEIRA.,12. ÉL TOMA LAS CHAQUETAS DE LA SILLA.,12. LUI PRENDE LE GIACCHE DALLA SEDIA.,12. IL PREND LES VESTES DE LA CHAISE.,12. ER NIMMT DIE JACKEN VOM STUHL.,12. 彼は椅子からジャケットを取ります。,12. かれはいすからじゃけっとをとります。,12. KARE WA ISU KARA JAKETTO O TORIMASU.,12. HIJ PAKT DE JASSEN VAN DE STOEL.
38,13. HE HANGS THE JACKETS IN A ROW ON THE CLOSET HOOKS.,13. ELE PENDA OS CASACOS EM FILA NOS GANCHOS DO ARMÁRIO.,13. ÉL CUELGA LAS CHAQUETAS EN FILA EN LOS GANCHOS DEL ARMARIO.,13. LUI APPENDE LE GIACCHE IN FILA AI GANCI DELL’ARMADIO.,13. IL ACCROCHE LES VESTES EN LIGNE SUR LES CROCHETS.,13. ER HÄNGT DIE JACKEN IN EINER REIHE AN DIE HAKEN.,13. 彼はジャケットをクローゼットのフックに並べて掛けます。,13. かれはじゃけっとをくろーぜっとのふっくにならべてかけます。,13. KARE WA JAKETTO O KURŌZETTO NO FUKKU NI NARABETE KAKEMASU.,13. HIJ HANGT DE JASSEN OP RIJ AAN DE HAAKJES.
38,14. HE PICKS UP THE SCARVES FROM THE DRAWER.,14. ELE PEGA OS CACHECÓIS DA GAVETA.,14. ÉL SACA LAS BUFANDAS DEL CAJÓN.,14. LUI PRENDE LE SCIARPE DAL CASSETTO.,14. IL PREND LES ÉCHARPES DU TIROIR.,14. ER NIMMT DIE SCHALS AUS DER SCHUBLADE.,14. 彼は引き出しからマフラーを取ります。,14. かれはひきだしからまふらーをとります。,14. KARE WA HIKIDASHI KARA MAFURĀ O TORIMASU.,14. HIJ HAALT DE SJAALS UIT DE LADE.
38,15. HE PLACES THE SCARVES INSIDE THE BASKET ON THE MIDDLE SHELF.,15. ELE COLOCA OS CACHECÓIS DENTRO DA CESTA NA PRATELEIRA DO MEIO.,15. ÉL COLOCA LAS BUFANDAS DENTRO DE LA CESTA EN EL ESTANTE DEL MEDIO.,15. LUI METTE LE SCIARPE NEL CESTO SUL RIPIANO CENTRALE.,15. IL PLACE LES ÉCHARPES DANS LE PANIER SUR L’ÉTAGÈRE DU MILIEU.,15. ER LEGT DIE SCHALS IN DEN KORB AUF DEM MITTLEREN REGAL.,15. 彼はマフラーを真ん中の棚のかごに入れます。,15. かれはまふらーをまんなかのたなのかごにいれます。,15. KARE WA MAFURĀ O MANNAKA NO TANA NO KAGO NI IREMASU.,15. HIJ LEGT DE SJAALS IN DE MAND OP DE MIDDELSTE PLANK.
38,16. HE PUTS THE BELTS NEAR THE SHOES ON THE BOTTOM SHELF.,16. ELE COLOCA OS CINTOS PERTO DOS SAPATOS NA PRATELEIRA DE BAIXO.,16. ÉL PONE LOS CINTURONES CERCA DE LOS ZAPATOS EN EL ESTANTE INFERIOR.,16. LUI METTE LE CINTURE VICINO ALLE SCARPE SUL RIPIANO INFERIORE.,16. IL MET LES CEINTURES PRÈS DES CHAUSSURES SUR L’ÉTAGÈRE DU BAS.,16. ER LEGT DIE GÜRTEL NEBEN DIE SCHUHE IM UNTEREN REGAL.,16. 彼はベルトを下の棚の靴の近くに置きます。,16. かれはべるとをしたのたなのくつのちかくにおきます。,16. KARE WA BERUTO O SHITA NO TANA NO KUTSU NO CHIKAKU NI OKIMASU.,16. HIJ LEGT DE RIEMEN BIJ DE SCHOENEN OP DE ONDERSTE PLANK.
38,17. HE CHECKS IF THE CLOSET IS TIDY.,17. ELE VERIFICA SE O ARMÁRIO ESTÁ ARRUMADO.,17. ÉL REVISA SI EL ARMARIO ESTÁ ORDENADO.,17. LUI CONTROLLA SE L’ARMADIO È IN ORDINE.,17. IL VÉRIFIE SI LE PLACARD EST BIEN RANGÉ.,"17. ER PRÜFT, OB DER SCHRANK ORDENTLICH IST.",17. 彼はクローゼットが整理されているか確認します。,17. かれはくろーぜっとがせいりされているかかくにんします。,17. KARE WA KURŌZETTO GA SEIRI SARETE IRU KA KAKUNIN SHIMASU.,17. HIJ CONTROLEERT OF DE KAST NETJES IS.
38,18. HE CLOSES THE CLOSET DOOR GENTLY.,18. ELE FECHA A PORTA DO ARMÁRIO COM CUIDADO.,18. ÉL CIERRA LA PUERTA DEL ARMARIO SUAVEMENTE.,18. LUI CHIUDE DELICATAMENTE L’ANTA DELL’ARMADIO.,18. IL FERME DOUCEMENT LA PORTE DU PLACARD.,18. ER SCHLIESST DIE SCHRANKTÜR SANFT.,18. 彼はクローゼットのドアをそっと閉めます。,18. かれはくろーぜっとのどあをそっとしめます。,18. KARE WA KURŌZETTO NO DOA O SOTTO SHIMEMASU.,18. HIJ SLUIT DE KASTDEUR ZACHTJES.
38,19. HE STEPS BACK IN FRONT OF THE CLOSET.,19. ELE DÁ UM PASSO PARA TRÁS EM FRENTE AO ARMÁRIO.,19. ÉL DA UN PASO ATRÁS FRENTE AL ARMARIO.,19. LUI FA UN PASSO INDIETRO DAVANTI ALL’ARMADIO.,19. IL FAIT UN PAS EN ARRIÈRE DEVANT LE PLACARD.,19. ER MACHT EINEN SCHRITT ZURÜCK VOR DEM SCHRANK.,19. 彼はクローゼットの前で一歩下がります。,19. かれはくろーぜっとのまえでいっぽさがります。,19. KARE WA KURŌZETTO NO MAE DE IPPO SAGARIMASU.,19. HIJ DOET EEN STAP ACHTERUIT VOOR DE KAST.
38,20. HE ADMIRES THE ORGANIZED CLOSET WITH A SMILE.,20. ELE ADMIRA O ARMÁRIO ORGANIZADO COM UM SORRISO.,20. ÉL ADMIRA EL ARMARIO ORGANIZADO CON UNA SONRISA.,20. LUI AMMIRA L’ARMADIO ORGANIZZATO CON UN SORRISO.,20. IL ADMIRE LE PLACARD BIEN ORGANISÉ AVEC UN SOURIRE.,20. ER BEWUNDERT DEN ORGANISIERTEN SCHRANK MIT EINEM LÄCHELN.,20. 彼は整理されたクローゼットを笑顔で眺めます。,20. かれはせいりされたくろーぜっとをえがおでながめます。,20. KARE WA SEIRI SARETA KURŌZETTO O EGAO DE NAGAMEMASU.,20. HIJ BEWONDERT DE GEORGANISEERDE KAST MET EEN GLIMLACH.
39,1. JACK WALKS INTO THE KITCHEN.,1. JACK ENTRA NA COZINHA.,1. JACK ENTRA EN LA COCINA.,1. JACK ENTRA IN CUCINA.,1. JACK ENTRE DANS LA CUISINE.,1. JACK GEHT IN DIE KÜCHE.,1. ジャックはキッチンに入ります。,1. じゃっくはきっちんにはいります。,1. JAKKU WA KITCHIN NI HAIRIMASU.,1. JACK LOOPT DE KEUKEN IN.
39,2. HE TAKES CHICKEN AND VEGETABLES FROM THE FRIDGE.,2. ELE PEGA FRANGO E LEGUMES DA GELADEIRA.,2. ÉL SACA POLLO Y VERDURAS DEL REFRIGERADOR.,2. LUI PRENDE POLLO E VERDURE DAL FRIGO.,2. IL PREND DU POULET ET DES LÉGUMES DU FRIGO.,2. ER NIMMT HUHN UND GEMÜSE AUS DEM KÜHLSCHRANK.,2. 彼は冷蔵庫から鶏肉と野菜を取ります。,2. かれはれいぞうこからとりにくとやさいをとります。,2. KARE WA REIZŌKO KARA TORINIKU TO YASAI O TORIMASU.,2. HIJ HAALT KIP EN GROENTEN UIT DE KOELKAST.
39,3. HE TAKES A PAN AND PUTS IT ON THE STOVE.,3. ELE PEGA UMA FRIGIDEIRA E COLOCA NO FOGÃO.,3. ÉL TOMA UNA SARTÉN Y LA PONE EN LA ESTUFA.,3. LUI PRENDE UNA PADELLA E LA METTE SUL FORNELLO.,3. IL PREND UNE POÊLE ET LA MET SUR LA CUISINIÈRE.,3. ER NIMMT EINE PFANNE UND STELLT SIE AUF DEN HERD.,3. 彼はフライパンをコンロに置きます。,3. かれはふらいぱんをこんろにおきます。,3. KARE WA FURAIPAN O KONRO NI OKIMASU.,3. HIJ PAKT EEN PAN EN ZET DIE OP HET FORNUIS.
39,4. HE TURNS ON THE STOVE.,4. ELE LIGA O FOGÃO.,4. ÉL ENCIENDE LA ESTUFA.,4. LUI ACCENDE IL FORNELLO.,4. IL ALLUME LA CUISINIÈRE.,4. ER SCHALTET DEN HERD EIN.,4. 彼はコンロをつけます。,4. かれはこんろをつけます。,4. KARE WA KONRO O TSUKEMASU.,4. HIJ ZET HET FORNUIS AAN.
39,5. HE ADDS OIL TO THE PAN.,5. ELE ADICIONA ÓLEO NA FRIGIDEIRA.,5. ÉL AGREGA ACEITE A LA SARTÉN.,5. LUI AGGIUNGE OLIO ALLA PADELLA.,5. IL AJOUTE DE L’HUILE DANS LA POÊLE.,5. ER GIBT ÖL IN DIE PFANNE.,5. 彼はフライパンに油を入れます。,5. かれはふらいぱんにあぶらをいれます。,5. KARE WA FURAIPAN NI ABURA O IREMASU.,5. HIJ DOET OLIE IN DE PAN.
39,6. HE PLACES THE CHICKEN IN THE PAN.,6. ELE COMEÇA A COMER E SORRI.,6. ÉL EMPIEZA A COMER Y SONRÍE.,6. LUI INIZIA A MANGIARE E SORRIDE.,6. IL COMMENCE À MANGER ET SOURIT.,6. ER BEGINNT ZU ESSEN UND LÄCHELT.,6. 彼は食べ始めて笑います。,6. かれはたべはじめてわらいます。,6. KARE WA TABEHAJIMETE WARAIMASU.,6. HIJ BEGINT TE ETEN EN GLIMLACHT.
39,7. HE CHOPS THE VEGETABLES ON THE CUTTING BOARD.,7. ELE CORTA OS LEGUMES NA TÁBUA DE CORTE.,7. ÉL PICA LAS VERDURAS EN LA TABLA DE CORTAR.,7. LUI TRITA LE VERDURE SUL TAGLIERE.,7. IL COUPE LES LÉGUMES SUR LA PLANCHE À DÉCOUPER.,7. ER SCHNEIDET DAS GEMÜSE AUF DEM SCHNEIDEBRETT.,7. 彼はまな板の上で野菜を切ります。,7. かれはまないたのうえでやさいをきります。,7. KARE WA MANAITA NO UE DE YASAI O KIRIMASU.,7. HIJ SNIJDT DE GROENTEN OP DE SNIJPLANK.
39,8. HE ADDS THE VEGETABLES TO THE PAN.,8. ELE ADICIONA OS LEGUMES À PANELA.,8. ÉL AGREGA LAS VERDURAS A LA SARTÉN.,8. LUI AGGIUNGE LE VERDURE ALLA PADELLA.,8. IL AJOUTE LES LÉGUMES DANS LA POÊLE.,8. ER GIBT DAS GEMÜSE IN DIE PFANNE.,8. 彼は野菜をフライパンに入れます。,8. かれはやさいをふらいぱんにいれます。,8. KARE WA YASAI O FURAIPAN NI IREMASU.,8. HIJ VOEGT DE GROENTEN TOE AAN DE PAN.
39,9. HE STIRS THE FOOD WITH A SPOON.,9. ELE MEXE A COMIDA COM UMA COLHER.,9. ÉL REVUELVE LA COMIDA CON UNA CUCHARA.,9. LUI MESCOLA IL CIBO CON UN CUCCHIAIO.,9. IL REMUE LA NOURRITURE AVEC UNE CUILLÈRE.,9. ER RÜHRT DAS ESSEN MIT EINEM LÖFFEL.,9. 彼はスプーンで料理を混ぜます。,9. かれはすぷーんでりょうりをまぜます。,9. KARE WA SUPŪN DE RYŌRI O MAZEMASU.,9. HIJ ROERT HET ETEN MET EEN LEPEL.
39,10. HE CHECKS IF THE CHICKEN IS GOLDEN.,10. ELE VERIFICA SE O FRANGO ESTÁ DOURADO.,10. ÉL REVISA SI EL POLLO ESTÁ DORADO.,10. LUI CONTROLLA SE IL POLLO È DORATO.,10. IL VÉRIFIE SI LE POULET EST DORÉ.,"10. ER PRÜFT, OB DAS HUHN GOLDEN IST.",10. 彼は鶏肉がこんがりしているか確認します。,10. かれはとりにくがこんがりしているかかくにんします。,10. KARE WA TORINIKU GA KONGARI SHITE IRU KA KAKUNIN SHIMASU.,10. HIJ CONTROLEERT OF DE KIP GOUDENBRUIN IS.
39,11. HE TURNS OFF THE STOVE.,11. ELE DESLIGA O FOGÃO.,11. ÉL APAGA LA ESTUFA.,11. LUI SPEGNE IL FORNELLO.,11. IL ÉTEINT LA CUISINIÈRE.,11. ER SCHALTET DEN HERD AUS.,11. 彼はコンロを消します。,11. かれはこんろをけします。,11. KARE WA KONRO O KESHIMASU.,11. HIJ ZET HET FORNUIS UIT.
39,12. HE TAKES THE PAN OFF THE HEAT.,12. ELE TIRA A PANELA DO FOGO.,12. ÉL RETIRA LA SARTÉN DEL FUEGO.,12. LUI TOGLIE LA PADELLA DAL FUOCO.,12. IL RETIRE LA POÊLE DU FEU.,12. ER NIMMT DIE PFANNE VOM HERD.,12. 彼はフライパンを火から下ろします。,12. かれはふらいぱんをひからおろします。,12. KARE WA FURAIPAN O HI KARA OROSHIMASU.,12. HIJ HAALT DE PAN VAN HET VUUR.
39,13. HE POURS THE FOOD ONTO PLATES.,13. ELE COLOCA A COMIDA NOS PRATOS.,13. ÉL SIRVE LA COMIDA EN LOS PLATOS.,13. LUI METTE IL CIBO NEI PIATTI.,13. IL MET LA NOURRITURE DANS LES ASSIETTES.,13. ER GIBT DAS ESSEN AUF DIE TELLER.,13. 彼は料理を皿に盛ります。,13. かれはりょうりをさらにもります。,13. KARE WA RYŌRI O SARA NI MORIMASU.,13. HIJ SCHEPT HET ETEN OP DE BORDEN.
39,14. HE PICKS UP FORKS AND KNIVES.,14. ELE PEGA GARFOS E FACAS.,14. ÉL TOMA TENEDORES Y CUCHILLOS.,14. LUI PRENDE FORCHETTE E COLTELLI.,14. IL PREND DES FOURCHETTES ET DES COUTEAUX.,14. ER NIMMT GABELN UND MESSER.,14. 彼はフォークとナイフを取ります。,14. かれはふぉーくとないふをとります。,14. KARE WA FŌKU TO NAIFU O TORIMASU.,14. HIJ PAKT VORKEN EN MESSEN.
39,15. HE SETS THE TABLE WITH PLATES AND CUTLERY.,15. ELE ARRUMA A MESA COM PRATOS E TALHERES.,15. ÉL PONE LA MESA CON PLATOS Y CUBIERTOS.,15. LUI APPARECCHIA LA TAVOLA CON PIATTI E POSATE.,15. IL MET LA TABLE AVEC DES ASSIETTES ET DES COUVERTS.,15. ER DECKT DEN TISCH MIT TELLERN UND BESTECK.,15. 彼は皿と食器でテーブルを整えます。,15. かれはさらとしょっきでてーぶるをととのえます。,15. KARE WA SARA TO SHOKKI DE TĒBURU O TOTONOEMASU.,15. HIJ DEKT DE TAFEL MET BORDEN EN BESTEK.
39,16. HE BRINGS THE PLATES TO THE TABLE.,16. ELE LEVA OS PRATOS PARA A MESA.,16. ÉL LLEVA LOS PLATOS A LA MESA.,16. LUI PORTA I PIATTI A TAVOLA.,16. IL APPORTE LES ASSIETTES À TABLE.,16. ER BRINGT DIE TELLER ZUM TISCH.,16. 彼は皿をテーブルに運びます。,16. かれはさらをてーぶるにはこびます。,16. KARE WA SARA O TĒBURU NI HAKOBIMASU.,16. HIJ BRENGT DE BORDEN NAAR DE TAFEL.
39,17. HE SITS DOWN.,17. ELE SE SENTA.,17. ÉL SE SIENTA.,17. LUI SI SIEDE.,17. IL S’ASSOIT.,17. ER SETZT SICH.,17. 彼は座ります。,17. かれはすわります。,17. KARE WA SUWARIMASU.,17. HIJ GAAT ZITTEN.
39,18. HE STARTS EATING THE FOOD.,18. ELE COMEÇA A COMER A COMIDA.,18. ÉL EMPIEZA A COMER LA COMIDA.,18. LUI INIZIA A MANGIARE IL CIBO.,18. IL COMMENCE À MANGER LE REPAS.,18. ER BEGINNT DAS ESSEN ZU ESSEN.,18. 彼は食事を食べ始めます。,18. かれはしょくじをたべはじめます。,18. KARE WA SHOKUJI O TABEHAJIMEMASU.,18. HIJ BEGINT HET ETEN TE ETEN.
39,19. HE TAKES A DRINK OF WATER.,19. ELE TOMA UM GOLE DE ÁGUA.,19. ÉL TOMA UN SORBO DE AGUA.,19. LUI BEVE UN SORSO D’ACQUA.,19. IL BOIT UNE GORGÉE D’EAU.,19. ER NIMMT EINEN SCHLUCK WASSER.,19. 彼は水を一口飲みます。,19. かれはみずをひとくちのみます。,19. KARE WA MIZU O HITOKUCHI NOMIMASU.,19. HIJ NEEMT EEN SLUK WATER.
39,20. HE FINISHES THE MEAL AND SMILES.,20. ELE TERMINA A REFEIÇÃO E SORRI.,20. ÉL TERMINA LA COMIDA Y SONRÍE.,20. LUI FINISCE IL PASTO E SORRIDE.,20. IL TERMINE LE REPAS ET SOURIT.,20. ER BEENDET DIE MAHLZEIT UND LÄCHELT.,20. 彼は食事を終えて笑います。,20. かれはしょくじをおえてわらいます。,20. KARE WA SHOKUJI O OETE WARAIMASU.,20. HIJ MAAKT DE MAALTIJD AF EN GLIMLACHT.
40,1. SARAH GRABS HER CAMPING GEAR.,1. SARAH PEGA SEU EQUIPAMENTO DE CAMPING.,1. SARAH AGARRA SU EQUIPO DE CAMPAMENTO.,1. SARAH PRENDE LA SUA ATTREZZATURA DA CAMPEGGIO.,1. SARAH PREND SON MATÉRIEL DE CAMPING.,1. SARAH NIMMT IHRE CAMPINGAUSRÜSTUNG.,1. サラはキャンプ用品を取ります。,1. さらはきゃんぷようひんをとります。,1. SARA WA KYANPU YŌHIN O TORIMASU.,1. SARAH PAKT HAAR KAMPEERSPULLEN.
40,2. SHE PUTS THE GEAR IN HER BAG.,2. ELA COLOCA O EQUIPAMENTO NA MOCHILA.,2. ELLA PONE EL EQUIPO EN SU MOCHILA.,2. LEI METTE L’ATTREZZATURA NELLO ZAINO.,2. ELLE MET LE MATÉRIEL DANS SON SAC.,2. SIE LEGT DIE AUSRÜSTUNG IN IHRE TASCHE.,2. 彼女は装備をバッグに入れます。,2. かのじょはそうびをばっぐにいれます。,2. KANOJO WA SŌBI O BAGGU NI IREMASU.,2. ZE DOET DE UITRUSTING IN HAAR TAS.
40,3. SHE CHECKS HER FOOD.,3. ELA CONFERE SUA COMIDA.,3. ELLA REVISA SU COMIDA.,3. LEI CONTROLLA IL SUO CIBO.,3. ELLE VÉRIFIE SA NOURRITURE.,3. SIE ÜBERPRÜFT IHR ESSEN.,3. 彼女は食べ物を確認します。,3. かのじょはたべものをかくにんします。,3. KANOJO WA TABEMONO O KAKUNIN SHIMASU.,3. ZE CONTROLEERT HAAR ETEN.
40,4. SHE WALKS TO THE CAMPSITE.,4. ELA CAMINHA ATÉ O ACAMPAMENTO.,4. ELLA CAMINA HACIA EL CAMPAMENTO.,4. LEI CAMMINA VERSO IL CAMPEGGIO.,4. ELLE MARCHE VERS LE CAMPING.,4. SIE GEHT ZUM CAMPINGPLATZ.,4. 彼女はキャンプ場へ歩きます。,4. かのじょはきゃんぷじょうへあるきます。,4. KANOJO WA KYANPUJŌ E ARUKIMASU.,4. ZE LOOPT NAAR DE CAMPING.
40,5. SHE LOOKS AROUND THE AREA.,5. ELA OLHA AO REDOR DA ÁREA.,5. ELLA MIRA ALREDEDOR DEL ÁREA.,5. LEI GUARDA INTORNO ALL’AREA.,5. ELLE REGARDE AUTOUR DE LA ZONE.,5. SIE SCHAUT SICH IN DER GEGEND UM.,5. 彼女は周りを見回します。,5. かのじょはまわりをみまわします。,5. KANOJO WA MAWARI O MIMAWASHIMASU.,5. ZE KIJKT ROND IN DE OMGEVING.
40,6. SHE FINDS FLAT GROUND.,6. ELA ENCONTRA UM TERRENO PLANO.,6. ELLA ENCUENTRA UN TERRENO PLANO.,6. LEI TROVA UN TERRENO PIANO.,6. ELLE TROUVE UN SOL PLAT.,6. SIE FINDET EBENEN BODEN.,6. 彼女は平らな地面を見つけます。,6. かのじょはたいらなじめんをみつけます。,6. KANOJO WA TAIRA NA JIMEN O MITSUKEMASU.,6. ZE VINDT EEN VLAKKE PLEK.
40,7. SHE SETS UP THE TENT.,7. ELA MONTA A BARRACA.,7. ELLA ARMA LA TIENDA DE CAMPAÑA.,7. LEI MONTA LA TENDA.,7. ELLE INSTALLE LA TENTE.,7. SIE BAUT DAS ZELT AUF.,7. 彼女はテントを張ります。,7. かのじょはてんとをはります。,7. KANOJO WA TENTO O HARIMASU.,7. ZE ZET DE TENT OP.
40,8. SHE TIES THE TENT STRINGS.,8. ELA AMARRA AS CORDAS DA BARRACA.,8. ELLA ATA LAS CUERDAS DE LA TIENDA.,8. LEI LEGA LE CORDE DELLA TENDA.,8. ELLE ATTACHE LES CORDES DE LA TENTE.,8. SIE BINDET DIE ZELTSCHNÜRE FEST.,8. 彼女はテントのひもを結びます。,8. かのじょはてんとのひもをむすびます。,8. KANOJO WA TENTO NO HIMO O MUSUBIMASU.,8. ZE MAAKT DE TENTTOUWEN VAST.
40,9. SHE GATHERS FIREWOOD.,9. ELA JUNTA LENHA.,9. ELLA RECOGE LEÑA.,9. LEI RACCOGLIE LEGNA.,9. ELLE RAMASSE DU BOIS.,9. SIE SAMMELT BRENNHOLZ.,9. 彼女は薪を集めます。,9. かのじょはまきをあつめます。,9. KANOJO WA MAKI O ATSUMEMASU.,9. ZE VERZAMELT BRANDHOUT.
40,10. SHE MAKES A SMALL PILE.,10. ELA FAZ UMA PEQUENA PILHA.,10. ELLA HACE UNA PEQUEÑA PILA.,10. LEI FA UN PICCOLO MUCCHIO.,10. ELLE FAIT UN PETIT TAS.,10. SIE MACHT EINEN KLEINEN HAUFEN.,10. 彼女は小さな山を作ります。,10. かのじょはちいさなやまをつくります。,10. KANOJO WA CHĪSANA YAMA O TSUKURIMASU.,10. ZE MAAKT EEN KLEIN HOOPJE.
40,11. SHE STARTS A CAMPFIRE.,11. ELA ACENDE UMA FOGUEIRA.,11. ELLA ENCIENDE UNA FOGATA.,11. LEI ACCENDE UN FALÒ.,11. ELLE ALLUME UN FEU DE CAMP.,11. SIE ENTZÜNDET EIN LAGERFEUER.,11. 彼女は焚き火を起こします。,11. かのじょはたきびをおこします。,11. KANOJO WA TAKIBI O OKOSHIMASU.,11. ZE STEEKT EEN KAMPVUUR AAN.
40,12. THE FIRE BURNS BRIGHT.,12. O FOGO QUEIMA FORTE.,12. EL FUEGO ARDE FUERTE.,12. IL FUOCO BRUCIA FORTE.,12. LE FEU BRÛLE VIVEMENT.,12. DAS FEUER BRENNT HELL.,12. 火は明るく燃えます。,12. ひはあかるくもえます。,12. HI WA AKARUKU MOEMASU.,12. HET VUUR BRANDT FEL.
40,13. SHE COOKS FOOD OVER THE FIRE.,13. ELA COZINHA A COMIDA NO FOGO.,13. ELLA COCINA LA COMIDA SOBRE EL FUEGO.,13. LEI CUCINA IL CIBO SUL FUOCO.,13. ELLE CUISINE LA NOURRITURE SUR LE FEU.,13. SIE KOCHT DAS ESSEN ÜBER DEM FEUER.,13. 彼女は火で料理をします。,13. かのじょはひでりょうりをします。,13. KANOJO WA HI DE RYŌRI O SHIMASU.,13. ZE KOOKT ETEN BOVEN HET VUUR.
40,14. SHE EATS HER MEAL.,14. ELA COME A REFEIÇÃO.,14. ELLA COME SU COMIDA.,14. LEI MANGIA IL SUO PASTO.,14. ELLE MANGE SON REPAS.,14. SIE ISST IHRE MAHLZEIT.,14. 彼女は食事を食べます。,14. かのじょはしょくじをたべます。,14. KANOJO WA SHOKUJI O TABEMASU.,14. ZE EET HAAR MAALTIJD.
40,15. SHE SITS BY THE FIRE.,15. ELA SE SENTA PERTO DO FOGO.,15. ELLA SE SIENTA JUNTO AL FUEGO.,15. LEI SI SIEDE VICINO AL FUOCO.,15. ELLE S’ASSOIT PRÈS DU FEU.,15. SIE SITZT AM FEUER.,15. 彼女は火のそばに座ります。,15. かのじょはひのそばにすわります。,15. KANOJO WA HI NO SOBA NI SUWARIMASU.,15. ZE ZIT BIJ HET VUUR.
40,16. SHE TELLS SIMPLE STORIES.,16. ELA CONTA HISTÓRIAS SIMPLES.,16. ELLA CUENTA HISTORIAS SIMPLES.,16. LEI RACCONTA STORIE SEMPLICI.,16. ELLE RACONTE DES HISTOIRES SIMPLES.,16. SIE ERZÄHLT EINFACHE GESCHICHTEN.,16. 彼女は簡単な話をします。,16. かのじょはかんたんなはなしをします。,16. KANOJO WA KANTAN NA HANASHI O SHIMASU.,16. ZE VERTELT EENVOUDIGE VERHALEN.
40,17. SHE LOOKS AT THE STARS.,17. ELA OLHA PARA AS ESTRELAS.,17. ELLA MIRA LAS ESTRELLAS.,17. LEI GUARDA LE STELLE.,17. ELLE REGARDE LES ÉTOILES.,17. SIE SCHAUT DIE STERNE AN.,17. 彼女は星を見ます。,17. かのじょはほしをみます。,17. KANOJO WA HOSHI O MIMASU.,17. ZE KIJKT NAAR DE STERREN.
40,18. SHE GOES FOR A NIGHT WALK.,18. ELA DÁ UMA CAMINHADA NOTURNA.,18. ELLA DA UN PASEO NOCTURNO.,18. LEI FA UNA PASSEGGIATA NOTTURNA.,18. ELLE FAIT UNE PROMENADE NOCTURNE.,18. SIE MACHT EINEN NACHTSPAZIERGANG.,18. 彼女は夜の散歩をします。,18. かのじょはよるのさんぽをします。,18. KANOJO WA YORU NO SANPO O SHIMASU.,18. ZE MAAKT EEN NACHTWANDELING.
40,19. SHE FALLS ASLEEP IN THE TENT.,19. ELA ADORMECE NA BARRACA.,19. ELLA SE DUERME EN LA TIENDA.,19. LEI SI ADDORMENTA NELLA TENDA.,19. ELLE S’ENDORT DANS LA TENTE.,19. SIE SCHLÄFT IM ZELT EIN.,19. 彼女はテントで眠ります。,19. かのじょはてんとでねむります。,19. KANOJO WA TENTO DE NEMURIMASU.,19. ZE VALT IN SLAAP IN DE TENT.
40,20. SHE WAKES UP TO A SUNNY MORNING.,20. ELA ACORDA COM UMA MANHÃ ENSOLARADA.,20. ELLA DESPIERTA CON UNA MAÑANA SOLEADA.,20. LEI SI SVEGLIA IN UNA MATTINA SOLEGGIATA.,20. ELLE SE RÉVEILLE PAR UNE MATINÉE ENSOLEILLÉE.,20. SIE WACHT AN EINEM SONNIGEN MORGEN AUF.,20. 彼女は晴れた朝に目を覚まします。,20. かのじょははれたあさにめをさまします。,20. KANOJO WA HARETA ASA NI ME O SAMASHIMASU.,20. ZE WORDT WAKKER OP EEN ZONNIGE OCHTEND.
