Story,File,en,pt,es,it,fr,de,ja,HIRAGANA,ROMAJI,nl,,,,,,
1,,WAKE UP,DENTES,DIENTES,DENTI,DENTS,ZÄHNE,歯,は,HA,TANDEN,,,,,,
1,,PICK UP,ESPREMER PASTA DE DENTES,EXPRIMIR PASTA DE DIENTES,SPREMERE DENTIFRICIO,PRESSER LE DENTIFRICE,ZAHNPASTA DRÜCKEN,歯磨き粉を絞る,はみがきこをしぼる,HAMIGAKIKO O SHIBORU,TANDPASTA KNEDEN,,,,,,
1,,PUT DOWN,ESCOVA DE DENTES,CEPILLO DE DIENTES,SPAZZOLINO,BROSSE À DENTS,ZAHNBÜRSTE,歯ブラシ,はぶらし,HABURASHI,TANDENBORSTEL,,,,,,
1,,HIS CAR – HER CAR,ESCOVAR DENTES,CEPILLARSE LOS DIENTES,SPAZZOLARE I DENTI,BROSSER LES DENTS,ZÄHNE PUTZEN,歯を磨く,はをみがく,HA O MIGAKU,TANDEN POETSEN,,,,,,
1,,MOUTH,BOCA,BOCA,BOCCA,BOUCHE,MUND,口,くち,KUCHI,MOND,,,,,,
1,,HIS MOUTH – HER MOUTH,ABRIR BOCA,ABRIR BOCA,APRIRE BOCCA,OUVRIR LA BOUCHE,MUND ÖFFNEN,口を開ける,くちをあける,KUCHI O AKERU,MOND OPENEN,,,,,,
1,,TOOTH,FECHAR BOCA,CERRAR BOCA,CHIUDERE BOCCA,FERMER LA BOUCHE,MUND SCHLIESSEN,口を閉じる,くちをとじる,KUCHI O TOJIRU,MOND SLUITEN,,,,,,
1,,TEETH,ÁGUA,AGUA,ACQUA,EAU,WASSER,水,みず,MIZU,WATER,,,,,,
1,,BRUSH,ENXAGUAR BOCA,ENJUAGAR BOCA,SCIAQUARE BOCCA,RINCER LA BOUCHE,MUND SPÜLEN,口をすすぐ,くちをすすぐ,KUCHI O SUSUGU,MOND SPOELEN,,,,,,
1,,BRUSHES,ENXAGUAR ESCOVA,ENJUAGAR CEPILLO,SCIAQUARE SPAZZOLINO,RINCER LA BROSSE,BÜRSTE SPÜLEN,歯ブラシをすすぐ,はぶらしをすすぐ,HABURASHI O SUSUGU,TANDENBORSTEL SPOELEN,,,,,,
1,,BRUSH TEETH,PIA,LAVABO,LAVABO,ÉVIER,WASCHBECKEN,洗面台,せんめんだい,SENMENDAI,WASTAFEL,,,,,,
1,,TOOTHBRUSH,EM CIMA - DENTRO,ARRIBA - DENTRO,SU - DENTRO,SUR - DANS,AUF - IN,鍵,おん,ON,AAN - IN,,,,,,
1,,HOLDER,PORTA ESCOVA,SOPORTE DE CEPILLO,PORTA SPAZZOLINO,PORTE-BROSSE,ZAHNBÜRSTENHALTER,歯ブラシ立て,はぶらしたて,HABURASHI TATE,TANDENBORSTELHOUDER,,,,,,
1,,TOOTHBRUSH HOLDER,TOALHA,TOALLA,ASCIUGAMANO,SERVIETTE,HANDTUCH,タオル,たおる,TAORU,HANDDOEK,,,,,,
1,,HE – SHE,TOALHAS SECAS E MOLHADAS,TOALLAS SECAS Y MOJADAS,ASCIUGAMANI ASCIUTTI E BAGNATI,SERVIETTES SÈCHES ET HUMIDES,TROCKENE UND NASSE HANDTÜCHER,乾いたタオルと濡れたタオル,かわいたたおるとぬれたたおる,KAWAITA TAORU TO NURETA TAORU,DROGE EN NATTE HANDDOEKEN,,,,,,
1,,HOUSE,MÃO,MANO,MANO,MAIN,HAND,手,て,TE,HAND,,,,,,
1,,A HOUSE – THE HOUSE,MÃOS,MANOS,MANI,MAINS,HÄNDE,両手,りょうて,RYOUTE,HANDEN,,,,,,
1,,LEMON,SECAR MÃOS COM TOALHA,SECAR MANOS CON TOALLA,ASCIUGARE MANI CON ASCIUGAMANO,SÉCHER LES MAINS AVEC SERVIETTE,HÄNDE MIT HANDTUCH TROCKNEN,手をタオルで拭く,てをたおるでふく,TE O TAORU DE FUKU,HANDEN DROGEN MET HANDDOEK,,,,,,
1,,SQUEEZE LEMON,SORRISO,SONRISA,SORRISO,SOURIRE,LÄCHELN,笑う,わらう,WARAU,GLIMLACH,,,,,,
1,,PASTE,ESPELHO,ESPEJO,SPECCHIO,MIROIR,SPIEGEL,鏡,かがみ,KAGAMI,SPIEGEL,,,,,,
1,,TOOTHPASTE,ACORDAR,DESPERTAR,SVEGLIARSI,SE RÉVEILLER,AUFWACHEN,起きる,おきる,OKIRU,WAKKER WORDEN,,,,,,
1,,BOX,LIVRO,LIBRO,LIBRO,LIVRE,BUCH,本,ほん,HON,BOEK,,,,,,
1,,ON THE BOX – IN THE BOX,PEGAR LIVRO,AGARRAR LIBRO,PRENDERE LIBRO,PRENDRE LIVRE,BUCH NEHMEN,本を取る,ほんをとる,HON O TORU,BOEK OPPAKKEN,,,,,,
1,,TO RINSE,COLOCAR LIVRO,DEJAR LIBRO,POSARE LIBRO,POSER LIVRE,BUCH ABLEGEN,本を置く,ほんをおく,HON O OKU,BOEK NEERLEGGEN,,,,,,
1,,DRY – WET,BANHEIRO,BAÑO,BAGNO,SALLE DE BAIN,BAD,お風呂,おふろ,OFURO,BADKAMER,,,,,,
1,,HAND – HANDS,LIMÃO,LIMÓN,LIMONE,CITRON,ZITRONE,レモン,れもん,REMON,CITROEN,,,,,,
1,,GLASSES,ESPREMER LIMÃO,EXPRIMIR LIMÓN,SPREMERE LIMONE,PRESSER LE CITRON,ZITRONE AUSDRÜCKEN,レモンを絞る,れもんをしぼる,REMON O SHIBORU,CITROEN UITKNIJPEN,,,,,,
1,,WITH GLASSES – WITHOUT GLASSES,COM ÓCULOS – SEM ÓCULOS,CON GAFAS – SIN GAFAS,CON OCCHIALI – SENZA OCCHIALI,AVEC LUNETTES – SANS LUNETTES,MIT BRILLE – OHNE BRILLE,眼鏡あり – 眼鏡なし,めがねあり – めがねなし,MEGANE ARI – MEGANE NASHI,MET BRIL – ZONDER BRIL,,,,,,
1,,TOWEL,TOALHA,TOALLA,ASCIUGAMANO,SERVIETTE,HANDTUCH,タオル,たおる,TAORU,HANDDOEK,,,,,,
1,,SMILE,SORRISO,SONRISA,SORRISO,SOURIRE,LÄCHELN,笑顔,えがお,EGAO,GLIMLACH,,,,,,
1,,MIRROR,ESPELHO,ESPEJO,SPECCHIO,MIROIR,SPIEGEL,鏡,かがみ,KAGAMI,SPIEGEL,,,,,,
2,,I AM – YOU ARE – HE/SHE/IT IS – WE ARE – YOU ARE – THEY ARE,EU SOU – VOCÊ É – ELE/ELA É – NÓS SOMOS – VOCÊS SÃO – ELES SÃO,YO SOY – TÚ ERES – ÉL/ELLA ES – NOSOTROS SOMOS – USTEDES SON – ELLOS SON,IO SONO – TU SEI – LUI/LEI È – NOI SIAMO – VOI SIETE – LORO SONO,JE SUIS – TU ES – IL/ELLE EST – NOUS SOMMES – VOUS ÊTES – ILS SONT,ICH BIN – DU BIST – ER/SIE/ES IST – WIR SIND – IHR SEID – SIE SIND,私はです,わたしはです,WATASHI WA DESU,IK BEN – JIJ BENT – HIJ/ZIJ/HET IS – WIJ ZIJN – JULLIE ZIJN – ZIJ ZIJN,,,,,,
2,,HAND – HANDS,MÃO – MÃOS,MANO – MANOS,MANO – MANI,MAIN – MAINS,HAND – HÄNDE,手 – 手,て – て,TE – TE,HAND – HANDEN,,,,,,
2,,DIRTY – CLEAN,SUJO – LIMPO,SUCIO – LIMPIO,SPORCO – PULITO,SALE – PROPRE,SCHMUTZIG – SAUBER,汚い – 綺麗,きたない – きれい,KITANAI – KIREI,VIES – SCHOON,,,,,,
2,,WALK – RUN,ANDAR – CORRER,CAMINAR – CORRER,CAMMINARE – CORRERE,MARCHER – COURIR,GEHEN – LAUFEN,歩く – 走る,あるく – はしる,ARUKU – HASHIRU,LOPEN – RENNEN,,,,,,
2,,SINK,PIA,LAVABO,LAVABO,ÉVIER,WASCHBECKEN,洗面台,せんめんだい,SENMENDAI,WASTAFEL,,,,,,
2,,TO THE SINK,ATÉ A PIA,A LA PILETA,AL LAVANDINO,JUSQU’AU LAVABO,ZUM WASCHBECKEN,洗面台へ,せんめんだいへ,SENMENDAI E,WASTAFEL TOE,,,,,,
2,,TURN ON – TURN OFF,LIGAR – DESLIGAR,ENCENDER – APAGAR,ACCENDERE – SPEGNERE,ALLUMER – ÉTEINDRE,EINSCHALTEN – AUSSCHALTEN,付ける – 消す,つける – けす,TSUKERU – KESU,AANZETTEN – UITZETTEN,,,,,,
2,,FAUCET,TORNEIRA,GRIFO,RUBINETTO,ROBINET,HAHN,蛇口,じゃぐち,JAGUCHI,KRAAN,,,,,,
2,,PICK UP,PEGAR,RECOGER,PRENDERE,RAMASSER,AUFHEBEN,拾う,ひろう,HIROU,OPPAKKEN,,,,,,
2,,PUT DOWN,COLOCAR,DEJAR,POSARE,POSER,HINLEGEN,置く,おく,OKU,NEERZETTEN,,,,,,
2,,SOAP,SABÃO,JABÓN,SAPONE,SAVON,SEIFE,石鹸,せっけん,SEKKEN,ZEEP,,,,,,
2,,WASH,LAVAR,LAVAR,LAVARE,LAVER,WASCHEN,洗う,あらう,ARAU,WASSEN,,,,,,
2,,WASH HANDS,LAVAR AS MÃOS,LAVARSE LAS MANOS,LAVARSI LE MANI,SE LAVER LES MAINS,HÄNDE WASCHEN,手を洗う,てをあらう,TE O ARAU,HANDEN WASSEN,,,,,,
2,,WITH SOAP -WITHOUT SOAP,COM SABÃO – SEM SABÃO,CON JABÓN – SIN JABÓN,CON SAPONE – SENZA SAPONE,AVEC SAVON – SANS SAVON,MIT SEIFE – OHNE SEIFE,石鹸あり – 石鹸なし,せっけんあり – せっけんなし,SEKKEN ARI – SEKKEN NASHI,MET ZEEP – ZONDER ZEEP,,,,,,
2,,RINSE,ENXAGUAR,ENJUAGAR,SCIAQUARE,RINCER,SPÜLEN,濯ぐ,すすぐ,SUSUGU,SPOELEN,,,,,,
2,,RINSE HANDS,ENXAGUAR AS MÃOS,ENJUAGAR LAS MANOS,SCIAQUARE LE MANI,RINCER LES MAINS,HÄNDE SPÜLEN,手を濯ぐ,てをすすぐ,TE O SUSUGU,HANDEN SPOELEN,,,,,,
2,,TOWEL,TOALHA,TOALLA,ASCIUGAMANO,SERVIETTE,HANDTUCH,タオル,たおる,TAORU,HANDDOEK,,,,,,
2,,GET TOWEL,PEGAR TOALHA,AGARRAR TOALLA,PRENDERE ASCIUGAMANO,PRENDRE SERVIETTE,HANDTUCH NEHMEN,タオルを取る,たおるをとる,TAORU O TORU,HANDDOEK PAKKEN,,,,,,
2,,DRY – WET,SECO – MOLHADO,SECO – MOJADO,SECCO – BAGNATO,SEC – MOUILLÉ,TROCKEN – NASS,乾いた – 濡れた,かわいた – ぬれた,KAWAITA – NURETA,DROOG – NAT,,,,,,
2,,DRY HANDS WITH TOWEL,SECAR AS MÃOS COM TOALHA,SECAR LAS MANOS CON TOALLA,ASCIUGARE LE MANI CON ASCIUGAMANO,SÉCHER LES MAINS AVEC SERVIETTE,HÄNDE MIT HANDTUCH TROCKNEN,手をタオルで拭く,てをたおるでふく,TE O TAORU DE FUKU,HANDEN DROGEN MET HANDDOEK,,,,,,
2,,PUT BACK ,DEVOLVER,VOLVER A PONER,RIMETTERE,REMETTRE,ZURÜCKLEGEN,戻す,もどす,MODOSU,TERUGLEGGEN,,,,,,
2,,PUT BACK TOWEL,DEVOLVER TOALHA,VOLVER A PONER LA TOALLA,RIMETTERE L’ASCIUGAMANO,REMETTRE LA SERVIETTE,HANDTUCH ZURÜCKLEGEN,タオルを戻す,たおるをもどす,TAORU O MODOSU,HANDDOEK TERUGLEGGEN,,,,,,
2,,WHISTLE,ASSOBIAR,SILBAR,FISCHIARE,SIFFLER,PFEIFEN,口笛を吹く,くちぶえをふく,KUCHIBUE O FUKU,FLUITEN,,,,,,
3,,I AM – YOU ARE – HE/SHE/IT IS – WE ARE – YOU ARE – THEY ARE,EU SOU – VOCÊ É – ELE/ELA É – NÓS SOMOS – VOCÊS SÃO – ELES SÃO,YO SOY – TÚ ERES – ÉL/ELLA ES – NOSOTROS SOMOS – USTEDES SON – ELLOS SON,IO SONO – TU SEI – LUI/LEI È – NOI SIAMO – VOI SIETE – LORO SONO,JE SUIS – TU ES – IL/ELLE EST – NOUS SOMMES – VOUS ÊTES – ILS SONT,ICH BIN – DU BIST – ER/SIE/ES IST – WIR SIND – IHR SEID – SIE SIND,私はです,わたしはです,WATASHI WA DESU,IK BEN – JIJ BENT – HIJ/ZIJ/HET IS – WIJ ZIJN – JULLIE ZIJN – ZIJ ZIJN,,,,,,
3,,PUT ,COLOCAR,PONER,METTERE,POSER,LEGEN,置く,おく,OKU,NEERZETTEN,,,,,,
3,,CUP,COPO,TAZA,BICCHIERE,TASSE,BECHER,コップ,こっぷ,KOPPU,BEKER,,,,,,
3,,PUT CUP ON TABLE,COLOCAR COPO NA MESA,PONER TAZA EN LA MESA,METTERE IL BICCHIERE SUL TAVOLO,POSER LA TASSE SUR LA TABLE,BECHER AUF DEN TISCH STELLEN,コップをテーブルに置く,こっぷをてーぶるにおく,KOPPU O TE-BURU NI OKU,BEKER OP TAFEL ZETTEN,,,,,,
3,,FALL,CAIR,CAER,CADERE,TOMBER,FALLEN,落ちる,おちる,OCHIRU,VALLEN,,,,,,
3,,WATER,ÁGUA,AGUA,ACQUA,EAU,WASSER,水,みず,MIZU,WATER,,,,,,
3,,BOX,CAIXA,CAJA,SCATOLA,BOÎTE,SCHACHTEL,箱,はこ,HAKO,DOOS,,,,,,
3,,ON THE BOX – IN THE BOX,EM CIMA DA CAIXA – DENTRO DA CAIXA,ENCIMA DE LA CAJA – DENTRO DE LA CAJA,SOPRA LA SCATOLA – NELLA SCATOLA,SUR LA BOÎTE – DANS LA BOÎTE,AUF DER SCHACHTEL – IN DER SCHACHTEL,箱の上に – 箱の中に,はこのうえに – はこのなかに,HAKO NO UE NI – HAKO NO NAKA NI,OP DE DOOS – IN DE DOOS,,,,,,
3,,TABLE,MESA,MESA,TAVOLO,TABLE,TISCH,テーブル,てーぶる,TE-BURU,TAFEL,,,,,,
3,,ON THE TABLE,EM CIMA DA MESA,ENCIMA DE LA MESA,SUL TAVOLO,SUR LA TABLE,AUF DEM TISCH,テーブルの上に,てーぶるのうえに,TE-BURU NO UE NI,OP DE TAFEL,,,,,,
3,,CALL,CHAMAR,LLAMAR,CHIAMARE,APPELER,RUFEN,呼ぶ,よぶ,YOBU,ROEPEN,,,,,,
3,,COME – GO,VIR – IR,VENIR – IR,VENIRE – ANDARE,VENIR – ALLER,KOMMEN – GEHEN,来る – 行く,くる – いく,KURU – IKU,KOMEN – GAAN,,,,,,
3,,GET TOWEL,PEGAR TOALHA,AGARRAR TOALLA,PRENDERE ASCIUGAMANO,PRENDRE SERVIETTE,HANDTUCH NEHMEN,タオルを取る,たおるをとる,TAORU O TORU,HANDDOEK PAKKEN,,,,,,
3,,STAY – LEAVE,FICAR – SAIR,QUEDARSE – SALIR,RESTARE – ANDARE VIA,RESTER – PARTIR,BLEIBEN – GEHEN,居る – 去る,いる – さる,IRU – SARU,BLIJVEN – WEGGAAN,,,,,,
3,,AT THE TABLE – UNDER THE TABLE,NA MESA – DEBAIXO DA MESA,EN LA MESA – DEBAJO DE LA MESA,SUL TAVOLO – SOTTO IL TAVOLO,SUR LA TABLE – SOUS LA TABLE,AUF DEM TISCH – UNTER DEM TISCH,テーブルの上 – テーブルの下,てーぶるのうえ – てーぶるのした,TE-BURU NO UE – TE-BURU NO SHITA,OP DE TAFEL – ONDER DE TAFEL,,,,,,
3,,MOTHER – FATHER,MÃE – PAI,MADRE – PADRE,MADRE – PADRE,MÈRE – PÈRE,MUTTER – VATER,母 – 父,はは – ちち,HAHA – CHICHI,MOEDER – VADER,,,,,,
3,,WIPE,LIMPAR,LIMPIAR,PULIRE,ESSUYER,ABWISCHEN,拭く,ふく,FUKU,AFVEGEN,,,,,,
3,,WIPE TABLE,LIMPAR A MESA,LIMPIAR LA MESA,PULIRE IL TAVOLO,ESSUYER LA TABLE,TISCH ABWISCHEN,テーブルを拭く,てーぶるをふく,TE-BURU O FUKU,TAFEL AFVEGEN,,,,,,
3,,WITH – WITHOUT,COM – SEM,CON – SIN,CON – SENZA,AVEC – SANS,MIT – OHNE,あり – なし,あり – なし,ARI – NASHI,MET – ZONDER,,,,,,
3,,CLEAN – DIRTY,LIMPO – SUJO,LIMPIO – SUCIO,PULITO – SPORCO,PROPRE – SALE,SAUBER – SCHMUTZIG,綺麗 – 汚い,きれい – きたない,KIREI – KITANAI,SCHOON – VIES,,,,,,
3,,GET TOWEL – PUT BACK TOWEL,PEGAR TOALHA – DEVOLVER TOALHA,AGARRAR TOALLA – VOLVER A PONER TOALLA,PRENDERE ASCIUGAMANO – RIMETTERE ASCIUGAMANO,PRENDRE SERVIETTE – REMETTRE SERVIETTE,HANDTUCH NEHMEN – ZURÜCKLEGEN,タオルを取る – 戻す,たおるをとる – もどす,TAORU O TORU – MODOSU,HANDDOEK PAKKEN – TERUGLEGGEN,,,,,,
3,,DRINK,BEBER,BEBER,BERE,BOIRE,TRINKEN,飲む,のむ,NOMU,DRINKEN,,,,,,
3,,SHE SAYS – DON’T SPILL MILK ON THE TABLE,ELA DIZ – NÃO DERRAME LEITE NA MESA,ELLA DICE – NO DERRAMES LECHE EN LA MESA,LEI DICE – NON VERSARE IL LATTE SUL TAVOLO,ELLE DIT – NE RENVERSE PAS DE LAIT SUR LA TABLE,SIE SAGT – KEINE MILCH AUF DEN TISCH SCHÜTTEN,彼女は言う「テーブルに牛乳をこぼさないで」,かのじょはいいう「てーぶるにぎゅうにゅうをこぼさないで」,KANOJO WA IU “TE-BURU NI GYUUNYUU O KOBOSANAI DE”,ZIJ ZEGT – MORST GEEN MELK OP DE TAFEL,,,,,,
4,,GET TOWEL,PEGAR TOALHA,AGARRAR TOALLA,PRENDERE ASCIUGAMANO,PRENDRE SERVIETTE,HANDTUCH NEHMEN,タオルを取る,たおるをとる,TAORU O TORU,HANDDOEK PAKKEN,,,,,,
4,,APPLE,MAÇÃ,MANZANA,MELA,POMME,APFEL,林檎,りんご,RINGO,APPEL,,,,,,
4,,GET APPLE,PEGAR MAÇÃ,AGARRAR MANZANA,PRENDERE MELA,PRENDRE POMME,APFEL NEHMEN,林檎を取る,りんごをとる,RINGO O TORU,APPEL PAKKEN,,,,,,
4,,CHOKE,ENGASGAR,ATRAGANTARSE,SOFFOCARE,S’ÉTOUFFER,ERSTICKEN,母せる,もせる,MUSERU,VERSTIKKEN,,,,,,
4,,CHOKE ON APPLE,ENGASGAR COM MAÇÃ,ATRAGANTARSE CON MANZANA,SOFFOCARE CON LA MELA,S’ÉTOUFFER AVEC UNE POMME,SICH AN EINEM APFEL VERSCHLUCKEN,林檎で母せる,りんごでもせる,RINGO DE MUSERU,ZICH VERSTIKKEN IN APPEL,,,,,,
4,,DRINK WATER,BEBER ÁGUA,BEBER AGUA,BERE ACQUA,BOIRE DE L’EAU,WASSER TRINKEN,水を飲む,みずをのむ,MIZU O NOMU,WATER DRINKEN,,,,,,
4,,DRINK MORE WATER,BEBER MAIS ÁGUA,BEBER MÁS AGUA,BERE PIÙ ACQUA,BOIRE PLUS D’EAU,MEHR WASSER TRINKEN,もっと水を飲む,もっとみずをのむ,MOTTO MIZU O NOMU,MEER WATER DRINKEN,,,,,,
4,,SWALLOW,ENGOLIR,TRAGAR,INGOIARE,AVALER,SCHLUCKEN,飲み込む,のみこむ,NOMIKOMU,DOORSLIKKEN,,,,,,
4,,FEEL BETTER,SENTIR-SE MELHOR,SENTIRSE MEJOR,SENTIRSI MEGLIO,SE SENTIR MIEUX,SICH BESSER FÜHLEN,楽になる,らくになる,RAKU NI NARU,ZICH BETER VOELEN,,,,,,
4,,SMILE,SORRISO,SONRISA,SORRISO,SOURIRE,LÄCHELN,笑顔,えがお,EGAO,GLIMLACH,,,,,,
5,,BOWL,TIGELA,BOL,CIOTOLA,BOL,BOWL,ボール,ぼーる,BO-RU,KOM,,,,,,
5,,OATMEAL,AVEIA,AVENA,AVENA,FLOCONS D’AVOINE,HAFERFLOCKEN,覗く,おーとみる,O-TO MI-RU,HAVERMOUT,,,,,,
5,,BOWL OF OATMEAL,TIGELA DE AVEIA,BOL DE AVENA,CIOTOLA DI AVENA,BOL DE FLOCONS D’AVOINE,SCHÜSSEL MIT HAFERFLOCKEN,覗くのボール,おーとみるのぼーる,O-TO MI-RU NO BO-RU,KOM MET HAVERMOUT,,,,,,
5,,MICROWAVE,MICRO-ONDAS,MICROONDAS,MICROONDE,FOUR À MICRO-ONDES,MIKROWELLE,電子レンジ,でんしれんじ,DENSHI RENJI,MAGNETRON,,,,,,
5,,PUT BOWL IN MICROWAVE,COLOCAR TIGELA NO MICRO-ONDAS,PONER BOL EN EL MICROONDAS,METTERE LA CIOTOLA NEL MICROONDE,METTRE LE BOL AU MICRO-ONDES,SCHÜSSEL IN DIE MIKROWELLE STELLEN,ボールを電子レンジに入れる,ぼーるをでんしれんじにいれる,BO-RU O DENSHI RENJI NI IRERU,KOM IN MAGNETRON ZETTEN,,,,,,
5,,WAIT,ESPERAR,ESPERAR,ASPETTARE,ATTENDRE,WARTEN,待つ,まつ,MATSU,WACHTEN,,,,,,
5,,WAIT SIXTY SECONDS,ESPERAR SESSENTA SEGUNDOS,ESPERAR SESENTA SEGUNDOS,ASPETTARE SESSANTA SECONDI,ATTENDRE SOIXANTE SECONDES,SECHZIG SEKUNDEN WARTEN,60秒待つ,ろくじゅうびょうまつ,ROKUJUU BYOU MATSU,ZESTIG SECONDEN WACHTEN,,,,,,
5,,FOOD,COMIDA,COMIDA,CIBO,NOURRITURE,ESSEN,食べ物,たべもの,TABEMONO,ETEN,,,,,,
5,,FOOD IS READY,COMIDA ESTÁ PRONTA,LA COMIDA ESTÁ LISTA,IL CIBO È PRONTO,LA NOURRITURE EST PRÊTE,DAS ESSEN IST FERTIG,食べ物ができた,たべものができた,TABEMONO GA DEKITA,HET ETEN IS KLAAR,,,,,,
5,,SPOON ,COLHER,CUCHARA,CUCCHIAIO,CUILLÈRE,LÖFFEL,スプーン,すぷーん,SUPU-N,LEPEL,,,,,,
5,,SUGAR,AÇÚCAR,AZÚCAR,ZUCCHERO,SUCRE,ZUCKER,砂糖,さとう,SATOU,SUIKER,,,,,,
5,,PUT SUGAR IN OATMEAL,COLOCAR AÇÚCAR NA AVEIA,PONER AZÚCAR EN LA AVENA,METTERE ZUCCHERO NELL’AVENA,METTRE DU SUCRE DANS L’AVOINE,ZUCKER IN DIE HAFERFLOCKEN GEBEN,覗くに砂糖を入れる,おーとみるにさとうをいれる,O-TO MI-RU NI SATOU O IRERU,SUIKER IN HAVERMOUT DOEN,,,,,,
5,,WITH A SPOON ,COM UMA COLHER,CON UNA CUCHARA,CON UN CUCCHIAIO,AVEC UNE CUILLÈRE,MIT EINEM LÖFFEL,スプーンで,すぷーんで,SUPU-N DE,MET EEN LEPEL,,,,,,
5,,HONEY,MEL,MIEL,MIELE,MIEL,HONIG,蜂蜜,はちみつ,HACHIMITSU,HONING,,,,,,
5,,PUT HONEY ON THE OATMEAL,COLOCAR MEL NA AVEIA,PONER MIEL SOBRE LA AVENA,METTERE MIELE SULL’AVENA,METTRE DU MIEL SUR L’AVOINE,HONIG AUF DIE HAFERFLOCKEN GEBEN,覗くに蜂蜜をかける,おーとみるにはちみつをかける,O-TO MI-RU NI HACHIMITSU O KAKERU,HONING OP HAVERMOUT DOEN,,,,,,
5,,SCOOP ,???,SCOOP,PRENDERE,PRENDRE,SCHÖPFEN,すくう,すくう,SUKUU,OPSCHPPEN,,,,,,
5,,ICE CREAM,SORVETE,HELADO,GELATO,GLACE,EISCREME,アイスクリーム,あいすくりーむ,AISU KURI-MU,IJS,,,,,,
5,,SCOOP ICE CREAM WITH SPOON,PEGAR SORVETE COM COLHER,COGER HELADO CON CUCHARA,PRENDERE GELATO CON CUCCHIAIO,PRENDRE DE LA GLACE AVEC UNE CUILLÈRE,EIS MIT LÖFFEL NEHMEN,スプーンでアイスをすくう,すぷーんであいすをすくう,SUPU-N DE AISU O SUKUU,IJS MET LEPEL OPSCHEPPEN,,,,,,
5,,EAT ,COMER,COMER,MANGIARE,MANGER,ESSEN,食べる,たべる,TABERU,ETEN,,,,,,
5,,EAT APPLE,COMER MAÇÃ,COMER MANZANA,MANGIARE MELA,MANGER UNE POMME,APFEL ESSEN,林檎を食べる,りんごをたべる,RINGO O TABERU,APPEL ETEN,,,,,,
5,,EAT OATMEAL,COMER AVEIA,COMER AVENA,MANGIARE AVENA,MANGER DE L’AVOINE,HAFERFLOCKEN ESSEN,覗くを食べる,おーとみるをたべる,O-TO MI-RU O TABERU,HAVERMOUT ETEN,,,,,,
5,,ONE SPOON – TWO SPOONS,UMA COLHER – DUAS COLHERES,UNA CUCHARA – DOS CUCHARAS,UN CUCCHIAIO – DUE CUCCHIAI,UNE CUILLÈRE – DEUX CUILLÈRES,EIN LÖFFEL – ZWEI LÖFFEL,スプーンいっぱい – 二杯,すぷーんいっぱい – にはい,SUPU-N IPPAI – NIHAl,ÉÉN LEPEL – TWEE LEPELS,,,,,,
5,,CHEW,MASTIGAR,MASTICAR,MASTICARE,MÂCHER,KAUEN,噛む,かむ,KAMU,KAUWEN,,,,,,
6,,WAKE UP,ACORDAR,DESPERTAR,SVEGLIARSI,SE RÉVEILLER,AUFWACHEN,起きる,おきる,OKIRU,ONTWAKEN,,,,,,
6,,WALK – RUN,ANDAR – CORRER,CAMINAR – CORRER,CAMMINARE – CORRERE,MARCHER – COURIR,GEHEN – RENNEN,歩く – 走る,あるく – はしる,ARUKU – HASHIRU,LOPEN – RENNEN,,,,,,
6,,KITCHEN,COZINHA,COCINA,CUCINA,CUISINE,KÜCHE,キッチン,きっちん,KITCHIN,KEUKEN,,,,,,
6,,LIVING ROOM,SALA DE ESTAR,SALA DE ESTAR,SALOTTO,SALON,WOHNZIMMER,リビング,りびんぐ,RIBINGU,WOONKAMER,,,,,,
6,,FILL – EMPTY,ENCHER – ESVAZIAR,LLENAR – VACIAR,RIEMPIRE – SVUOTARE,REMPLIR – VIDER,FÜLLEN – LEEREN,満たす – 空にする,みたす – からにする,MITASU – KARA NI SURU,VULLEN – LEEGMAKEN,,,,,,
6,,COFFEE,CAFÉ,CAFÉ,CAFFÈ,CAFÉ,KAFFEE,コーヒー,こーひー,KO-HI-,KOFFIE,,,,,,
6,,COFFEE MACHINE,MÁQUINA DE CAFÉ,CAFETERA,MACCHINA DEL CAFFÈ,MACHINE À CAFÉ,KAFFEEMASCHINE,コーヒーメーカー,こーひーめーかー,KO-HI- ME-KA-,KOFFIEMACHINE,,,,,,
6,,JUICE,SUCO,ZUMO,SUCCO,JUS,SAFT,ジュース,じゅーす,JUU-SU,SAP,,,,,,
6,,FILL COFFEE MACHINE WITH JUICE,ENCHER MÁQUINA DE CAFÉ COM SUCO,LLENAR CAFETERA CON ZUMO,RIEMPIRE MACCHINA DEL CAFFÈ CON SUCCO,REMPLIR LA MACHINE À CAFÉ AVEC DU JUS,KAFFEEMASCHINE MIT SAFT FÜLLEN,コーヒーメーカーにジュースを入れる,こーひーめーかーにじゅーすをいれる,KO-HI- ME-KA- NI JUU-SU O IRERU,KOFFIEMACHINE MET SAP VULLEN,,,,,,
6,,FILTER,FILTRO,FILTRO,FILTRO,FILTRE,FILTER,フィルター,ふぃるたー,FIRUTA-,FILTER,,,,,,
6,,IN THE FILTER,NO FILTRO,EN EL FILTRO,NEL FILTRO,DANS LE FILTRE,IM FILTER,フィルターの中に,ふぃるたーのなかに,FIRUTA- NO NAKA NI,IN HET FILTER,,,,,,
6,,TURN ON – TURN OFF,LIGAR – DESLIGAR,ENCENDER – APAGAR,ACCENDERE – SPEGNERE,ALLUMER – ÉTEINDRE,EINSCHALTEN – AUSSCHALTEN,付ける – 消す,つける – けす,TSUKERU – KESU,AANZETTEN – UITZETTEN,,,,,,
6,,TURN ON COFFEE MACHINE,LIGAR MÁQUINA DE CAFÉ,ENCENDER CAFETERA,ACCENDERE MACCHINA DEL CAFFÈ,ALLUMER LA MACHINE À CAFÉ,KAFFEEMASCHINE EINSCHALTEN,コーヒーメーカーを付ける,こーひーめーかーをつける,KO-HI- ME-KA- O TSUKERU,KOFFIEMACHINE AANZETTEN,,,,,,
6,,GOOD SMELL – BAD SMELL,CHEIRO BOM – CHEIRO RUIM,BUEN OLOR – MAL OLOR,BUON ODORE – CATTIVO ODORE,BONNE ODEUR – MAUVAISE ODEUR,GUTER GERUCH – SCHLECHTER GERUCH,良い匂い – 悪い匂い,いいにおい – わるいにおい,II NIOI – WARUI NIOI,GOEDE GEUR – SLECHTE GEUR,,,,,,
6,,COFFEE SMELLS GOOD,CAFÉ CHEIRA BEM,EL CAFÉ HUELE BIEN,IL CAFFÈ HA UN BUON ODORE,LE CAFÉ SENT BON,DER KAFFEE RIECHT GUT,コーヒーは良い匂い,こーひーはいいにおい,KO-HI- WA II NIOI,KOFFIE RUIKT GOED,,,,,,
6,,CUP,XÍCARA,TAZA,TAZZA,TASSE,TASSE,カップ,かっぷ,KAPPU,KOPJE,,,,,,
6,,POUR COFFEE,DESPEJAR CAFÉ,VERTER CAFÉ,VERSARE CAFFÈ,VERSER LE CAFÉ,KAFFEE EINGIESSEN,コーヒーを注ぐ,こーひーをそそぐ,KO-HI- O SOSOGU,KOFFIE INSCHENKEN,,,,,,
6,,POUR COFFEE INTO CUP,DESPEJAR CAFÉ NA XÍCARA,VERTER CAFÉ EN LA TAZA,VERSARE CAFFÈ NELLA TAZZA,VERSER LE CAFÉ DANS LA TASSE,KAFFEE IN DIE TASSE GIESSEN,カップにコーヒーを注ぐ,かっぷにこーひーをそそぐ,KAPPU NI KO-HI- O SOSOGU,KOFFIE IN KOPJE SCHENKEN,,,,,,
6,,SUGAR,AÇÚCAR,AZÚCAR,ZUCCHERO,SUCRE,ZUCKER,砂糖,さとう,SATOU,SUIKER,,,,,,
6,,ADD SUGAR,ADICIONAR AÇÚCAR,AÑADIR AZÚCAR,AGGIUNGERE ZUCCHERO,AJOUTER DU SUCRE,ZUCKER HINZUFÜGEN,砂糖を入れる,さとうをいれる,SATOU O IRERU,SUIKER TOEVOEGEN,,,,,,
6,,MILK,LEITE,LECHE,LATTE,LAIT,MILCH,牛乳,ぎゅうにゅう,GYUUNYUU,MELK,,,,,,
6,,ADD MILK,ADICIONAR LEITE,AÑADIR LECHE,AGGIUNGERE LATTE,AJOUTER DU LAIT,MILCH HINZUFÜGEN,牛乳を入れる,ぎゅうにゅうをいれる,GYUUNYUU O IRERU,MELK TOEVOEGEN,,,,,,
6,,STIR,MEXER,MEZCLAR,MESCOLARE,MÉLANGER,RÜHREN,混ぜる,まぜる,MAZERU,ROEREN,,,,,,
6,,ENJOY,APROVEITAR,DISFRUTAR,GODERE,APPRÉCIER,GENIESSEN,楽しむ,たのしむ,TANOSHIMU,GENIETEN,,,,,,
6,,ENJOY COFFEE,APROVEITAR CAFÉ,DISFRUTAR EL CAFÉ,GODERSI IL CAFFÈ,APPRÉCIER LE CAFÉ,KAFFEE GENIESSEN,コーヒーを楽しむ,こーひーをたのしむ,KOOHII O TANOSHIMU,VAN KOFFIE GENIETEN,,,,,,
7,,HEAR,OUVIR,OÍR,SENTIRE,ENTENDRE,HÖREN,聞く,きく,KIKU,HOREN,,,,,,
7,,CAT,GATO,GATO,GATTO,CHAT,KATZE,猫,ねこ,NEKO,KAT,,,,,,
7,,DOG,CACHORRO,PERRO,CANE,CHIEN,HUND,犬,いぬ,INU,HOND,,,,,,
7,,MEOW,MIADO,MAULLIDO,MIAGOLIO,MIAOU,MIAUEN,にゃー,にゃー,NYAA,MIAUW,,,,,,
7,,BARK,LATIDO,LADRIDO,ABBAIO,ABOIEMENT,BELLEN,ワンワン,わんわん,WAN WAN,BLAFFEN,,,,,,
7,,WALK – RUN,ANDAR – CORRER,CAMINAR – CORRER,CAMMINARE – CORRERE,MARCHER – COURIR,GEHEN – RENNEN,歩く – 走る,あるく – はしる,ARUKU – HASHIRU,LOPEN – RENNEN,,,,,,
7,,GET A TOWEL,PEGAR UMA TOALHA,AGARRAR UNA TOALLA,PRENDERE UN ASCIUGAMANO,PRENDRE UNE SERVIETTE,EIN HANDTUCH HOLEN,タオルを取る,たおるをとる,TAORU O TORU,EEN HANDDOEK PAKKEN,,,,,,
7,,BOWL,TIGELA,BOL,CIOTOLA,BOL,SCHÜSSEL,ボール,ぼーる,BO-RU,KOM,,,,,,
7,,SHELF,PRATELEIRA,ESTANTE,SCAFFALE,ÉTAGÈRE,REGAL,棚,たな,TANA,PLANK,,,,,,
7,,OPEN – CLOSE,ABRIR – FECHAR,ABRIR – CERRAR,APRIRE – CHIUDERE,OUVRIR – FERMER,ÖFFNEN – SCHLIESSEN,開ける – 閉める,あける – しめる,AKERU – SHIMERU,OPENEN – SLUITEN,,,,,,
7,,CAN,LATA,LATA,LATTINA,BOÎTE,DOSE,缶,かん,KAN,BLIK,,,,,,
7,,FOOD,COMIDA,COMIDA,CIBO,NOURRITURE,ESSEN,食べ物,たべもの,TABEMONO,ETEN,,,,,,
7,,CAN OF CAT FOOD,LATA DE COMIDA DE GATO,LATA DE COMIDA PARA GATO,LATTINA DI CIBO PER GATTI,BOÎTE DE NOURRITURE POUR CHAT,DOSENFUTTER FÜR KATZEN,猫の缶詰,ねこのかんづめ,NEKO NO KANZUME,KATTENVOER IN BLIK,,,,,,
7,,PUT CAT FOOD IN BOWL,COLOCAR COMIDA DE GATO NA TIGELA,PONER COMIDA DE GATO EN EL BOL,METTERE CIBO PER GATTI NELLA CIOTOLA,METTRE LA NOURRITURE POUR CHAT DANS LE BOL,KATZENFUTTER IN DIE SCHÜSSEL GEBEN,猫の餌をボールに入れる,ねこのえさをぼーるにいれる,NEKO NO ESA O BO-RU NI IRERU,KATTENVOER IN DE KOM DOEN,,,,,,
7,,POUR CAT FOOD IN BOWL,DESPEJAR COMIDA DE GATO NA TIGELA,VERTER COMIDA DE GATO EN EL BOL,VERSARE CIBO PER GATTI NELLA CIOTOLA,VERSER LA NOURRITURE POUR CHAT DANS LE BOL,KATZENFUTTER IN DIE SCHÜSSEL SCHÜTTEN,猫の餌を注ぐ,ねこのえさをそそぐ,NEKO NO ESA O SOSOGU,KATTENVOER INSCHENKEN,,,,,,
7,,WATER,ÁGUA,AGUA,ACQUA,EAU,WASSER,水,みず,MIZU,WATER,,,,,,
7,,FILL BOWL WITH WATER,ENCHER TIGELA COM ÁGUA,LLENAR EL BOL CON AGUA,RIEMPIRE LA CIOTOLA CON ACQUA,REMPLIR LE BOL D’EAU,DIE SCHÜSSEL MIT WASSER FÜLLEN,ボールに水を入れる,ぼーるにみずをいれる,BO-RU NI MIZU O IRERU,KOM MET WATER VULLEN,,,,,,
7,,THIS – ANOTHER,ISTO – OUTRO,ESTE – OTRO,QUESTO – UN ALTRO,CECI – UN AUTRE,DIESER – EIN ANDERER,これ – 別の,これ – べつの,KORE – BETSU NO,DIT – EEN ANDERE,,,,,,
7,,THIS BOWL – ANOTHER BOWL,ESTA TIGELA – OUTRA TIGELA,ESTE BOL – OTRO BOL,QUESTA CIOTOLA – UN’ALTRA CIOTOLA,CE BOL – UN AUTRE BOL,DIESE SCHÜSSEL – EINE ANDERE SCHÜSSEL,このボール – 別のボール,このぼーる – べつのぼーる,KONO BO-RU – BETSU NO BO-RU,DEZE KOM – EEN ANDERE KOM,,,,,,
7,,EAT ,COMER,COMER,MANGIARE,MANGER,ESSEN,食べる,たべる,TABERU,ETEN,,,,,,
7,,SLOW – QUICK,DEVAGAR – RÁPIDO,LENTO – RÁPIDO,LENTO – VELOCE,LENT – RAPIDE,LANGSAM – SCHNELL,遅い – 早い,おそい – はやい,OSOI – HAYAI,LANGZAAM – SNEL,,,,,,
7,,MOVE SLOWLY – MOVE QUICKLY,MOVER DEVAGAR – MOVER RÁPIDO,MOVERSE LENTO – MOVERSE RÁPIDO,MUOVERSI LENTAMENTE – VELOCEMENTE,BOUGER LENTEMENT – RAPIDEMENT,SICH LANGSAM – SCHNELL BEWEGEN,ゆっくり動く – 早く動く,ゆっくりうごく – はやくうごく,YUKKURI UGOKU – HAYAKU UGOKU,LANGZAAM – SNEL BEWEGEN,,,,,,
7,,EAT SLOWLY – EAT QUICKLY,COMER DEVAGAR – COMER RÁPIDO,COMER DESPACIO – COMER RÁPIDO,MANGIARE LENTAMENTE – VELOCEMENTE,MANGER LENTEMENT – RAPIDEMENT,LANGSAM – SCHNELL ESSEN,ゆっくり食べる – 早く食べる,ゆっくりたべる – はやくたべる,YUKKURI TABERU – HAYAKU TABERU,LANGZAAM – SNEL ETEN,,,,,,
7,,WATCH TELEVISION,ASSISTIR TELEVISÃO,VER LA TELEVISIÓN,GUARDARE LA TELEVISIONE,REGARDER LA TÉLÉVISION,FERNSEHEN,テレビを見る,てれびをみる,TEREBI O MIRU,TELEVISIE KIJKEN,,,,,,
7,,WATCH CAT,OBSERVAR O GATO,MIRAR AL GATO,GUARDARE IL GATTO,REGARDER LE CHAT,DIE KATZE BEOBACHTEN,猫を見る,ねこをみる,NEKO O MIRU,NAAR DE KAT KIJKEN,,,,,,
7,,FLY ,VOAR,VOLAR,VOLARE,VOLER,FLIEGEN,飛ぶ,とぶ,TOBU,VLIEGEN,,,,,,
7,,SEE A BIRD FLY,VER UM PÁSSARO VOAR,VER UN PÁJARO VOLAR,VEDERE UN UCCELLO VOLARE,VOIR UN OISEAU VOLER,EINEN VOGEL FLIEGEN SEHEN,鳥が飛ぶのを見る,とりがとぶのをみる,TORI GA TOBU NO O MIRU,EEN VOGEL ZIEN VLIEGEN,,,,,,
7,,EAT THE FOOD,COMER A COMIDA,COMER LA COMIDA,MANGIARE IL CIBO,MANGER LA NOURRITURE,DAS ESSEN ESSEN,食べ物を食べる,たべものをたべる,TABEMONO O TABERU,HET ETEN ETEN,,,,,,
7,,FINISH,TERMINAR,TERMINAR,FINIRE,TERMINER,BEENDEN,終わる,おわる,OWARU,AFMAKEN,,,,,,
7,,START,COMEÇAR,EMPEZAR,INIZIARE,COMMENCER,BEGINNEN,始める,はじめる,HAJIMERU,BEGINNEN,,,,,,
7,,LICK,LAMBER,LAMER,LECCARE,LÉCHER,LECKEN,舐める,なめる,NAMERU,LIKKEN,,,,,,
7,,POPSICLE,PICOLÉ,POLO,GHIACCIOLI,GLACE,STIELEIS,アイスキャンディー,あいすきゃんでぃー,AISU KYANDI-,IJSJE,,,,,,
7,,LICK POPSICLE,LAMBER PICOLÉ,LAMER POLO,LECCARE UN GHIACCIOLI,LÉCHER UNE GLACE,STIELEIS LECKEN,アイスを舐める,あいすをなめる,AISU O NAMERU,IJSJE LIKKEN,,,,,,
7,,PAW,PATA,PATA,ZAMPA,PATTE,PFOTE,足,あし,ASHI,POOT,,,,,,
7,,AN ANIMAL,UM ANIMAL,UN ANIMAL,UN ANIMALE,UN ANIMAL,EIN TIER,動物,どうぶつ,DOUBUTSU,DIER,,,,,,
7,,PET  ,ANIMAL DE ESTIMAÇÃO,MASCOTA,ANIMALE DOMESTICO,ANIMAL DE COMPAGNIE,HAUSTIER,ペット,ぺっと,PETTO,HUISDIER,,,,,,
7,,PET - ANIMAL,ANIMAL DE ESTIMAÇÃO – ANIMAL,MASCOTA – ANIMAL,ANIMALE DOMESTICO – ANIMALE,ANIMAL DE COMPAGNIE – ANIMAL,HAUSTIER – TIER,ペット – 動物,ぺっと – どうぶつ,PETTO – DOUBUTSU,HUISDIER – DIER,,,,,,
8,,TOWEL,TOALHA,TOALLA,ASCIUGAMANO,SERVIETTE,HANDTUCH,タオル,たおる,TAORU,HANDDOEK,,,,,,
8,,GET A TOWEL,PEGAR UMA TOALHA,AGARRAR UNA TOALLA,PRENDERE UN ASCIUGAMANO,PRENDRE UNE SERVIETTE,EIN HANDTUCH HOLEN,タオルを取る,たおるをとる,TAORU O TORU,EEN HANDDOEK PAKKEN,,,,,,
8,,BOWL,TIGELA,BOL,CIOTOLA,BOL,SCHÜSSEL,ボール,ぼーる,BO-RU,KOM,,,,,,
8,,BOWL OF RICE,TIGELA DE ARROZ,BOL DE ARROZ,CIOTOLA DI RISO,BOL DE RIZ,SCHÜSSEL MIT REIS,ご飯のボール,ごはんのぼーる,GOHAN NO BO-RU,KOM RIJST,,,,,,
8,,SPOON ,COLHER,CUCHARA,CUCCHIAIO,CUILLÈRE,LÖFFEL,スプーン,すぷーん,SUPU-N,LEPEL,,,,,,
8,,PLATE,PRATO,PLATO,PIATTO,ASSIETTE,TELLER,皿,さら,SARA,BORD,,,,,,
8,,"BOWL, A SPOON, AND A PLATE",TIGELA, COLHER E PRATO,BOL, CUCHARA Y PLATO,CIOTOLA,皿,さら, CUILLÈRE ET ASSIETTE,SCHÜSSEL, LÖFFEL UND TELLER,??????????,???????????,BO-RU TO SUPU-N TO SARA,KOM, LEPEL EN BORD
8,,OPEN – CLOSE,ABRIR – FECHAR,ABRIR – CERRAR,APRIRE – CHIUDERE,OUVRIR – FERMER,ÖFFNEN – SCHLIESSEN,開ける – 閉める,あける – しめる,AKERU – SHIMERU,OPENEN – SLUITEN,,,,,,
8,,POT,PANELA,OLLA,PENTOLA,CASSEROLE,TOPF,鍋,なべ,NABE,PAN,,,,,,
8,,POT OF RICE,PANELA DE ARROZ,OLLA DE ARROZ,PENTOLA DI RISO,CASSEROLE DE RIZ,REISTOPF,ご飯の鍋,ごはんのなべ,GOHAN NO NABE,RIJSTPAN,,,,,,
8,,MILK,LEITE,LECHE,LATTE,LAIT,MILCH,牛乳,ぎゅうにゅう,GYUUNYUU,MELK,,,,,,
8,,SPILL MILK,DERRAMAR LEITE,DERRAMAR LECHE,ROVERSCIARE LATTE,RENVERSER LE LAIT,MILCH VERSCHÜTTEN,牛乳をこぼす,ぎゅうにゅうをこぼす,GYUUNYUU O KOBOSU,MELK MORSSEN,,,,,,
8,,SPILL MILK ON THE TABLE,DERRAMAR LEITE NA MESA,DERRAMAR LECHE EN LA MESA,ROVERSCIARE LATTE SUL TAVOLO,RENVERSER LE LAIT SUR LA TABLE,MILCH AUF DEN TISCH VERSCHÜTTEN,テーブルに牛乳をこぼす,てーぶるにぎゅうにゅうをこぼす,TE-BURU NI GYUUNYUU O KOBOSU,MELK OP TAFEL MORSSEN,,,,,,
8,,SPILL RICE ON TABLE,DERRAMAR ARROZ NA MESA,DERRAMAR ARROZ EN LA MESA,ROVERSCIARE RISO SUL TAVOLO,RENVERSER LE RIZ SUR LA TABLE,REIS AUF DEN TISCH VERSCHÜTTEN,テーブルにご飯をこぼす,てーぶるにごはんをこぼす,TE-BURU NI GOHAN O KOBOSU,RIJST OP TAFEL MORSSEN,,,,,,
8,,IN THE BOX – ON THE BOX,NA CAIXA – SOBRE A CAIXA,EN LA CAJA – SOBRE LA CAJA,NELLA SCATOLA – SULLA SCATOLA,DANS LA BOÎTE – SUR LA BOÎTE,IN DER KISTE – AUF DER KISTE,箱の中 – 上,はこのなか – うえ,HAKO NO NAKA – UE,IN DE DOOS – OP DE DOOS,,,,,,
8,,ON THE TABLE,SOBRE A MESA,SOBRE LA MESA,SUL TAVOLO,SUR LA TABLE,AUF DEM TISCH,テーブルの上,てーぶるのうえ,TE-BURU NO UE,OP DE TAFEL,,,,,,
8,,FROM BRAZIL – TO GERMANY,DO BRASIL – PARA A ALEMANHA,DE BRASIL – A ALEMANIA,DAL BRASILE – ALLA GERMANIA,DU BRÉSIL – EN ALLEMAGNE,AUS BRASILIEN – NACH DEUTSCHLAND,ブラジルからドイツへ,ぶらじるからどいつへ,BURAJIRU KARA DOITSU E,VAN BRAZILIË NAAR DUITSLAND,,,,,,
8,,FROM THE PLATE,DO PRATO,DEL PLATO,DAL PIATTO,DE L’ASSIETTE,VOM TELLER,皿から,さらから,SARA KARA,VAN HET BORD,,,,,,
8,,SALT,SAL,SAL,SAL,SSEL,SALZ,塩,しお,SHIO,ZOUT,,,,,,
8,,PUT SALT IN BOWL WITH A SPOON,COLOCAR SAL NA TIGELA COM COLHER,PONER SAL EN EL BOL CON CUCHARA,METTERE SALE NELLA CIOTOLA CON UN CUCCHIAIO,METTRE DU SEL DANS LE BOL AVEC UNE CUILLÈRE,SALZ MIT LÖFFEL IN DIE SCHÜSSEL GEBEN,スプーンで塩を入れる,すぷーんでしおをいれる,SUPU-N DE SHIO O IRERU,ZOUT MET LEPEL TOEVOEGEN,,,,,,
8,,GET WATER,PEGAR ÁGUA,COGER AGUA,PRENDERE ACQUA,PRENDRE DE L’EAU,WASSER HOLEN,水を取る,みずをとる,MIZU O TORU,WATER HALEN,,,,,,
8,,POUR WATER IN THE BOWL,DESPEJAR ÁGUA NA TIGELA,VERTER AGUA EN EL BOL,VERSARE ACQUA NELLA CIOTOLA,VERSER DE L’EAU DANS LE BOL,WASSER IN DIE SCHÜSSEL GIESSEN,ボールに水を注ぐ,ぼーるにみずをそそぐ,BO-RU NI MIZU O SOSOGU,WATER IN KOM GIETEN,,,,,,
8,,EAT FOOD,COMER COMIDA,COMER COMIDA,MANGIARE CIBO,MANGER DE LA NOURRITURE,ESSEN ESSEN,食べ物を食べる,たべものをたべる,TABEMONO O TABERU,ETEN ETEN,,,,,,
8,,"EAT RICE WITH RICE WITH WATER, AND SALT",COMER ARROZ COM ÁGUA E SAL,COMER ARROZ CON AGUA Y SAL,MANGIARE RISO CON ACQUA E SALE,MANGER DU RIZ AVEC DE L’EAU ET DU SEL,REIS MIT WASSER UND SALZ ESSEN,水と塩でご飯を食べる,みずとしおでごはんをたべる,MIZU TO SHIO DE GOHAN O TABERU,RIJST MET WATER EN ZOUT ETEN,,,,,,
8,,CHEW,MASTIGAR,MASTICAR,MASTICARE,MÂCHER,KAUEN,噛む,かむ,KAMU,KAUWEN,,,,,,
8,,SWALLOW,ENGOLIR,TRAGAR,INGHIOTTIRE,AVALER,SCHLUCKEN,飲み込む,のみこむ,NOMIKOMU,DOORSLIKKEN,,,,,,
9,,GET – GRAB,PEGAR – AGARRAR,COGER – AGARRAR,PRENDERE – AFFERRARE,PRENDRE – SAISIR,NEHMEN – GREIFEN,取る – 掴む,とる – つかむ,TORU – TSUKAMU,PAKKEN – GRIJPEN,,,,,,
9,,BOOK,LIVRO,LIBRO,LIBRO,LIVRE,BUCH,本,ほん,HON,BOEK,,,,,,
9,,A BOOK – THE BOOK,UM LIVRO – O LIVRO,UN LIBRO – EL LIBRO,UN LIBRO – IL LIBRO,UN LIVRE – LE LIVRE,EIN BUCH – DAS BUCH,本 – その本,ほん – そのほん,HON – SONO HON,EEN BOEK – HET BOEK,,,,,,
9,,FROM BRAZIL – TO GERMANY,DO BRASIL – PARA A ALEMANHA,DE BRASIL – A ALEMANIA,DAL BRASILE – ALLA GERMANIA,DU BRÉSIL – EN ALLEMAGNE,AUS BRASILIEN – NACH DEUTSCHLAND,ブラジルからドイツへ,ぶらじるからどいつへ,BURAJIRU KARA DOITSU E,VAN BRAZILIË NAAR DUITSLAND,,,,,,
9,,THE SHELF,A PRATELEIRA,EL ESTANTE,LO SCAFFALE,L’ÉTAGÈRE,DAS REGAL,棚,たな,TANA,DE PLANK,,,,,,
9,,GET BOOK FROM SHELF,PEGAR LIVRO DA PRATELEIRA,COGER LIBRO DEL ESTANTE,PRENDERE LIBRO DALLO SCAFFALE,PRENDRE LE LIVRE DE L’ÉTAGÈRE,BUCH AUS DEM REGAL NEHMEN,棚から本を取る,たなからほんをとる,TANA KARA HON O TORU,BOEK VAN DE PLANK PAKKEN,,,,,,
9,,WALK – RUN,ANDAR – CORRER,CAMINAR – CORRER,CAMMINARE – CORRERE,MARCHER – COURIR,GEHEN – RENNEN,歩く – 走る,あるく – はしる,ARUKU – HASHIRU,LOPEN – RENNEN,,,,,,
9,,COMFORTABLE – UNCOMFORTABLE,CONFORTÁVEL – DESCONFORTÁVEL,CÓMODO – INCÓMODO,COMODO – SCOMODO,CONFORTABLE – INCONFORTABLE,BEQUEM – UNBEQUEM,快適 – 深い,かいてき – ふかい,KAITEKI – FUKAI,COMFORTABEL – ONGEMAKKELIJK,,,,,,
9,,CHAIR,CADEIRA,SILLA,SEDIA,CHAISE,STUHL,椅子,いす,ISU,STOEL,,,,,,
9,,COMFORTABLE CHAIR – UNCOMFORTABLE CHAIR,CADEIRA CONFORTÁVEL – DESCONFORTÁVEL,SILLA CÓMODA – INCÓMODA,SEDIA COMODA – SCOMODA,CHAISE CONFORTABLE – INCONFORTABLE,BEQUEMER – UNBEQUEMER STUHL,快適な椅子 – 深いな椅子,かいてきないいす – ふかいないす,KAITEKI NA ISU – FUKAI NA ISU,COMFORTABELE STOEL – ONGEMAKKELIJKE STOEL,,,,,,
9,,OPEN – CLOSE,ABRIR – FECHAR,ABRIR – CERRAR,APRIRE – CHIUDERE,OUVRIR – FERMER,ÖFFNEN – SCHLIESSEN,開ける – 閉める,あける – しめる,AKERU – SHIMERU,OPENEN – SLUITEN,,,,,,
9,,OPEN THE BOOK,ABRIR O LIVRO,ABRIR EL LIBRO,APRIRE IL LIBRO,OUVRIR LE LIVRE,DAS BUCH ÖFFNEN,本を開く,ほんをひらく,HON O HIRAKU,BOEK OPENEN,,,,,,
9,,READ,LER,LEER,LEGGERE,LIRE,LESEN,読む,よむ,YOMU,LEZEN,,,,,,
9,,FIRST – SECOND,PRIMEIRO – SEGUNDO,PRIMERO – SEGUNDO,PRIMO – SECONDO,PREMIER – DEUXIÈME,ERSTE – ZWEITE,最初 – 二番目,さいしょ – にばんめ,SAISHO – NIBANME,EERSTE – TWEEDE,,,,,,
9,,PAGE,PÁGINA,PÁGINA,PAGINA,PAGE,SEITE,ページ,ぺーじ,P?JI,PAGINA,,,,,,
9,,FIRST PAGE,PRIMEIRA PÁGINA,PRIMERA PÁGINA,PRIMA PAGINA,PREMIÈRE PAGE,ERSTE SEITE,最初のページ,さいしょのぺーじ,SAISHO NO P?JI,EERSTE PAGINA,,,,,,
9,,CAREFULLY – CARELESSLY,CUIDADOSAMENTE – DESCUIDADAMENTE,CON CUIDADO – SIN CUIDADO,CON CURA – SENZA CURA,AVEC SOIN – SANS SOIN,SORGFÄLTIG – UNACHTSAM,注意書き – いい加減に,ちゅういぶかく – いいかげんに,CHUUIBUKAKU – IIKAGEN NI,ZORGVULDIG – SLOORDIG,,,,,,
9,,FLIP,VIRAR,PASAR,GIRARE,TOURNER,UMBLÄTTERN,捲る,めくる,MEKURU,OMSLAAN,,,,,,
9,,FLIP THE PAGE,VIRAR A PÁGINA,PASAR LA PÁGINA,GIRARE LA PAGINA,TOURNER LA PAGE,SEITE UMBLÄTTERN,ページを捲る,ぺーじをめくる,P?JI O MEKURU,PAGINA OMSLAAN,,,,,,
9,,FINISH – START,TERMINAR – COMEÇAR,TERMINAR – EMPEZAR,FINIRE – INIZIARE,FINIR – COMMENCER,BEENDEN – BEGINNEN,終わる – 始める,おわる – はじめる,OWARU – HAJIMERU,AFMAKEN – BEGINNEN,,,,,,
9,,FINISHES READING,TERMINA DE LER,TERMINA DE LEER,FINISCE DI LEGGERE,FINIT DE LIRE,BEENDET DAS LESEN,読み終わる,よみおわる,YOMI OWARU,UITGELEZEN ZIJN,,,,,,
9,,STORY,HISTÓRIA,HISTORIA,STORIA,HISTOIRE,GESCHICHTE,物語,ものがたり,MONOGATARI,VERHAAL,,,,,,
9,,STORY OF CINDERELLA,HISTÓRIA DA CINDERELA,HISTORIA DE CENICIENTA,STORIA DI CENERENTOLA,HISTOIRE DE CENDRILLON,GESCHICHTE VON ASCHENPUTTEL,シンデレラの物語,しんでれらのものがたり,SHINDERERA NO MONOGATARI,VERHAAL VAN ASSEPOESTER,,,,,,
10,,WALK – RUN,ANDAR – CORRER,CAMINAR – CORRER,CAMMINARE – CORRERE,MARCHER – COURIR,GEHEN – RENNEN,歩く – 走る,あるく – はしる,ARUKU – HASHIRU,LOPEN – RENNEN,,,,,,
10,,KITCHEN,COZINHA,COCINA,CUCINA,CUISINE,KÜCHE,台所,だいどころ,DAIDOKORO,KEUKEN,,,,,,
10,,LIVING ROOM,SALA DE ESTAR,SALA DE ESTAR,SOGGIORNO,SALON,WOHNZIMMER,今,いま,IMA,WOONKAMER,,,,,,
10,,TEA,CHÁ,TÉ,TÈ,THÉ,TEE,お茶,おちゃ,OCHA,THEE,,,,,,
10,,BAG,SACO,BOLSA,SACCHETTO,SACHET,TÜTE,袋,ふくろ,FUKURO,ZAK,,,,,,
10,,TEA BAG,SACHÊ DE CHÁ,BOLSA DE TÉ,BUSTINA DI TÈ,SACHET DE THÉ,TEEBEUTEL,ティーバッグ,てぃーばっぐ,TI- BAGGU,THEEZAKJE,,,,,,
10,,PUT BOOK ON TABLE,COLOCAR LIVRO NA MESA,PONER LIBRO EN LA MESA,METTERE IL LIBRO SUL TAVOLO,POSER LE LIVRE SUR LA TABLE,BUCH AUF DEN TISCH LEGEN,本をテーブルに置く,ほんをてーぶるにおく,HON O TE-BURU NI OKU,BOEK OP TAFEL LEGGEN,,,,,,
10,,ON THE BOX – IN THE BOX,NA CAIXA – DENTRO DA CAIXA,EN LA CAJA – EN LA CAJA,NELLA SCATOLA – DENTRO LA SCATOLA,SUR LA BOÎTE – DANS LA BOÎTE,AUF DER KISTE – IN DER KISTE,箱の上 – 中,はこのうえ – なか,HAKO NO UE – NAKA,OP DE DOOS – IN DE DOOS,,,,,,
10,,CUP PUT TEA BAG IN THE CUP,COPO COLOCAR SACHÊ DE CHÁ NO COPO,PONER BOLSA DE TÉ EN LA TAZA,METTERE LA BUSTINA NELLA TAZZA,METTRE LE SACHET DANS LA TASSE,TEEBEUTEL IN DIE TASSE LEGEN,カップにティーバッグを入れる,かっぷにてぃーばっぐをいれる,KAPPU NI TI-BAGGU O IRERU,THEEZAKJE IN KOP DOEN,,,,,,
10,,GET TOWEL,PEGAR TOALHA,AGARRAR TOALLA,PRENDERE ASCIUGAMANO,PRENDRE SERVIETTE,HANDTUCH HOLEN,タオルを取る,たおるをとる,TAORU O TORU,HANDDOEK PAKKEN,,,,,,
10,,KETTLE ,CHALEIRA,HERVIDOR,BOLLITORE,BOUILLOIRE,WASSERKOCHER,薬缶,やかん,YAKAN,WATERKOKER,,,,,,
10,,TEA KETTLE,CHALEIRA DE CHÁ,HERVIDOR DE TÉ,BOLLITORE PER TÈ,BOUILLOIRE À THÉ,TEEKESSEL,ティーケトル,てぃーけとる,TI-KETORU,THEEKETEL,,,,,,
10,,GET TEA KETTLE,PEGAR CHALEIRA,COGER HERVIDOR,PRENDERE BOLLITORE,PRENDRE LA BOUILLOIRE,WASSERKOCHER HOLEN,薬缶を取る,やかんをとる,YAKAN O TORU,THEEKETEL PAKKEN,,,,,,
10,,PUT WATER IN TEA KETTLE,COLOCAR ÁGUA NA CHALEIRA,PONER AGUA EN EL HERVIDOR,METTERE ACQUA NEL BOLLITORE,METTRE DE L’EAU DANS LA BOUILLOIRE,WASSER IN DEN KOCHER GEBEN,薬缶に水を入れる,やかんにみずをいれる,YAKAN NI MIZU O IRERU,WATER IN KETEL DOEN,,,,,,
10,,STOVE,FOGÃO,COCINA,FORNELLO,CUISINIÈRE,HERD,コンロ,こんろ,KONRO,FORNUIS,,,,,,
10,,PUT TEA KETTLE ON THE STOVE,COLOCAR CHALEIRA NO FOGÃO,PONER HERVIDOR EN LA COCINA,METTERE IL BOLLITORE SUL FORNELLO,POSER LA BOUILLOIRE SUR LA CUISINIÈRE,WASSERKOCHER AUF DEN HERD STELLEN,薬缶をコンロに置く,やかんをこんろにおく,YAKAN O KONRO NI OKU,THEEKETEL OP FORNUIS ZETTEN,,,,,,
10,,TURN ON – TURN OFF,LIGAR – DESLIGAR,ENCENDER – APAGAR,ACCENDERE – SPEGNERE,ALLUMER – ÉTEINDRE,EIN – AUS,付ける – 消す,つける – けす,TSUKERU – KESU,AAN – UIT,,,,,,
10,,TURN ON THE STOVE,LIGAR O FOGÃO,ENCENDER LA COCINA,ACCENDERE IL FORNELLO,ALLUMER LA CUISINIÈRE,HERD EINSCHALTEN,コンロを付ける,こんろをつける,KONRO O TSUKERU,FORNUIS AANZETTEN,,,,,,
10,,HOT – COLD,QUENTE – FRIO,CALIENTE – FRÍO,CALDO – FREDDO,CHAUD – FROID,HEISS – KALT,熱い – 冷たい,あつい – つめたい,ATSUI – TSUMETAI,WARM – KOUD,,,,,,
10,,HOT WATER – COLD WATER,ÁGUA QUENTE – ÁGUA FRIA,AGUA CALIENTE – AGUA FRÍA,ACQUA CALDA – ACQUA FREDDA,EAU CHAUDE – EAU FROIDE,HEISSES WASSER – KALTES WASSER,お湯 – 冷たい水,おゆ – つめたいみず,OYU – TSUMETAI MIZU,WARM WATER – KOUD WATER,,,,,,
10,,STEAM,VAPOR,VAPOR,VAPORE,VAPEUR,DAMPF,蒸気,じょうき,JOUKI,STOOM,,,,,,
10,,GO IN – COME OUT,ENTRAR – SAIR,ENTRAR – SALIR,ENTRARE – USCIRE,ENTRER – SORTIR,HINEIN – HERAUS,入る – 出る,はいる – でる,HAIRU – DERU,ERIN – ERUIT,,,,,,
10,,POUR WATER  ,DESPEJAR ÁGUA,VERTER AGUA,VERSARE ACQUA,VERSER DE L’EAU,WASSER GIESSEN,水を注ぐ,みずをそそぐ,MIZU O SOSOGU,WATER GIETEN,,,,,,
10,,POUR HOT WATER IN THE BOWL,DESPEJAR ÁGUA QUENTE NA TIGELA,VERTER AGUA CALIENTE EN EL BOL,VERSARE ACQUA CALDA NELLA CIOTOLA,VERSER DE L’EAU CHAUDE DANS LE BOL,HEISSES WASSER IN DIE SCHÜSSEL GIESSEN,ボールにお湯を注ぐ,ぼーるにおゆをそそぐ,BO-RU NI OYU O SOSOGU,HEET WATER IN KOM GIETEN,,,,,,
10,,POUR HOT WATER IN THE CUP,DESPEJAR ÁGUA QUENTE NO COPO,VERTER AGUA CALIENTE EN LA TAZA,VERSARE ACQUA CALDA NELLA TAZZA,VERSER DE L’EAU CHAUDE DANS LA TASSE,HEISSES WASSER IN DIE TASSE GIESSEN,カップにお湯を注ぐ,かっぷにおゆをそそぐ,KAPPU NI OYU O SOSOGU,HEET WATER IN KOP GIETEN,,,,,,
10,,TAKE OUT – PUT IN,TIRAR – COLOCAR,SACAR – PONER,TOGLIERE – METTERE,RETIRER – METTRE,HERAUSNEHMEN – HINEINTUN,出す – 入れる,だす – いれる,DASU – IRERU,ERUIT HALEN – ERIN DOEN,,,,,,
10,,TAKE OUT TEA BAG OUT OF THE CUP,TIRAR SACHÊ DE CHÁ DO COPO,SACAR BOLSA DE TÉ DE LA TAZA,TOGLIERE LA BUSTINA DALLA TAZZA,RETIRER LE SACHET DE LA TASSE,TEEBEUTEL AUS DER TASSE NEHMEN,カップからティーバッグを取る,かっぷからてぃーばっぐをとる,KAPPU KARA TI-BAGGU O TORU,THEEZAKJE UIT KOP HALEN,,,,,,
10,,DRINK TEA,BEBER CHÁ,BEBER TÉ,BERE TÈ,BOIRE DU THÉ,TEE TRINKEN,お茶を飲む,おちゃをのむ,OCHA O NOMU,THEE DRINKEN,,,,,,
10,,GIVE – TAKE,DAR – PEGAR,DAR – TOMAR,DARE – PRENDERE,DONNER – PRENDRE,GEBEN – NEHMEN,あげる – 取る,あげる – とる,AGERU – TORU,GEVEN – NEMEN,,,,,,
10,,CUP OF TEA,XÍCARA DE CHÁ,TAZA DE TÉ,TAZZA DI TÈ,TASSE DE THÉ,TASSE TEE,お茶のカップ,おちゃのかっぷ,OCHA NO KAPPU,KOP THEE,,,,,,
10,,GIVE A CUP OF TEA,DAR UMA XÍCARA DE CHÁ,DAR UNA TAZA DE TÉ,DARE UNA TAZZA DI TÈ,DONNER UNE TASSE DE THÉ,EINE TASSE TEE GEBEN,お茶を渡す,おちゃをわたす,OCHA O WATASU,EEN KOP THEE GEVEN,,,,,,
10,,FRIEND,AMIGO,AMIGO,AMICO,AMI,FREUND,友達,ともだち,TOMODACHI,VRIEND,,,,,,
10,,GIVE CUP OF TEA TO FRIEND,DAR XÍCARA DE CHÁ AO AMIGO,DAR TAZA DE TÉ AL AMIGO,DARE TAZZA DI TÈ ALL’AMICO,DONNER UNE TASSE DE THÉ À UN AMI,EINEM FREUND TEE GEBEN,友達にお茶をあげる,ともだちにおちゃをあげる,TOMODACHI NI OCHA O AGERU,THEE AAN VRIEND GEVEN,,,,,,
11,,GET A TOWEL,PEGAR TOALHA,AGARRAR TOALLA,PRENDERE ASCIUGAMANO,PRENDRE SERVIETTE,HANDTUCH HOLEN,タオルを取る,たおるをとる,TAORU O TORU,HANDDOEK PAKKEN,,,,,,
11,,FRY,FRITAR,FREÍR,FRIGGERE,FRIRE,BRATEN,あげる,あげる,AGERU,BAKKEN,,,,,,
11,,PAN,PANELA,SARTÉN,PENTOLA,POÊLE,PFANNE,鍋,なべ,NABE,PAN,,,,,,
11,,FRYING PAN,FRIGIDEIRA,SARTÉN,PADella,POÊLE À FRIRE,BRATPFANNE,フライパン,ふらいぱん,FURAIPAN,KOEKENPAN,,,,,,
11,,ONE – TWO,UM – DOIS,UNO – DOS,UNO – DUE,UN – DEUX,EINS – ZWEI,一 – 二,いち – に,ICHI – NI,EEN – TWEE,,,,,,
11,,EGG,OVO,HUEVO,UOVO,OEUF,EI,卵,たまご,TAMAGO,EI,,,,,,
11,,TWO EGGS,DOIS OVOS,DOS HUEVOS,DUE UOVA,DEUX OEUFS,ZWEI EIER,卵二つ,たまごふたつ,TAMAGO FUTATSU,TWEE EIER,,,,,,
11,,PUT BOOK ON TABLE,COLOCAR LIVRO NA MESA,PONER LIBRO EN LA MESA,METTERE IL LIBRO SUL TAVOLO,POSER LE LIVRE SUR LA TABLE,BUCH AUF DEN TISCH LEGEN,本をテーブルに置く,ほんをてーぶるにおく,HON O TE-BURU NI OKU,BOEK OP TAFEL LEGGEN,,,,,,
11,,ON THE BOX – IN THE BOX,NA CAIXA – DENTRO DA CAIXA,EN LA CAJA – EN LA CAJA,NELLA SCATOLA – DENTRO LA SCATOLA,SUR LA BOÎTE – DANS LA BOÎTE,AUF DER KISTE – IN DER KISTE,箱の上 – 中,はこのうえ – なか,HAKO NO UE – NAKA,OP DE DOOS – IN DE DOOS,,,,,,
11,,STOVE,FOGÃO,COCINA,FORNELLO,CUISINIÈRE,HERD,コンロ,こんろ,KONRO,FORNUIS,,,,,,
11,,PUT FRYING PAN ON STOVE,COLOCAR FRIGIDEIRA NO FOGÃO,PONER SARTÉN EN LA COCINA,METTERE LA PADELLA SUL FORNELLO,POSER LA POÊLE SUR LA CUISINIÈRE,PFANNE AUF DEN HERD STELLEN,フライパンをコンロに置く,ふらいぱんをこんろにおく,FURAIPAN O KONRO NI OKU,KOEKENPAN OP FORNUIS ZETTEN,,,,,,
11,,OIL,ÓLEO,ACEITE,OLIO,HUILE,ÖL,油,あぶら,ABURA,OLIE,,,,,,
11,,PUT OIL IN FRYING PAN,COLOCAR ÓLEO NA FRIGIDEIRA,PONER ACEITE EN LA SARTÉN,METTERE OLIO NELLA PADELLA,METTRE DE L’HUILE DANS LA POÊLE,ÖL IN DIE PFANNE GEBEN,フライパンに油を入れる,ふらいぱんにあぶらをいれる,FURAIPAN NI ABURA O IRERU,OLIE IN PAN DOEN,,,,,,
11,,TURN ON – TURN OFF,LIGAR – DESLIGAR,ENCENDER – APAGAR,ACCENDERE – SPEGNERE,ALLUMER – ÉTEINDRE,EIN – AUS,付ける – 消す,つける – けす,TSUKERU – KESU,AAN – UIT,,,,,,
11,,TURN ON STOVE,LIGAR O FOGÃO,ENCENDER LA COCINA,ACCENDERE IL FORNELLO,ALLUMER LA CUISINIÈRE,HERD EINSCHALTEN,コンロを付ける,こんろをつける,KONRO O TSUKERU,FORNUIS AANZETTEN,,,,,,
11,,HOT – COLD,QUENTE – FRIO,CALIENTE – FRÍO,CALDO – FREDDO,CHAUD – FROID,HEISS – KALT,熱い – 冷たい,あつい – つめたい,ATSUI – TSUMETAI,WARM – KOUD,,,,,,
11,,HOT OIL,ÓLEO QUENTE,ACEITE CALIENTE,OLIO CALDO,HUILE CHAUDE,HEISSES ÖL,熱い油,あついあぶら,ATSUI ABURA,HETE OLIE,,,,,,
11,,BOWL,TIGELA,BOL,CIOTOLA,BOL,SCHÜSSEL,ボール,ぼーる,BO-RU,KOM,,,,,,
11,,BREAK,QUEBRAR,ROMPER,ROMPERE,CASSER,BRECHEN,割る,わる,WARU,BREKEN,,,,,,
11,,BREAK EGGS,QUEBRAR OVOS,ROMPER HUEVOS,ROMPERE UOVA,CASSER DES OEUFS,EIER AUFSCHLAGEN,卵を割る,たまごをわる,TAMAGO O WARU,EIER BREKEN,,,,,,
11,,IN THE BOWL,NA TIGELA,EN EL BOL,NELLA CIOTOLA,DANS LE BOL,IN DER SCHÜSSEL,ボールに,ぼーるに,BO-RU NI,IN DE KOM,,,,,,
11,,SALT,SAL,SAL,SAL,SEL,SALZ,塩,しお,SHIO,ZOUT,,,,,,
11,,PUT SALT  ,COLOCAR SAL,PONER SAL,METTERE SALE,METTRE DU SEL,SALZ HINZUFÜGEN,塩を入れる,しおをいれる,SHIO O IRERU,ZOUT TOEVOEGEN,,,,,,
11,,POUR MILK,DESPEJAR LEITE,VERTER LECHE,VERSARE LATTE,VERSER DU LAIT,MILCH GIESSEN,牛乳を注ぐ,ぎゅうにゅうをそそぐ,GYUUNYUU O SOSOGU,MELK GIETEN,,,,,,
11,,STIR,MEXER,MEZCLAR,MESCOLARE,MÉLANGER,RÜHREN,混ぜる,まぜる,MAZERU,ROEREN,,,,,,
11,,STIR EGGS,MEXER OVOS,MEZCLAR HUEVOS,MESCOLARE UOVA,MÉLANGER LES OEUFS,EIER RÜHREN,卵を混ぜる,たまごをまぜる,TAMAGO O MAZERU,EIER ROEREN,,,,,,
11,,POUR EGGS,DESPEJAR OVOS,VERTER HUEVOS,VERSARE UOVA,VERSER LES OEUFS,EIER GIESSEN,卵を入れる,たまごをいれる,TAMAGO O IRERU,EIER TOEVOEGEN,,,,,,
11,,SPOON ,COLHER,CUCHARA,CUCCHIAIO,CUILLÈRE,LÖFFEL,スプーン,すぷーん,SUPU-N,LEPEL,,,,,,
11,,EAT ,COMER,COMER,MANGIARE,MANGER,ESSEN,食べる,たべる,TABERU,ETEN,,,,,,
12,,LIVING ROOM,SALA DE ESTAR,SALA DE ESTAR,SOGGIORNO,SALON,WOHNZIMMER,今,いま,IMA,WOONKAMER,,,,,,
12,,KITCHEN,COZINHA,COCINA,CUCINA,CUISINE,KÜCHE,台所,だいどころ,DAIDOKORO,KEUKEN,,,,,,
12,,SIT – STAND UP,SENTAR – LEVANTAR,SENTARSE – LEVANTARSE,SEDERSI – ALZARSI,S’ASSEOIR – SE LEVER,SITZEN – AUFSTEHEN,座る – 立つ,すわる – たつ,SUWARU – TATSU,ZITTEN – OPSTAAN,,,,,,
12,,RECLINER,POLTRONA,SILLÓN,POLTRONA,FAUTEUIL,SESSEL,リクライナー,りくらいなー,RIKURAINA,LEUNSTOEL,,,,,,
12,,TELEVISION,TELEVISÃO,TELEVISIÓN,TELEVISIONE,TÉLÉVISION,FERNSEHER,テレビ,てれび,TEREBI,TELEVISIE,,,,,,
12,,SING,CANTAR,CANTAR,CANTARE,CHANTER,SINGEN,歌う,うたう,UTAU,ZINGEN,,,,,,
12,,GO BACK TO ORIGIN,VOLTAR À ORIGEM,VOLVER AL ORIGEN,TORNARE ALL’ORIGINE,RETOURNER À L’ORIGINE,ZUM AUSGANG ZURÜCKGEHEN,元の場所に戻る,もとのばしょにもどる,MOTO NO BASHO NI MODORU,TERUG NAAR BEGIN,,,,,,
12,,REFRIGERATOR – FRIDGE,GELADEIRA – REFRIGERADOR,REFRIGERADOR – NEVERA,FRIGORIFERO,RÉFRIGÉRATEUR,KÜHLSCHRANK,冷蔵庫,れいぞうこ,REIZOUKO,KOELKAST,,,,,,
12,,FREEZER,FREEZER,CONGELADOR,FREEZER,CONGÉLATEUR,GEFRIERSCHRANK,冷凍庫,れいとうこ,REITOUKO,VRIEZER,,,,,,
12,,ICE CREAM,SORVETE,HELADO,GELATO,GLACE,EISCREME,アイスクリーム,あいすくりーむ,AISUKURI-MU,IJS,,,,,,
12,,GET ICE CREAM OUT ,PEGAR SORVETE PARA FORA,SACAR HELADO,PRENDERE IL GELATO,PRENDRE LA GLACE,HOL EIS HERAUS,アイスを取り出す,あいすをとりだす,AISU O TORIDASU,IJS PAKKEN,,,,,,
12,,OPEN – CLOSE,ABRIR – FECHAR,ABRIR – CERRAR,APRIRE – CHIUDERE,OUVRIR – FERMER,ÖFFNEN – SCHLIESSEN,開ける – 閉める,あける – しめる,AKERU – SHIMERU,OPENEN – SLUITEN,,,,,,
12,,IN – OUT,DENTRO – FORA,DENTRO – FUERA,DENTRO – FUORI,DEDANS – DEHORS,DRINNEN – DRAUSSEN,中 – 外,なか – そと,NAKA – SOTO,BINNEN – BUITEN,,,,,,
12,,IN THE BOX – OUT OF THE BOX,NA CAIXA – FORA DA CAIXA,EN LA CAJA – FUERA DE LA CAJA,NELLA SCATOLA – FUORI DALLA SCATOLA,DANS LA BOÎTE – HORS DE LA BOÎTE,IN DER BOX – AUS DER BOX,箱の中 – 外,はこのなか – そと,HAKO NO NAKA – SOTO,IN DE DOOS – UIT DE DOOS,,,,,,
12,,PUT ICE CREAM IN BOWL,COLOCAR SORVETE NA TIGELA,PONER HELADO EN EL BOL,METTERE GELATO NELLA CIOTOLA,METTRE LA GLACE DANS LE BOL,EIS IN DIE SCHÜSSEL LEGEN,ボールにアイスを入れる,ぼーるにあいすをいれる,BO-RU NI AISU O IRERU,IJS IN KOM DOEN,,,,,,
12,,WALK – RUN,ANDAR – CORRER,CAMINAR – CORRER,CAMMINARE – CORRERE,MARCHER – COURIR,GEHEN – RENNEN,歩く – 走る,あるく – はしる,ARUKU – HASHIRU,LOPEN – RENNEN,,,,,,
12,,WATCH TELEVISION,ASSISTIR TELEVISÃO,VER TELEVISIÓN,GUARDARE LA TELEVISIONE,REGARDER LA TÉLÉVISION,FERNSEHEN SCHAUEN,テレビを見る,てれびをみる,TEREBI O MIRU,TELEVISIE KIJKEN,,,,,,
12,,EAT ICE CREAM,COMER SORVETE,COMER HELADO,MANGIARE GELATO,MANGER DE LA GLACE,EIS ESSEN,アイスを食べる,あいすをたべる,AISU O TABERU,IJS ETEN,,,,,,
13,,GLASS  ,COPO,VASO,BICCHIERE,VERRE,GLAS,コップ,こっぷ,KOPPU,GLAS,,,,,,
13,,HOLD ,SEGURAR,SOSTENER,TENERE,TENIR,HALTEN,持つ,もつ,MOTSU,VASTHOUDEN,,,,,,
13,,HOLD A GLASS,SEGURAR UM COPO,SOSTENER UN VASO,TENERE UN BICCHIERE,TENIR UN VERRE,EIN GLAS HALTEN,コップを持つ,こっぷをもつ,KOPPU O MOTSU,GLAS VASTHOUDEN,,,,,,
13,,DROP A GLASS,DERRUBAR UM COPO,TIRAR UN VASO,FAR CADERE UN BICCHIERE,LAISSER TOMBER UN VERRE,EIN GLAS FALLEN LASSEN,コップを落とす,こっぷをおとす,KOPPU O OTOSU,GLAS LATEN VALLEN,,,,,,
13,,BREAK,QUEBRAR,ROMPER,ROMPERE,CASSER,BRECHEN,割る,わる,WARU,BREKEN,,,,,,
13,,GLASS BREAKS,COPO QUEBRA,EL VASO SE ROMPE,IL BICCHIERE SI ROMPE,LE VERRE SE CASSE,DAS GLAS BRICHT,コップが割れる,こっぷがわれる,KOPPU GA WARERU,GLAS BREEKT,,,,,,
13,,STEP ,PISAR,PISAR,CALPESTARE,MARCHER,DRAUFTRETEN,踏む,ふむ,FUMU,STAPPEN,,,,,,
13,,STEP BACK,DAR UM PASSO PARA TRÁS,DAR UN PASO ATRÁS,FARE UN PASSO INDIETRO,FAIRE UN PAS EN ARRIÈRE,EINEN SCHRITT ZURÜCK,一歩下がる,いっぽさがる,IPPO SAGARU,STAP ACHTERUIT,,,,,,
13,,STEP FORWARD,DAR UM PASSO PARA FRENTE,DAR UN PASO ADELANTE,FARE UN PASSO AVANTI,FAIRE UN PAS EN AVANT,EINEN SCHRITT VOR,一歩前へ,いっぽまえへ,IPPO MAE E,STAP VOORUIT,,,,,,
13,,LOOK AT,OLHAR PARA,MIRAR A,GUARDARE,REGARDER,ANSCHAUEN,見る,みる,MIRU,KIJKEN NAAR,,,,,,
13,,BROKEN GLASS,VIDRO QUEBRADO,VIDRIO ROTO,VETRO ROTTO,VERRE CASSÉ,ZERBROCHENES GLAS,割れたガラス,われたがらす,WARETA GARASU,GEBROKEN GLAS,,,,,,
13,,BROOM,VASSOURA,ESCOBA,SCOPA,BALAI,BESEN,箒,ほうき,HOUKI,BEZEM,,,,,,
13,,DUSTPAN,PÁ DE LIXO,RECOGEDOR,PALETTA,PELLE,SCHAUFEL,ちりとり,ちりとり,CHIRITORI,STOFBLIK,,,,,,
13,,SWEEP,VARRER,BARRER,SPAZZARE,BALAYER,FEGEN,掃く,はく,HAKU,VEGEN,,,,,,
13,,BIG ,GRANDE,GRANDE,GRANDE,GRAND,GROSS,大きい,おおきい,OOKII,GROOT,,,,,,
13,,SMALL,PEQUENO,PEQUEÑO,PICCOLO,PETIT,KLEIN,小さい,ちいさい,CHIISAI,KLEIN,,,,,,
13,,PIECE,PEDAÇO,PIEZA,PEZZO,MORCEAU,STÜCK,破片,はへん,HAHEN,STUK,,,,,,
13,,BROKEN PIECE,PEDAÇO QUEBRADO,PIEZA ROTA,PEZZO ROTTO,MORCEAU CASSÉ,ZERBROCHENES STÜCK,割れた破片,われたはへん,WARETA HAHEN,GEBROKEN STUK,,,,,,
13,,PIECE OF BROKEN GLASS,PEDAÇO DE VIDRO QUEBRADO,PIEZA DE VIDRIO ROTO,PEZZO DI VETRO ROTTO,MORCEAU DE VERRE CASSÉ,STÜCK ZERBROCHENES GLAS,割れたガラスの破片,われたがらすのはへん,WARETA GARASU NO HAHEN,STUK GEBROKEN GLAS,,,,,,
13,,SWEEP PIECES OF BROKEN GLASS,VARRER PEDAÇOS DE VIDRO QUEBRADO,BARRER PIEZAS DE VIDRIO ROTO,SPAZZARE PEZZI DI VETRO ROTTO,BALAYER DES MORCEAUX DE VERRE CASSÉ,GLASSTÜCKE FEGEN,割れたガラスを掃く,われたがらすをはく,WARETA GARASU O HAKU,GEBROKEN GLAS VEGEN,,,,,,
13,,FOOD,COMIDA,COMIDA,CIBO,NOURRITURE,ESSEN,食べ物,たべもの,TABEMONO,ETEN,,,,,,
13,,TABLE,MESA,MESA,TAVOLO,TABLE,TISCH,テーブル,てーぶる,TE-BURU,TAFEL,,,,,,
13,,TAKE FOOD TO TABLE,LEVAR COMIDA PARA A MESA,LLEVAR COMIDA A LA MESA,PORTARE CIBO AL TAVOLO,APPORTER LA NOURRITURE À TABLE,ESSEN ZUM TISCH BRINGEN,食べ物をテーブルに運ぶ,たべものをてーぶるにはこぶ,TABEMONO O TE-BURU NI HAKOBU,ETEN NAAR TAFEL BRENGEN,,,,,,
13,,THROW,JOGAR,TIRAR,GETTARE,JETER,WERFEN,投げる,なげる,NAGERU,GOOIEN,,,,,,
13,,TRASH  ,LIXO,BASURA,SPAZZATURA,ORDURES,MÜLL,ゴミ,ごみ,GOMI,AFVAL,,,,,,
13,,CAN,LATA,CUBO,BIDONE,POUBELLE,EIMER,缶,かん,KAN,BAK,,,,,,
13,,TRASH CAN,LIXEIRA,BOTE DE BASURA,CESTINO,POUBELLE,MÜLLEIMER,ゴミ箱,ごみばこ,GOMIBAKO,PRULLENBAK,,,,,,
13,,INTO TRASH CAN,DENTRO DA LIXEIRA,DENTRO DEL BOTE,NEL CESTINO,DANS LA POUBELLE,IN DEN MÜLLEIMER,ゴミ箱に,ごみばこに,GOMIBAKO NI,IN DE PRULLENBAK,,,,,,
13,,TAKE DUSTPAN TO TRASH CAN,LEVAR PÁ DE LIXO À LIXEIRA,LLEVAR RECOGEDOR AL BOTE,PORTARE LA PALETTA AL CESTINO,APPORTER LA PELLE À LA POUBELLE,SCHAUFEL ZUM MÜLL BRINGEN,ちりとりをゴミ箱へ,ちりとりをごみばこへ,CHIRITORI O GOMIBAKO E,STOFBLIK NAAR PRULLENBAK,,,,,,
13,,PUT BACK GLASS,GUARDAR COPO,GUARDAR VASO,RIPORRE IL BICCHIERE,RANGER LE VERRE,GLAS ZURÜCKSTELLEN,コップを戻す,こっぷをもどす,KOPPU O MODOSU,GLAS TERUGZETTEN,,,,,,
13,,PUT BACK BROOM,GUARDAR VASSOURA,GUARDAR ESCOBA,RIPORRE LA SCOPA,RANGER LE BALAI,BESEN ZURÜCKSTELLEN,箒を戻す,ほうきをもどす,HOUKI O MODOSU,BEZEM TERUGZETTEN,,,,,,
13,,ONE – ANOTHER,UM – OUTRO,UNO – OTRO,UNO – UN ALTRO,UN – AUTRE,EIN – EIN ANDERER,一つ – もう一つ,ひとつ – もうひとつ,HITOTSU – MOU HITOTSU,EEN – NOG EEN,,,,,,
13,,SHE GETS ONE GLASS – SHE GETS ANOTHER GLASS,ELA PEGA UM COPO – ELA PEGA OUTRO COPO,ELLA TOMA UN VASO – TOMA OTRO,LEI PRENDE UN BICCHIERE – NE PRENDE UN ALTRO,ELLE PREND UN VERRE – EN PREND UN AUTRE,SIE NIMMT EIN GLAS – SIE NIMMT EIN ANDERES,彼女はコップを一つ取る – もう一つ取る,かのじょはこっぷをひとつとる – もうひとつとる,KANOJO WA KOPPU O HITOTSU TORU – MOU HITOTSU TORU,ZIJ PAKT EEN GLAS – ZE PAKT NOG EEN,,,,,,
13,,DON’T DROP,NÃO DERRUBAR,NO DEJAR CAER,NON FAR CADERE,NE PAS LAISSER TOMBER,NICHT FALLEN LASSEN,落とさない,おとさない,OTOSANAI,NIET LATEN VALLEN,,,,,,
14,,HOUSE,CASA,CASA,CASA,MAISON,HAUS,家,いえ,IE,HUIS,,,,,,
14,,A HOUSE – THE HOUSE,UMA CASA – A CASA,UNA CASA – LA CASA,UNA CASA – LA CASA,UNE MAISON – LA MAISON,EIN HAUS – DAS HAUS,家 – その家,いえ – そのいえ,IE – SONO IE,EEN HUIS – HET HUIS,,,,,,
14,,DIRTY – CLEAN,SUJO – LIMPO,SUCIO – LIMPIO,SPORCO – PULITO,SALE – PROPRE,SCHMUTZIG – SAUBER,汚い – 綺麗,きたない – きれい,KITANAI – KIREI,VIES – SCHOON,,,,,,
14,,FILL – EMPTY,ENCHER – ESVAZIAR,LLENAR – VACIAR,RIEMPIRE – SVUOTARE,REMPLIR – VIDER,FÜLLEN – LEEREN,満たす – 空にする,みたす – からにする,MITASU – KARA NI SURU,VULLEN – LEEGMAKEN,,,,,,
14,,BUCKET,BALDE,CUBO,SECCHIO,SEAU,EIMER,バケツ,ばけつ,BAKETSU,EMMER,,,,,,
14,,WITH – WITHOUT,COM – SEM,CON – SIN,CON – SENZA,AVEC – SANS,MIT – OHNE,一升 – 無し,いっしょう – なし,ISSHO – NASHI,MET – ZONDER,,,,,,
14,,SOAP,SABÃO,JABÓN,SAPONE,SAVON,SEIFE,石鹸,せっけん,SEKKEN,ZEEP,,,,,,
14,,WATER,ÁGUA,AGUA,ACQUA,EAU,WASSER,水,みず,MIZU,WATER,,,,,,
14,,PUT SOAP IN WATER,COLOCAR SABÃO NA ÁGUA,PONER JABÓN EN EL AGUA,METTERE SAPONE NELL’ACQUA,METTRE DU SAVON DANS L’EAU,SEIFE INS WASSER GEBEN,水に石鹸を入れる,みずにせっけんをいれる,MIZU NI SEKKEN O IRERU,ZEEP IN WATER DOEN,,,,,,
14,,CLOTHES,ROUPAS,ROPA,VESTITI,VÊTEMENTS,KLEIDUNG,拭く,ふく,FUKU,KLEREN,,,,,,
14,,PUT ON CLOTHES,VESTIR ROUPAS,PONERSE ROPA,INDOSSARE I VESTITI,METTRE DES VÊTEMENTS,KLEIDUNG ANZIEHEN,拭くを切る,ふくをきる,FUKU O KIRU,KLEREN AANTREKKEN,,,,,,
14,,APRON,AVENTAL,DELANTAL,GREMBIULE,TABLIER,SCHÜRZE,エプロン,えぷろん,EPURON,SCHORT,,,,,,
14,,GET A TOWEL,PEGAR UMA TOALHA,AGARRAR UNA TOALLA,PRENDERE UN ASCIUGAMANO,PRENDRE UNE SERVIETTE,EIN HANDTUCH HOLEN,タオルを取る,たおるをとる,TAORU O TORU,HANDDOEK PAKKEN,,,,,,
14,,RAG,PANO,TRAPO,STRACCIO,CHIFFON,LAPPEN,雑巾,ぞうきん,ZOUKIN,DOEK,,,,,,
14,,GET A RAG,PEGAR UM PANO,AGARRAR UN TRAPO,PRENDERE UNO STRACCIO,PRENDRE UN CHIFFON,EINEN LAPPEN HOLEN,雑巾を取る,ぞうきんをとる,ZOUKIN O TORU,DOEK PAKKEN,,,,,,
14,,DUST  ,POEIRA,POLVO,POLVERE,POUSSIÈRE,STAUB,埃,ほこり,HOKORI,STOF,,,,,,
14,,FURNITURE,MÓVEIS,MUEBLES,MOBILI,MEUBLES,MÖBEL,家具,かぐ,KAGU,MEUBELS,,,,,,
14,,HE DUSTS FURNITURE,ELE TIRA POEIRA DOS MÓVEIS,ÉL LIMPIA LOS MUEBLES,LU SPOLVERA I MOBILI,IL DÉPOUSSIÈRE LES MEUBLES,ER ENTFERNT STAUB VON MÖBELN,彼は家具の埃を取る,かれはかぐのほこりをとる,KARE WA KAGU NO HOKORI O TORU,HIJ STOFT DE MEUBELS AF,,,,,,
14,,DUST WITH RAG,TIRAR POEIRA COM PANO,QUITAR POLVO CON TRAPO,SPOLVERARE CON STRACCIO,DÉPOUSSIÉRER AVEC CHIFFON,MIT LAPPEN ABSTAUBEN,雑巾で埃を取る,ぞうきんでほこりをとる,ZOUKIN DE HOKORI O TORU,AFSTOFFEN MET DOEK,,,,,,
14,,DUST WITH TOWEL,TIRAR POEIRA COM TOALHA,QUITAR POLVO CON TOALLA,SPOLVERARE CON ASCIUGAMANO,DÉPOUSSIÉRER AVEC SERVIETTE,MIT HANDTUCH ABSTAUBEN,タオルで埃を取る,たおるでほこりをとる,TAORU DE HOKORI O TORU,AFSTOFFEN MET HANDDOEK,,,,,,
14,,BLEACH,ÁGUA SANITÁRIA,LEJÍA,CANDeggINA,EAU DE JAVEL,BLEICHMITTEL,表白剤,ひょうはくざい,HYOUHAKUZAI,BLEEKMIDDEL,,,,,,
14,,PUT BLEACH IN BUCKET,COLOCAR ÁGUA SANITÁRIA NO BALDE,PONER LEJÍA EN EL CUBO,METTERE CANDEGGINA NEL SECCHIO,METTRE DE L’EAU DE JAVEL DANS LE SEAU,BLEICHMITTEL IN DEN EIMER GEBEN,バケツに表白剤を入れる,ばけつにひょうはくざいをいれる,BAKETSU NI HYOUHAKUZAI O IRERU,BLEEK IN EMMER DOEN,,,,,,
14,,POWDER,PÓ,POLVO,POLVERE,POUDRE,PULVER,粉,こな,KONA,POEDER,,,,,,
14,,BLEACH POWDER,PÓ DE ÁGUA SANITÁRIA,LEJÍA EN POLVO,CANDEGGINA IN POLVERE,JAVEL EN POUDRE,BLEICHPULVER,表白剤の粉,ひょうはくざいのこな,HYOUHAKUZAI NO KONA,BLEEKPOEDER,,,,,,
14,,SINK,PIA,FREGADERO,LAVANDINO,ÉVIER,WASCHBECKEN,流し,ながし,NAGASHI,WASBAK,,,,,,
14,,IN THE SINK,NA PIA,EN EL FREGADERO,NEL LAVANDINO,DANS L’ÉVIER,IM WASCHBECKEN,流しで,ながしで,NAGASHI DE,IN DE WASBAK,,,,,,
14,,SCRUB,ESFREGAR,FROTAR,STROFINARE,RÉCURER,SCHRUBBEN,擦る,こする,KOSURU,SCHROBBEN,,,,,,
14,,SCRUB SINK,ESFREGAR A PIA,FROTAR EL FREGADERO,STROFINARE IL LAVANDINO,RÉCURER L’ÉVIER,WASCHBECKEN SCHRUBBEN,流しを擦る,ながしをこする,NAGASHI O KOSURU,WASBAK SCHROBBEN,,,,,,
14,,SPONGE,ESPONJA,ESPONJA,SPUGNA,ÉPONGE,SCHWAMM,スポンジ,すぽんじ,SPONJI,SPONS,,,,,,
14,,SCRUB SINK WITH SPONGE,ESFREGAR A PIA COM ESPONJA,FROTAR EL FREGADERO CON ESPONJA,STROFINARE IL LAVANDINO CON SPUGNA,RÉCURER L’ÉVIER AVEC ÉPONGE,MIT SCHWAMM SCHRUBBEN,スポンジで流しを擦る,すぽんじでながしをこする,SPONJI DE NAGASHI O KOSURU,WASBAK MET SPONS SCHROBBEN,,,,,,
14,,SCRUB SINK WITH RAG,ESFREGAR A PIA COM PANO,FROTAR EL FREGADERO CON TRAPO,STROFINARE IL LAVANDINO CON STRACCIO,RÉCURER L’ÉVIER AVEC CHIFFON,MIT LAPPEN SCHRUBBEN,雑巾で流しを擦る,ぞうきんでながしをこする,ZOUKIN DE NAGASHI O KOSURU,WASBAK MET DOEK SCHROBBEN,,,,,,
14,,BROOM,VASSOURA,ESCOBA,SCOPA,BALAI,BESEN,箒,ほうき,HOUKI,BEZEM,,,,,,
14,,SWEEP,VARRER,BARRER,SPAZZARE,BALAYER,FEGEN,掃く,はく,HAKU,VEGEN,,,,,,
14,,KITCHEN,COZINHA,COCINA,CUCINA,CUISINE,KÜCHE,台所,だいどころ,DAIDOKORO,KEUKEN,,,,,,
14,,FLOOR,CHÃO,SUELO,PAVIMENTO,SOL,BODEN,床,ゆか,YUKA,VLOER,,,,,,
14,,LIVING ROOM,SALA DE ESTAR,SALA DE ESTAR,SOGGIORNO,SALON,WOHNZIMMER,今,いま,IMA,WOONKAMER,,,,,,
14,,VACUUM CLEANER,ASPIRADOR DE PÓ,ASPIRADORA,ASPIRAPOLVERE,ASPIRATEUR,STAUBSAUGER,掃除機,そうじき,SOUJIKI,STOFZUIGER,,,,,,
14,,CARPET,TAPETE,ALFOMBRA,TAPPETO,TAPIS,TEPPICH,カーペット,かーぺっと,KA-PETTO,TAPIJT,,,,,,
14,,HE VACUUMS THE CARPET,ELE ASPIRA O TAPETE,ÉL ASPIRA LA ALFOMBRA,LUI ASPIRA IL TAPPETO,IL PASSE L’ASPIRATEUR SUR LE TAPIS,ER SAUGT DEN TEPPICH,彼はカーペットを掃除する,かれはかーぺっとをそうじする,KARE WA KA-PETTO O SOUJI SURU,HIJ STOFZUIGT HET TAPIJT,,,,,,
14,,RUG,TAPETE PEQUENO,ALFOMBRA PEQUEÑA,TAPPETO PICCOLO,PETIT TAPIS,KLEINER TEPPICH,ラグ,らぐ,RAGU,KLEEDJE,,,,,,
14,,VACUUM RUG,ASPIRAR RAG,ASPIRAR TAPETE PEQUEÑO,ASPIRARE IL TAPPETO PICCOLO,ASPIRER LE PETIT TAPIS,KLEINEN TEPPICH SAUGEN,ラグを掃除する,らぐをそうじする,RAGU O SOUJI SURU,KLEEDJE STOFZUIGEN,,,,,,
14,,MOP,ESFREGÃO,MOPA,MOCIO,SERPILLIÈRE,WISCHMOPP,モップ,もっぷ,MOPPU,DWEIL,,,,,,
14,,MOP KITCHEN FLOOR,PASSAR MOP NO CHÃO DA COZINHA,FREGAR EL SUELO DE LA COCINA,LAVARE IL PAVIMENTO DELLA CUCINA,PASSER LA SERPILLIÈRE DANS LA CUISINE,KÜCHENBODEN WISCHEN,台所の床を拭く,だいどころのゆかをふく,DAIDOKORO NO YUKA O FUKU,KEUKENVLOER DWEILEN,,,,,,
14,,TRASH ,LIXO,BASURA,SPAZZATURA,ORDURES,MÜLL,ゴミ,ごみ,GOMI,AFVAL,,,,,,
14,,CAN  ,LATA,CUBO,BIDONE,POUBELLE,EIMER,缶,かん,KAN,BAK,,,,,,
14,,TRASH CAN,LIXEIRA,BOTE DE BASURA,CESTINO,POUBELLE,MÜLLEIMER,ゴミ箱,ごみばこ,GOMIBAKO,PRULLENBAK,,,,,,
15,,THROW,ARREMESSAR,TIRAR,GETTARE,JETER,WERFEN,投げる,なげる,NAGERU,GOOIEN,,,,,,
15,,CARRY – THROW,CARREGAR – JOGAR,CARGAR – TIRAR,PORTARE – GETTARE,PORTER – JETER,TRAGEN – WERFEN,運ぶ – 投げる,はこぶ – なげる,HAKOBU – NAGERU,DRAGEN – GOOIEN,,,,,,
15,,CHEAP – EXPENSIVE,BARATO – CARO,BARATO – CARO,ECONOMICO – COSTOSO,BON MARCHÉ – CHER,BILLIG – TEUER,安い – 高い,やすい – たかい,YASUI – TAKAI,GOEDKOOP – DUUR,,,,,,
15,,CERAMIC,CERÂMICA,CERÁMICA,CERAMICA,CÉRAMIQUE,KERAMIK,陶器,とうき,TOUKI,KERAMIEK,,,,,,
15,,MUG,CANECA,TAZA,TAZZA,MUG,TASSE,マグカップ,まぐかっぷ,MAGUKAPPU,MOK,,,,,,
15,,CERAMIC MUG,CANECA DE CERÂMICA,TAZA DE CERÁMICA,TAZZA DI CERAMICA,MUG EN CÉRAMIQUE,KERAMIKTASSE,陶器のマグカップ,とうきのまぐかっぷ,TOUKI NO MAGUKAPPU,KERAMISCHE MOK,,,,,,
15,,WALK – RUN,ANDAR – CORRER,CAMINAR – CORRER,CAMMINARE – CORRERE,MARCHER – COURIR,GEHEN – RENNEN,歩く – 走る,あるく – はしる,ARUKU – HASHIRU,LOPEN – RENNEN,,,,,,
15,,TABLE,MESA,MESA,TAVOLO,TABLE,TISCH,テーブル,てーぶる,TE-BURU,TAFEL,,,,,,
15,,TO THE TABLE,PARA A MESA,A LA MESA,AL TAVOLO,À LA TABLE,ZUM TISCH,テーブルへ,てーぶるへ,TE-BURU E,NAAR DE TAFEL,,,,,,
15,,DROP – CARRY,DERRUBAR – CARREGAR,TIRAR – CARGAR,FAR CADERE – PORTARE,LAISSER TOMBER – PORTER,FALLEN LASSEN – TRAGEN,落とす – 運ぶ,おとす – はこぶ,OTOSU – HAKOBU,LATEN VALLEN – DRAGEN,,,,,,
15,,BREAK,QUEBRAR,ROMPER,ROMPERE,CASSER,BRECHEN,割る,わる,WARU,BREKEN,,,,,,
15,,MUG BREAKS,CANECA QUEBRA,LA TAZA SE ROMPE,LA TAZZA SI ROMPE,LE MUG SE CASSE,DIE TASSE BRICHT,マグカップが割れる,まぐかっぷがわれる,MAGUKAPPU GA WARERU,MOK BREEKT,,,,,,
15,,STEP ,PISAR,PISAR,CALPESTARE,MARCHER,DRAUFTRETEN,踏む,ふむ,FUMU,STAPPEN,,,,,,
15,,STEP BACK,DAR UM PASSO PARA TRÁS,DAR UN PASO ATRÁS,FARE UN PASSO INDIETRO,FAIRE UN PAS EN ARRIÈRE,EINEN SCHRITT ZURÜCK,一歩下がる,いっぽさがる,IPPO SAGARU,STAP ACHTERUIT,,,,,,
15,,STEP FORWARD,DAR UM PASSO PARA FRENTE,DAR UN PASO ADELANTE,FARE UN PASSO AVANTI,FAIRE UN PAS EN AVANT,EINEN SCHRITT VOR,一歩前へ,いっぽまえへ,IPPO MAE E,STAP VOORUIT,,,,,,
15,,LOOK AT,OLHAR PARA,MIRAR A,GUARDARE,REGARDER,ANSCHAUEN,見る,みる,MIRU,KIJKEN NAAR,,,,,,
15,,BROKEN MUG,CANECA QUEBRADA,TAZA ROTA,TAZZA ROTTA,MUG CASSÉ,ZERBROCHENE TASSE,割れたマグカップ,われたまぐかっぷ,WARETA MAGUKAPPU,GEBROKEN MOK,,,,,,
15,,GET TOWEL,PEGAR UMA TOALHA,AGARRAR UNA TOALLA,PRENDERE UN ASCIUGAMANO,PRENDRE UNE SERVIETTE,EIN HANDTUCH HOLEN,タオルを取る,たおるをとる,TAORU O TORU,HANDDOEK PAKKEN,,,,,,
15,,BROOM,VASSOURA,ESCOBA,SCOPA,BALAI,BESEN,箒,ほうき,HOUKI,BEZEM,,,,,,
15,,GET BROOM,PEGAR VASSOURA,AGARRAR ESCOBA,PRENDERE LA SCOPA,PRENDRE LE BALAI,BESEN HOLEN,箒を取る,ほうきをとる,HOUKI O TORU,BEZEM PAKKEN,,,,,,
15,,DUSTPAN,PÁ DE LIXO,RECOGEDOR,PALETTA,PELLE,SCHAUFEL,ちりとり,ちりとり,CHIRITORI,STOFBLIK,,,,,,
15,,GET DUSTPAN,PEGAR PÁ DE LIXO,AGARRAR RECOGEDOR,PRENDERE LA PALETTA,PRENDRE LA PELLE,SCHAUFEL HOLEN,ちりとりを取る,ちりとりをとる,CHIRITORI O TORU,STOFBLIK PAKKEN,,,,,,
15,,SWEEP,VARRER,BARRER,SPAZZARE,BALAYER,FEGEN,掃く,はく,HAKU,VEGEN,,,,,,
15,,SWEEP GLASS,VARRER VIDRO,BARRER VIDRIO,SPAZZARE VETRO,BALAYER LE VERRE,GLAS FEGEN,ガラスを掃く,がらすをはく,GARASU O HAKU,GLAS VEGEN,,,,,,
15,,PIECE  - COMPLETE,PEDAÇO – INTEIRO,PIEZA – COMPLETO,PEZZO – INTERO,MORCEAU – ENTIER,STÜCK – GANZ,破片 – 全体,はへん – ぜんたい,HAHEN – ZENTAI,STUK – HEEL,,,,,,
15,,BROKEN PIECES,PEDAÇOS QUEBRADOS,PIEZAS ROTAS,PEZZI ROTTI,MORCEAUX CASSÉS,ZERBROCHENE STÜCKE,割れた破片,われたはへん,WARETA HAHEN,GEBROKEN STUKKEN,,,,,,
15,,BIG – SMALL,GRANDE – PEQUENO,GRANDE – PEQUEÑO,GRANDE – PICCOLO,GRAND – PETIT,GROSS – KLEIN,大きい – 小さい,おおきい – ちいさい,OOKII – CHIISAI,GROOT – KLEIN,,,,,,
15,,GET – PUT BACK,PEGAR – GUARDAR,AGARRAR – GUARDAR,PRENDERE – RIPORRE,PRENDRE – RANGER,HOLEN – ZURÜCKSTELLEN,取る – 戻す,とる – もどす,TORU – MODOSU,PAKKEN – TERUGZETTEN,,,,,,
15,,NEW – OLD,NOVO – VELHO,NUEVO – VIEJO,NUOVO – VECCHIO,NOUVEAU – VIEUX,NEU – ALT,新しい – 古い,あたらしい – ふるい,ATARASHII – FURUI,NIEUW – OUD,,,,,,
15,,NEW MUG – OLD MUG,CANECA NOVA – CANECA VELHA,TAZA NUEVA – TAZA VIEJA,TAZZA NUOVA – TAZZA VECCHIA,MUG NOUVEAU – MUG VIEUX,NEUE TASSE – ALTE TASSE,新しいマグカップ – 古いマグカップ,あたらしいまぐかっぷ – ふるいまぐかっぷ,ATARASHII MAGUKAPPU – FURUI MAGUKAPPU,NIEUWE MOK – OUDE MOK,,,,,,
16,,WALK – RUN,ANDAR – CORRER,CAMINHAR – CORRER,CAMINAR – CORRER,CAMMINARE – CORRERE,MARCHER – COURIR,歩く – 走る ,あるく – はしる ,ARUKU – HASHIRU,LOPEN – RENNEN,,,,,,
16,,PLAY,BRINCAR,JUGAR,GIOCARE,JOUER,SPIELEN,遊ぶ,あそぶ,ASOBU,SPELEN,,,,,,
16,,PLAYGROUND,PARQUE INFANTIL,PARQUE INFANTIL,PARCO GIOCHI,AIRE DE JEUX,SPIELPLATZ,遊び場,あそびば,ASOBIBA,SPEELPLAATS,,,,,,
16,,SEE – LOOK AWAY,VER – DESVIAR O OLHAR,VER – APARTAR LA MIRADA,VEDERE – DISTOGLIERE LO SGUARDO,VOIR – DÉTOURNER LE REGARD,SEHEN – WEGSCHAUEN,見る – 目をそらす,みる – めをそらす,MIRU – ME O SORASU,KIJKEN – WEGKIJKEN,,,,,,
16,,BALL,BOLA,PELOTA,PALLA,BALLE,BALL,ボール,ぼーる,BO-RU,BAL,,,,,,
16,,GROUND,CHÃO,SUELO,TERRA,SOL,BODEN,地面,じめん,JIMEN,GROND,,,,,,
16,,ON THE BOX – IN THE BOX,EM CIMA DA CAIXA – DENTRO DA CAIXA,ENCIMA DE LA CAJA – DENTRO DE LA CAJA,SOPRA LA SCATOLA – NELLA SCATOLA,SUR LA BOÎTE – DANS LA BOÎTE,AUF DER KISTE – IN DER KISTE,箱の上 – 箱の中,はこのうえ – はこのなか,HAKO NO UE – HAKO NO NAKA,OP DE DOOS – IN DE DOOS,,,,,,
16,,KICK,CHUTAR,PATEAR,CALCIARE,DONNER UN COUP,TRITTEN,蹴る,ける,KERU,SCHOPPEN,,,,,,
16,,HIT,BATER,GOLPEAR,COLPIRE,FRAPPER,SCHLAGEN,打つ,うつ,UTSU,SLAAN,,,,,,
16,,TREE,ÁRVORE,ÁRBOL,ALBERO,ARBRE,BAUM,木,き,KI,BOOM,,,,,,
16,,TRIP,TROPEÇAR,TROPEZAR,INCIAMPARE,TRÉBUCHER,STOLPERN,つまずく,つまずく,TSUMAZUKU,STRUIKELEN,,,,,,
16,,GRASS,GRAMA,CÉSPED,ERBA,HERBE,GRAS,草,くさ,KUSA,GRAS,,,,,,
16,,TRIP ON GRASS,TROPEÇAR NA GRAMA,TROPEZAR EN EL CÉSPED,INCIAMPARE SULL’ERBA,TRÉBUCHER SUR L’HERBE,IM GRAS STOLPERN,草でつまずく,くさでつまずく,KUSA DE TSUMAZUKU,STRUIKELEN OVER GRAS,,,,,,
16,,FALL,CAIR,CAER,CADERE,TOMBER,FALLEN,転ぶ,ころぶ,KOROBU,VALLEN,,,,,,
16,,FORWARD,PARA FRENTE,HACIA ADELANTE,IN AVANTI,EN AVANT,VORWÄRTS,前へ,まえへ,MAE E,VOORUIT,,,,,,
16,,BACKWARD,PARA TRÁS,HACIA ATRÁS,INDIETRO,EN ARRIÈRE,RÜCKWÄRTS,後ろへ,うしろへ,USHIRO E,ACHTERUIT,,,,,,
16,,TOUCH,TOCAR,TOCAR,TOCCARE,TOUCHER,BERÜHREN,触る,さわる,SAWARU,RAKEN,,,,,,
16,,HIS CAR – HER CAR,O CARRO DELE – O CARRO DELA,SU COCHE – SU COCHE,LA SUA AUTO – LA SUA AUTO,SA VOITURE – SA VOITURE,SEIN AUTO – IHR AUTO,彼の車 – 彼女の車,かれのくるま – かのじょのくるま,KARE NO KURUMA – KANOJO NO KURUMA,ZIJN AUTO – HAAR AUTO,,,,,,
16,,PAIN,DOR,DOLOR,DOLORE,DOULEUR,SCHMERZ,痛み,いたみ,ITAMI,PIJN,,,,,,
16,,HURTS – DOES NOT HURT,DÓI – NÃO DÓI,DUELE – NO DUELE,FA MALE – NON FA MALE,ÇA FAIT MAL – ÇA NE FAIT PAS MAL,TUT WEH – TUT NICHT WEH,痛い – 痛くない,いたい – いたくない,ITAI – ITAKUNAI,DOET PIJN – DOET GEEN PIJN,,,,,,
16,,CRY,CHORAR,LLORAR,PIANGERE,PLEURER,WEINEN,泣く,なく,NAKU,HUILEN,,,,,,
16,,A LITTLE – A LOT,UM POUCO – MUITO,UN POCO – MUCHO,POCO – MOLTO,UN PEU – BEAUCOUP,WENIG – VIEL,少し – たくさん,すこし – たくさん,SUKOSHI – TAKUSAN,WEINIG – VEEL,,,,,,
16,,STAND UP – SIT DOWN,LEVANTAR – SENTAR,LEVANTARSE – SENTARSE,ALZARSI – SEDERSI,SE LEVER – S’ASSEOIR,AUFSTEHEN – SICH SETZEN,立つ – 座る,たつ – すわる,TATSU – SUWARU,OPSTAAN – GAAN ZITTEN,,,,,,
16,,TAKE OUT – PUT IN,TIRAR – COLOCAR,SACAR – PONER,TOGLIERE – METTERE,SORTIR – METTRE,HERAUSNEHMEN – HINEINLEGEN,出す – 入れる,だす – いれる,DASU – IRERU,UITNEMEN – INDOEN,,,,,,
16,,TISSUE ,LENÇO,PAÑUELO,FAZZOLETTO,MOUCHOIR,TASCHENTUCH,ティッシュ,てぃっしゅ,TISSHU,TISSUE,,,,,,
16,,OUT – IN,FORA – DENTRO,FUERA – DENTRO,FUORI – DENTRO,DEHORS – DEDANS,DRAUSSEN – DRIN,外 – 中,そと – なか,SOTO – NAKA,BUITEN – BINNEN,,,,,,
16,,POCKET,BOLSO,BOLSILLO,TASCA,POCHE,TASCHE,ポケット,ぽけっと,POKETTO,ZAK,,,,,,
16,,OUT OF POCKET – IN POCKET,FORA DO BOLSO – NO BOLSO,FUERA DEL BOLSILLO – EN EL BOLSILLO,FUORI DALLA TASCA – NELLA TASCA,HORS DE LA POCHE – DANS LA POCHE,AUS DER TASCHE – IN DER TASCHE,ポケットの外 – ポケットの中,ぽけっとのそと – ぽけっとのなか,POKETTO NO SOTO – POKETTO NO NAKA,UIT DE ZAK – IN DE ZAK,,,,,,
16,,WIPE,LIMPAR,LIMPIAR,PULIRE,ESSUYER,ABWISCHEN,拭く,ふく,FUKU,AFVEGEN,,,,,,
16,,WIPE HAND,LIMPAR A MÃO,LIMPIAR LA MANO,PULIRE LA MANO,ESSUYER LA MAIN,DIE HAND ABWISCHEN,手を拭く,てをふく,TE O FUKU,HAND AFVEGEN,,,,,,
16,,WITH – WITHOUT,COM – SEM,CON – SIN,CON – SENZA,AVEC – SANS,MIT – OHNE,無し – 取り,と – なし,TO – NASHI,MET – ZONDER,,,,,,
16,,TO THE TABLE,PARA A MESA,A LA MESA,AL TAVOLO,À LA TABLE,ZUM TISCH,テーブルへ,てーぶるへ,TE-BURU E,NAAR DE TAFEL,,,,,,
16,,SLOW – QUICK,DEVAGAR – RÁPIDO,LENTO – RÁPIDO,LENTO – VELOCE,LENT – RAPIDE,LANGSAM – SCHNELL,ゆっくり – 早く,ゆっくり – はやく,YUKKURI – HAYAKU,LANGZAAM – SNEL,,,,,,
16,,STAND UP SLOWLY – STAND UP QUICKLY,LEVANTAR DEVAGAR – LEVANTAR RÁPIDO,LEVANTARSE DESPACIO – RÁPIDO,ALZARSI LENTAMENTE – VELOCEMENTE,SE LEVER LENTEMENT – VITE,LANGSAM AUFSTEHEN – SCHNELL AUFSTEHEN,ゆっくり立つ – 早く立つ,ゆっくりたつ – はやくたつ,YUKKURI TATSU – HAYAKU TATSU,LANGZAAM OPSTAAN – SNEL OPSTAAN,,,,,,
16,,BENCH,BANCO,BANCO,PANCHINA,BANC,BANK,ベンチ,べんち,BENCHI,BANKJE,,,,,,
16,,BREATHE,RESPIRAR,RESPIRAR,RESPIRARE,RESPIRER,ATMEN,呼吸する,こきゅうする,KOKYUU SURU,ADEMEN,,,,,,
16,,DEEP – SHALLOW,PROFUNDO – SUPERFICIAL,PROFUNDO – SUPERFICIAL,PROFONDO – SUPERFICIALE,PROFOND – SUPERFICIEL,TIEF – FLACH,深い – 浅い,ふかい – あさい,FUKAI – ASAI,DIEP – OPPERVALKKIG,,,,,,
16,,BREATHE DEEPLY,RESPIRAR FUNDO,RESPIRAR PROFUNDO,RESPIRARE PROFONDAMENTE,RESPIRER PROFONDÉMENT,TIEF ATMEN,深く呼吸する,ふかくこきゅうする,FUKAKU KOKYUU SURU,DIEP ADEMEN,,,,,,
16,,BANDAGE,CURATIVO,VENDA,BENDAGGIO,BANDAGE,VERBAND,包帯,ほうたい,HOUTAI,VERBAND,,,,,,
16,,TO – FROM,PARA – DE,HACIA – DESDE,A – DA,À – DE,ZU – VON,え – から,え – から,E – KARA,NAAR – VAN,,,,,,
16,,BAG,BOLSA,BOLSA,BORSA,SAC,TASCHE,バッグ,ばっぐ,BAGGU,TAS,,,,,,
16,,HIS BAG – HER BAG,A BOLSA DELE – A BOLSA DELA,SU BOLSA – SU BOLSA,LA SUA BORSA – LA SUA BORSA,SON SAC – SON SAC,SEINE TASCHE – IHRE TASCHE,彼のバッグ – 彼女のバッグ,かれのばっぐ – かのじょのばっぐ,KARE NO BAGGU – KANOJO NO BAGGU,ZIJN TAS – HAAR TAS,,,,,,
16,,PUT BANDAGE ON HAND,COLOCAR CURATIVO NA MÃO,PONER VENDA EN LA MANO,METTERE IL BENDAGGIO SULLA MANO,METTRE UN BANDAGE SUR LA MAIN,VERBAND AN DIE HAND LEGEN,手に包帯を巻く,てにほうたいをまく,TE NI HOUTAI O MAKU,VERBAND OM DE HAND DOEN,,,,,,
16,,SMILE,SORRIR,SONREÍR,SORRIDERE,SOURIRE,LÄCHELN,笑う,わらう,WARAU,GLIMLACHEN,,,,,,
16,,PICK UP – PUT DOWN,PEGAR – COLOCAR,COGER – DEJAR,PRENDERE – POSARE,PRENDRE – POSER,AUFHEBEN – ABLEGEN,取る – 置く,とる – おく,TORU – OKU,OPPAKKEN – NEERZETTEN,,,,,,
17,,KITCHEN – LIVING ROOM,COZINHA – SALA DE ESTAR,COCINA – SALA DE ESTAR,CUCINA – SOGGIORNO,CUISINE – SALON,KÜCHE – WOHNZIMMER,台所 – 今,だいどころ – いま,DAIDOKORO – IMA,KEUKEN – WOONKAMER,,,,,,
17,,CLEAN – DIRTY,LIMPO – SUJO,LIMPIO – SUCIO,PULITO – SPORCO,PROPRE – SALE,SAUBER – SCHMUTZIG,綺麗 – 汚い,きれい – きたない,KIREI – KITANAI,SCHOON – VIES,,,,,,
17,,MESSY – TIDY,BAGUNÇADO – ORGANIZADO,DESORDENADO – ORDENADO,DISORDINATO – ORDINATO,DÉSORDONNÉ – RANGÉ,UNORDENTLICH – ORDENTLICH,散らかった – 整った,ちらかった – ととのった,CHIRAKATTA – TOTONOTTA,ROMMELIG – NETJES,,,,,,
17,,PICK UP – PUT DOWN,PEGAR – COLOCAR,COGER – DEJAR,PRENDERE – POSARE,PRENDRE – POSER,AUFHEBEN – ABLEGEN,取る – 置く,とる – おく,TORU – OKU,OPPAKKEN – NEERZETTEN,,,,,,
17,,LOOK AT ,OLHAR PARA,MIRAR A,GUARDARE,REGARDER,ANSCHAUEN,見る,みる,MIRU,KIJKEN NAAR,,,,,,
17,,SINK,PIA,FREGADERO,LAVANDINO,ÉVIER,WASCHBECKEN,流し,ながし,NAGASHI,WASBAK,,,,,,
17,,TURN ON – TURN OFF,LIGAR – DESLIGAR,ENCENDER – APAGAR,ACCENDERE – SPEGNERE,ALLUMER – ÉTEINDRE,EINSCHALTEN – AUSSCHALTEN,付ける – 消す,つける – けす,TSUKERU – KESU,AANZETTEN – UITZETTEN,,,,,,
17,,COLD – HOT,FRIO – QUENTE,FRÍO – CALIENTE,FREDDO – CALDO,FROID – CHAUD,KALT – HEISS,冷たい – 熱い,つめたい – あつい,TSUMETAI – ATSUI,KOUD – HEET,,,,,,
17,,TAP WATER,ÁGUA DA TORNEIRA,AGUA DEL GRIFO,ACQUA DEL RUBINETTO,EAU DU ROBINET,LEITUNGSWASSER,水道水,すいどうすい,SUIDOUSUI,KRAANWATER,,,,,,
17,,WASH,LAVAR,LAVAR,LAVARE,LAVER,WASCHEN,洗う,あらう,ARAU,WASSEN,,,,,,
17,,WASH HANDS,LAVAR AS MÃOS,LAVARSE LAS MANOS,LAVARE LE MANI,SE LAVER LES MAINS,HÄNDE WASCHEN,手を洗う,てをあらう,TE O ARAU,HANDEN WASSEN,,,,,,
17,,HER HANDS – HIS HANDS,AS MÃOS DELA – AS MÃOS DELE,SUS MANOS – SUS MANOS,LE SUE MANI – LE SUE MANI,SES MAINS – SES MAINS,IHRE HÄNDE – SEINE HÄNDE,彼女の手 – 彼の手,かのじょのて – かれのて,KANOJO NO TE – KARE NO TE,HAAR HANDEN – ZIJN HANDEN,,,,,,
17,,FIRST – SECOND – THIRD,PRIMEIRO – SEGUNDO – TERCEIRO,PRIMERO – SEGUNDO – TERCERO,PRIMO – SECONDO – TERZO,PREMIER – DEUXIÈME – TROISIÈME,ERSTE – ZWEITE – DRITTE,一番目 – 二番目 – 三番目,いちばんめ – にばんめ – さんばんめ,ICHIBANME – NIBANME – SANBANME,EERSTE – TWEEDE – DERDE,,,,,,
17,,SOAP,SABÃO,JABÓN,SAPONE,SAVON,SEIFE,石鹸,せっけん,SEKKEN,ZEEP,,,,,,
17,,PUT – TAKE,COLOCAR – TIRAR,PONER – SACAR,METTERE – TOGLIERE,METTRE – ENLEVER,LEGEN – NEHMEN,置く – 取る,おく – とる,OKU – TORU,NEERZETTEN – NEMEN,,,,,,
17,,ON THE BOX – IN THE BOX,EM CIMA DA CAIXA – DENTRO DA CAIXA,ENCIMA DE LA CAJA – DENTRO DE LA CAJA,SOPRA LA SCATOLA – NELLA SCATOLA,SUR LA BOÎTE – DANS LA BOÎTE,AUF DER KISTE – IN DER KISTE,箱の上 – 箱の中,はこのうえ – はこのなか,HAKO NO UE – HAKO NO NAKA,OP DE DOOS – IN DE DOOS,,,,,,
17,,SPONGE,ESPONJA,ESPONJA,SPUGNA,ÉPONGE,SCHWAMM,スポンジ,すぽんじ,SPONJI,SPONS,,,,,,
17,,ON THE SPONGE,NA ESPONJA,EN LA ESPONJA,SULLA SPUGNA,SUR L’ÉPONGE,AUF DEM SCHWAMM,スポンジの上,すぽんじのうえ,SPONJI NO UE,OP DE SPONS,,,,,,
17,,SCRUB,ESFREGAR,FROTAR,STROFINARE,RÉCURER,SCHRUBBEN,擦る,こする,KOSURU,SCHROBBEN,,,,,,
17,,PLATE,PRATO,PLATO,PIATTO,ASSIETTE,TELLER,皿,さら,SARA,BORD,,,,,,
17,,RINSE,ENXAGUAR,ENJUAGAR,SCIACQUARE,RINCER,SPÜLEN,濯ぐ,すすぐ,SUSUGU,SPOELEN,,,,,,
17,,RINSE HANDS,ENXAGUAR AS MÃOS,ENJUAGAR LAS MANOS,SCIACQUARE LE MANI,RINCER LES MAINS,HÄNDE SPÜLEN,手を濯ぐ,てをすすぐ,TE O SUSUGU,HANDEN SPOELEN,,,,,,
17,,RINSE PLATE,ENXAGUAR O PRATO,ENJUAGAR EL PLATO,SCIACQUARE IL PIATTO,RINCER L’ASSIETTE,TELLER SPÜLEN,皿を濯ぐ,さらをすすぐ,SARA O SUSUGU,BORD SPOELEN,,,,,,
17,,UNDER – OVER,DEBAIXO – EM CIMA,DEBAJO – ENCIMA,SOTTO – SOPRA,SOUS – SUR,UNTER – ÜBER,下 – 上,した – うえ,SHITA – UE,ONDER – BOVEN,,,,,,
17,,UNDER WATER,DEBAIXO DA ÁGUA,DEBAJO DEL AGUA,SOTTO L’ACQUA,SOUS L’EAU,UNTER WASSER,水の下,みずのした,MIZU NO SHITA,ONDER WATER,,,,,,
17,,PUT PLATE UNDER WATER,COLOCAR PRATO DEBAIXO DA ÁGUA,PONER EL PLATO DEBAJO DEL AGUA,METTERE IL PIATTO SOTTO L’ACQUA,METTRE L’ASSIETTE SOUS L’EAU,TELLER UNTER WASSER HALTEN,皿を水の下に置く,さらをみずのしたにおく,SARA O MIZU NO SHITA NI OKU,BORD ONDER WATER ZETTEN,,,,,,
17,,DISH RACK,ESCORREDOR DE PRATOS,ESCURREPLATOS,SCOLAPIATTI,ÉGOUTTOIR,ABTROPFGESTELL,皿立て,さらたて,SARATATE,AFDROOGREK,,,,,,
17,,PUT PLATE IN DISH RACK,COLOCAR PRATO NO ESCORREDOR,PONER EL PLATO EN EL ESCURREPLATOS,METTERE IL PIATTO NELLO SCOLAPIATTI,METTRE L’ASSIETTE DANS L’ÉGOUTTOIR,TELLER INS ABTROPFGESTELL STELLEN,皿立てに皿を置く,さらたてにさらをおく,SARATATE NI SARA O OKU,BORD IN AFDROOGREK ZETTEN,,,,,,
17,,GLASS,COPO,VASO,BICCHIERE,VERRE,GLAS,コップ,こっぷ,KOPPU,GLAS,,,,,,
17,,CLEAN ROOM – CLEAN TABLE,LIMPAR QUARTO – LIMPAR MESA,LIMPIAR HABITACIÓN – LIMPIAR MESA,PULIRE STANZA – PULIRE TAVOLO,NETTOYER LA CHAMBRE – NETTOYER LA TABLE,ZIMMER REINIGEN – TISCH REINIGEN,部屋を掃除する – テーブルを掃除する,へやをそうじする – てーぶるをそうじする,HEYA O SOUJI SURU – TE-BURU O SOUJI SURU,KAMER SCHOONMAKEN – TAFEL SCHOONMAKEN,,,,,,
17,,RINSE HANDS – RINSE GLASS,ENXAGUAR AS MÃOS – ENXAGUAR O COPO,ENJUAGAR LAS MANOS – ENJUAGAR EL VASO,SCIACQUARE LE MANI – SCIACQUARE IL BICCHIERE,RINCER LES MAINS – RINCER LE VERRE,HÄNDE SPÜLEN – GLAS SPÜLEN,手を濯ぐ – コップを濯ぐ,てをすすぐ – こっぷをすすぐ,TE O SUSUGU – KOPPU O SUSUGU,HANDEN SPOELEN – GLAS SPOELEN,,,,,,
17,,ENGINE,MOTOR,MOTOR,MOTORE,MOTEUR,MOTOR,エンジン,えんじん,ENJIN,MOTOR,,,,,,
17,,CHECK ENGINE,VERIFICAR MOTOR,REVISAR MOTOR,CONTROLLARE MOTORE,VÉRIFIER LE MOTEUR,MOTOR PRÜFEN,エンジンを確認する,えんじんをかくにんする,ENJIN O KAKUNIN SURU,MOTOR CONTROLEREN,,,,,,
17,,CLEAN THE SINK,LIMPAR A PIA,LIMPIAR EL FREGADERO,PULIRE IL LAVANDINO,NETTOYER L’ÉVIER,WASCHBECKEN REINIGEN,流しを掃除する,ながしをそうじする,NAGASHI O SOUJI SURU,WASBAK SCHOONMAKEN,,,,,,
17,,SLOWLY – QUICKLY,DEVAGAR – RAPIDAMENTE,DESPACIO – RÁPIDAMENTE,LENTAMENTE – VELOCEMENTE,LENTEMENT – RAPIDEMENT,LANGSAM – SCHNELL,ゆっくり – 早く,ゆっくり – はやく,YUKKURI – HAYAKU,LANGZAAM – SNEL,,,,,,
17,,SMILE,SORRIR,SONREÍR,SORRIDERE,SOURIRE,LÄCHELN,笑う,わらう,WARAU,GLIMLACHEN,,,,,,
17,,ARRIVE – LEAVE,CHEGAR – SAIR,LLEGAR – SALIR,ARRIVARE – PARTIRE,ARRIVER – PARTIR,ANKOMMEN – VERLASSEN,突く – 去る,つく – さる,TSUKU – SARU,AANKOMEN – VERTREKKEN,,,,,,
17,,STAY – LEAVE,FICAR – SAIR,QUEDARSE – IRSE,RESTARE – ANDARE VIA,RESTER – PARTIR,BLEIBEN – GEHEN,居る – 去る,いる – さる,IRU – SARU,BLIJVEN – WEGGAAN,,,,,,
18,,COLD – HOT,FRIO – QUENTE,FRÍO – CALIENTE,FREDDO – CALDO,FROID – CHAUD,KALT – HEISS,冷たい – 熱い,つめたい – あつい,TSUMETAI – ATSUI,KOUD – HEET,,,,,,
18,,FEEL COLD – FEEL HOT,SENTIR FRIO – SENTIR CALOR,SENTIR FRÍO – SENTIR CALOR,SENTIRE FREDDO – SENTIRE CALDO,AVOIR FROID – AVOIR CHAUD,KALT SEIN – HEISS SEIN,寒く感じる – 暑く感じる,さむくかんじる – あつくかんじる,SAMUKU KANJIRU – ATSUKU KANJIRU,KOUD AANVOELEN – WARM AANVOELEN,,,,,,
18,,HE IS SICK – HE FEELS SICK,ELE ESTÁ DOENTE – ELE SE SENTE MAL,ÉL ESTÁ ENFERMO – ÉL SE SIENTE MAL,LUI È MALATO – SI SENTE MALE,IL EST MALADE – IL SE SENT MAL,ER IST KRANK – ER FÜHLT SICH KRANK,彼は病気だ – 気分が悪い,かれはびょうきだ – きぶんがわるい,KARE WA BYOUKI DA – KIBUN GA WARUI,HIJ IS ZIEK – HIJ VOELT ZICH ZIEK,,,,,,
18,,TOUCH – NOT TOUCH,TOCAR – NÃO TOCAR,TOCAR – NO TOCAR,TOCCARE – NON TOCCARE,TOUCHER – NE PAS TOUCHER,BERÜHREN – NICHT BERÜHREN,触る – 触らない,さわる – さわらない,SAWARU – SAWARANAI,RAKEN – NIET RAKEN,,,,,,
18,,HEAD – NOSE – MOUTH,CABEÇA – NARIZ – BOCA,CABEZA – NARIZ – BOCA,TESTA – NASO – BOCCA,TÊTE – NEZ – BOUCHE,KOPF – NASE – MUND,頭 – 鼻 – 口,あたま – はな – くち,ATAMA – HANA – KUCHI,HOOFD – NEUS – MOND,,,,,,
18,,SIT – STAND UP,SENTAR – LEVANTAR,SENTARSE – LEVANTARSE,SEDERSI – ALZARSI,S’ASSEOIR – SE LEVER,SICH SETZEN – AUFSTEHEN,座る – 立つ,すわる – たつ,SUWARU – TATSU,GAAN ZITTEN – OPSTAAN,,,,,,
18,,COUGH,TOSSIR,TOSER,TOSSIRE,TOUSSER,HUSTEN,席をする,せきをする,SEKI O SURU,HOESTEN,,,,,,
18,,QUIET – LOUD,SILÊNCIO – ALTO,SILENCIOSO – FUERTE,SILENZIOSO – FORTE,CALME – FORT,LEISE – LAUT,静か – うるさい,しずか – うるさい,SHIZUKA – URUSAI,STIL – LUID,,,,,,
18,,COUGH QUIETLY – COUGH LOUDLY,TOSSIR BAIXO – TOSSIR ALTO,TOSER DESPACIO – TOSER FUERTE,TOSSIRE PIANO – TOSSIRE FORTE,TOUSSER DOUCEMENT – TOUSSER FORT,LEISE HUSTEN – LAUT HUSTEN,静かに席をする – 大きく席をする,しずかにせきをする – おおきくせきをする,SHIZUKA NI SEKI O SURU – OOKIKU SEKI O SURU,ZACHT HOESTEN – HARD HOESTEN,,,,,,
18,,LOOK – LOOK FOR,OLHAR – PROCURAR,MIRAR – BUSCAR,GUARDARE – CERCARE,REGARDER – CHERCHER,SEHEN – SUCHEN,見る – 探す,みる – さがす,MIRU – SAGASU,KIJKEN – ZOEKEN,,,,,,
18,,TISSUE ,LENÇO,PAÑUELO,FAZZOLETTO,MOUCHOIR,TASCHENTUCH,ティッシュ,てぃっしゅ,TISSHU,TISSUE,,,,,,
18,,TAKE OUT – PUT IN,TIRAR – COLOCAR,SACAR – PONER,TOGLIERE – METTERE,SORTIR – METTRE,HERAUSNEHMEN – HINEINLEGEN,出す – 入れる,だす – いれる,DASU – IRERU,UITNEMEN – INDOEN,,,,,,
18,,TO – FROM,PARA – DE,HACIA – DESDE,A – DA,À – DE,ZU – VON,え – から,え – から,E – KARA,NAAR – VAN,,,,,,
18,,POCKET,BOLSO,BOLSILLO,TASCA,POCHE,TASCHE,ポケット,ぽけっと,POKETTO,ZAK,,,,,,
18,,HIS POCKET – HER POCKET,O BOLSO DELE – O BOLSO DELA,SU BOLSILLO – SU BOLSILLO,LA SUA TASCA – LA SUA TASCA,SA POCHE – SA POCHE,SEINE TASCHE – IHRE TASCHE,彼のポケット – 彼女のポケット,かれのぽけっと – かのじょのぽけっと,KARE NO POKETTO – KANOJO NO POKETTO,ZIJN ZAK – HAAR ZAK,,,,,,
18,,BLOW,ASSOPRAR,SOPLAR,SOFFIARE,SOUFFLER,BLASEN,拭く,ふく,FUKU,BLAZEN,,,,,,
18,,BLOW NOSE,ASSOPRAR O NARIZ,SONARSE LA NARIZ,SOFFIARSI IL NASO,SE MOUCHER,SCHNAUZEN,鼻を噛む,はなをかむ,HANA O KAMU,NEUS SNUITEN,,,,,,
18,,DRINK,BEBER,BEBER,BERE,BOIRE,TRINKEN,飲む,のむ,NOMU,DRINKEN,,,,,,
18,,SOME – A LOT,ALGUM – MUITO,ALGO – MUCHO,POCO – MOLTO,UN PEU – BEAUCOUP,WENIG – VIEL,少し – たくさん,すこし – たくさん,SUKOSHI – TAKUSAN,WEINIG – VEEL,,,,,,
18,,WATER,ÁGUA,AGUA,ACQUA,EAU,WASSER,水,みず,MIZU,WATER,,,,,,
18,,THINK – THINK ABOUT,PENSAR – PENSAR SOBRE,PENSAR – PENSAR EN,PENSARE – PENSARE A,PENSER – PENSER À,DENKEN – NACHDENKEN,考える – 考えること,かんがえる – かんがえること,KANGAERU – KANGAERU KOTO,DENKEN – NADENKEN,,,,,,
18,,COME IN – GO OUT,ENTRAR – SAIR,ENTRAR – SALIR,ENTRARE – USCIRE,ENTRER – SORTIR,HINEINGEHEN – HINAUSGEHEN,入る – 出る,はいる – でる,HAIRU – DERU,BINNENGAAN – BUITENGAAN,,,,,,
18,,WALK – RUN,ANDAR – CORRER,CAMINAR – CORRER,CAMMINARE – CORRERE,MARCHER – COURIR,GEHEN – RENNEN,歩く – 走る,あるく – はしる,ARUKU – HASHIRU,LOPEN – RENNEN,,,,,,
18,,SLOW – QUICK,DEVAGAR – RÁPIDO,LENTO – RÁPIDO,LENTO – VELOCE,LENT – RAPIDE,LANGSAM – SCHNELL,ゆっくり – 早く,ゆっくり – はやく,YUKKURI – HAYAKU,LANGZAAM – SNEL,,,,,,
18,,WALK SLOWLY – WALK QUICKLY,ANDAR DEVAGAR – ANDAR RÁPIDO,CAMINAR DESPACIO – CAMINAR RÁPIDO,CAMMINARE LENTAMENTE – VELOCEMENTE,MARCHER LENTEMENT – RAPIDEMENT,LANGSAM GEHEN – SCHNELL GEHEN,ゆっくり歩く – 早く歩く,ゆっくりあるく – はやくあるく,YUKKURI ARUKU – HAYAKU ARUKU,LANGZAAM LOPEN – SNEL LOPEN,,,,,,
18,,DOOR,PORTA,PUERTA,PORTA,PORTE,TÜR,ドア,どあ,DOA,DEUR,,,,,,
18,,TO THE DOOR,PARA A PORTA,A LA PUERTA,ALLA PORTA,À LA PORTE,ZUR TÜR,ドアへ,どあへ,DOA E,NAAR DE DEUR,,,,,,
18,,CALL,CHAMAR,LLAMAR,CHIAMARE,APPELER,ANRUFEN,呼ぶ,よぶ,YOBU,BELLEN,,,,,,
18,,DRUGSTORE,FARMÁCIA,DROGUERÍA,FARMACIA,PHARMACIE,APOTHEKE,薬局,やっきょく,YAKKYOKU,APOTHEEK,,,,,,
18,,FIRST – SECOND – THIRD,PRIMEIRO – SEGUNDO – TERCEIRO,PRIMERO – SEGUNDO – TERCERO,PRIMO – SECONDO – TERZO,PREMIER – DEUXIÈME – TROISIÈME,ERSTE – ZWEITE – DRITTE,一番目 – 二番目 – 三番目,いちばんめ – にばんめ – さんばんめ,ICHIBANME – NIBANME – SANBANME,EERSTE – TWEEDE – DERDE,,,,,,
18,,LISTEN – LISTEN TO,OUVIR – OUVIR A,ESCUCHAR – ESCUCHAR A,ASCOLTARE – ASCOLTARE,ÉCOUTER – ÉCOUTER,HOEREN – ZUHÖREN,聞く – 聞く,きく – きく,KIKU – KIKU,LUISTEREN – LUISTEREN NAAR,,,,,,
18,,ARRIVE – LEAVE,CHEGAR – SAIR,LLEGAR – SALIR,ARRIVARE – PARTIRE,ARRIVER – PARTIR,ANKOMMEN – VERLASSEN,突く – 去る,つく – さる,TSUKU – SARU,AANKOMEN – VERTREKKEN,,,,,,
18,,LEAVE THE HOUSE,SAIR DE CASA,SALIR DE CASA,USCIRE DI CASA,SORTIR DE LA MAISON,DAS HAUS VERLASSEN,家を出る,いえをでる,IE O DERU,HET HUIS VERLATEN,,,,,,
18,,BUY – SELL,COMPRAR – VENDER,COMPRAR – VENDER,COMPRARE – VENDERE,ACHETER – VENDRE,KAUFEN – VERKAUFEN,買う – 売る,かう – うる,KAU – URU,KOPEN – VERKOPEN,,,,,,
18,,MEDICINE,REMÉDIO,MEDICINA,MEDICINA,MÉDICAMENT,MEDIZIN,薬,くすり,KUSURI,MEDICIJN,,,,,,
18,,TAKE MEDICINE,TOMAR REMÉDIO,TOMAR MEDICINA,PRENDERE MEDICINA,PRENDRE UN MÉDICAMENT,MEDIZIN NEHMEN,薬を飲む,くすりをのむ,KUSURI O NOMU,MEDICIJN INNEMEN,,,,,,
18,,AT HOME – AT THE SUPERMARKET,EM CASA – NO SUPERMERCADO,EN CASA – EN EL SUPERMERCADO,A CASA – AL SUPERMERCATO,À LA MAISON – AU SUPERMARCHÉ,ZU HAUSE – IM SUPERMARKT,家で – スーパーで,いえで – すーぱーで,IE DE – SUUPAA DE,THUIS – IN DE SUPERMARKT,,,,,,
18,,LIE DOWN – GET UP,DEITAR – LEVANTAR,ACOSTARSE – LEVANTARSE,CORICARSI – ALZARSI,SE COUCHER – SE LEVER,SICH HINLEGEN – AUFSTEHEN,横になる – 起きる,よこになる – おきる,YOKO NI NARU – OKIRU,GAAN LIGGEN – OPSTAAN,,,,,,
18,,BED,CAMA,CAMA,LETTO,LIT,BETT,ベッド,べっど,BEDDO,BED,,,,,,
18,,ON THE BED,NA CAMA,EN LA CAMA,SUL LETTO,SUR LE LIT,AUF DEM BETT,ベッドの上,べっどのうえ,BEDDO NO UE,OP HET BED,,,,,,
18,,REST – WORK,DESCANSAR – TRABALHAR,DESCANSAR – TRABAJAR,RIPOSARE – LAVORARE,SE REPOSER – TRAVAILLER,AUSRUHEN – ARBEITEN,休む – 働く,やすむ – はたらく,YASUMU – HATARAKU,RUSTEN – WERKEN,,,,,,
19,,WALK DOWN – WALK UP,DESCER – SUBIR,BAJAR – SUBIR,SCENDERE – SALIRE,DESCENDRE – MONTER,HINUNTERGEHEN – HINAUFGEHEN,降りる – 登る,おりる – のぼる,ORIRU – NOBORU,NAAR BENEDEN GAAN – NAAR BOVEN GAAN,,,,,,
19,,STREET,RUA,CALLE,STRADA,RUE,STRASSE,通り,とおり,TOORI,STRAAT,,,,,,
20,,SEE – DOES NOT SEE,VER – NÃO VÊ,VER – NO VE,VEDERE – NON VEDE,VOIR – NE VOIT PAS,SEHEN – SIEHT NICHT,見る – 見えない,みる – みえない,MIRU – MIENAI,ZIEN – ZIET NIET,,,,,,
20,,HOUSE,CASA,CASA,CASA,MAISON,HAUS,家,いえ,IE,HUIS,,,,,,
20,,HIS HOUSE – HER HOUSE,A CASA DELE – A CASA DELA,SU CASA – SU CASA,LA SUA CASA – LA SUA CASA,SA MAISON – SA MAISON,SEIN HAUS – IHR HAUS,彼の家 – 彼女の家,かれのいえ – かのじょのいえ,KARE NO IE – KANOJO NO IE,ZIJN HUIS – HAAR HUIS,,,,,,
20,,MY – YOUR – HIS – HER – ITS – THEIR,MEU – SEU – DELE – DELA – DELE – DELES,MI – TU – SU – SU – SU – SU,MIO – TUO – SUO – SUA – SUO – LORO,MON – TON – SON – SA – SON – LEUR,MEIN – DEIN – SEIN – IHR – SEIN – IHR,私の – あなたの – 彼の – 彼女の – その – 彼らの,わたしの – あなたの – かれの – かのじょの – その – かれらの,WATASHI NO – ANATA NO – KARE NO – KANOJO NO – SONO – KARERA NO,MIJN – JOUW – ZIJN – HAAR – ZIJN – HUN,,,,,,
20,,TAKE A BREATH – HOLD YOUR BREATH,RESPIRAR – PRENDER A RESPIRAÇÃO,RESPIRAR – AGUANTAR LA RESPIRACIÓN,RESPIRARE – TRATTENERE IL RESPIRO,RESPIRER – RETENIR SON SOUFFLE,ATM ENHOLEN – LUFT ANHALTEN,息を吸う – 息を止める,いきをすう – いきをとめる,IKI O SUU – IKI O TOMERU,ADEM HALEN – ADEM INHOUDEN,,,,,,
20,,DEEP – SHALLOW,PROFUNDO – RASO,PROFUNDO – SUPERFICIAL,PROFONDO – SUPERFICIALE,PROFOND – PEU PROFOND,TIEF – FLACH,深い – 浅い,ふかい – あさい,FUKAI – ASAI,DIEP – OPPERVLAKKIG,,,,,,
20,,TAKE A DEEP BREATH,RESPIRAR FUNDO,RESPIRAR PROFUNDO,FARE UN RESPIRO PROFONDO,PRENDRE UNE PROFONDE RESPIRATION,TIEF EINATMEN,深呼吸する,しんこきゅうする,SHINKOKYUU SURU,DIEP ADEMHALEN,,,,,,
20,,OPEN – CLOSE,ABRIR – FECHAR,ABRIR – CERRAR,APRIRE – CHIUDERE,OUVRIR – FERMER,ÖFFNEN – SCHLIESSEN,開ける – 閉める,あける – しめる,AKERU – SHIMERU,OPENEN – SLUITEN,,,,,,
20,,PURSE,BOLSA,CARTERA,BORSA,SAC À MAIN,HANDTASCHE,財布,さいふ,SAIFU,PORTEMONNEE,,,,,,
20,,BACKPACK,MOCHILA,MOCHILA,ZAINO,SAC À DOS,RUCKSACK,リュック,りゅっく,RYUKKU,RUGZAK,,,,,,
20,,HIS BACKPACK – HER PURSE,A MOCHILA DELE – A BOLSA DELA,SU MOCHILA – SU CARTERA,IL SUO ZAINO – LA SUA BORSA,SON SAC – SON SAC À MAIN,SEIN RUCKSACK – IHRE HANDTASCHE,彼のリュック – 彼女の財布,かれのりゅっく – かのじょのさいふ,KARE NO RYUKKU – KANOJO NO SAIFU,ZIJN RUGZAK – HAAR TAS,,,,,,
20,,LOOK – LOOK FOR,OLHAR – PROCURAR,MIRAR – BUSCAR,GUARDARE – CERCARE,REGARDER – CHERCHER,SCHAUEN – SUCHEN,見る – 探す,みる – さがす,MIRU – SAGASU,KIJKEN – ZOEKEN,,,,,,
20,,KEY – KEYS,CHAVE – CHAVES,LLAVE – LLAVES,CHIAVE – CHIAVI,CLÉ – CLÉS,SCHLÜSSEL – SCHLÜSSEL,鍵 – 鍵,かぎ – かぎ,KAGI – KAGI,SLEUTEL – SLEUTELS,,,,,,
20,,TAKE OUT – PUT IN,TIRAR – COLOCAR,SACAR – PONER,TOGLIERE – METTERE,SORTIR – METTRE,HER AUSHOLEN – HINEINLEGEN,出す – 入れる,だす – いれる,DASU – IRERU,ERUIT HALEN – INDOEN,,,,,,
20,,LOCK – UNLOCK,TRANCAR – DESTRANCAR,CERRAR – ABRIR,CHIUDERE – APRIRE,FERMER – OUVRIR,ABSCHLIESSEN – AUFSCHLIESSEN,鍵を掛ける – 鍵を開ける,かぎをかける – かぎをあける,KAGI O KAKERU – KAGI O AKERU,OP SLOT DOEN – ONTGRENDELEN,,,,,,
20,,LOCK DOOR – UNLOCK DOOR,TRANCAR A PORTA – DESTRANCAR A PORTA,CERRAR LA PUERTA – ABRIR LA PUERTA,CHIUDERE LA PORTA – APRIRE LA PORTA,FERMER LA PORTE – OUVRIR LA PORTE,TÜR ABSCHLIESSEN – TÜR AUFSCHLIESSEN,ドアに鍵を掛ける – ドアを開ける,どあにかぎをかける – どあをあける,DOA NI KAGI O KAKERU – DOA O AKERU,DEUR OP SLOT DOEN – DEUR ONTSLUITEN,,,,,,
20,,ENTER – EXIT,ENTRAR – SAIR,ENTRAR – SALIR,ENTRARE – USCIRE,ENTRER – SORTIR,HINEINGEHEN – HINAUSGEHEN,入る – 出る,はいる – でる,HAIRU – DERU,BINNENGAAN – NAAR BUITEN GAAN,,,,,,
20,,ENTER THE HOUSE,ENTRAR NA CASA,ENTRAR EN LA CASA,ENTRARE IN CASA,ENTRER DANS LA MAISON,DAS HAUS BETRETEN,家に入る,いえにはいる,IE NI HAIRU,HET HUIS BINNENGAAN,,,,,,
20,,OPEN – SHUT,ABRIR – FECHAR,ABRIR – CERRAR,APRIRE – CHIUDERE,OUVRIR – FERMER,ÖFFNEN – SCHLIESSEN,開ける – 閉める,あける – しめる,AKERU – SHIMERU,OPENEN – SLUITEN,,,,,,
20,,SHUT THE DOOR,FECHAR A PORTA,CERRAR LA PUERTA,CHIUDERE LA PORTA,FERMER LA PORTE,DIE TÜR SCHLIESSEN,ドアを閉める,どあをしめる,DOA O SHIMERU,DEUR SLUITEN,,,,,,
20,,IN FRONT OF – BEHIND,NA FRENTE DE – ATRÁS DE,DELANTE DE – DETRÁS DE,DAVANTI A – DIETRO,DEVANT – DERRIÈRE,VOR – HINTER,前 – 後ろ,まえ – うしろ,MAE – USHIRO,VOOR – ACHTER,,,,,,
20,,BEHIND HIM – BEHIND HER,ATRÁS DELE – ATRÁS DELA,DETRÁS DE ÉL – DETRÁS DE ELLA,DIETRO DI LUI – DIETRO DI LEI,DERRIÈRE LUI – DERRIÈRE ELLE,HINTER IHM – HINTER IHR,彼の後ろ – 彼女の後ろ,かれのうしろ – かのじょのうしろ,KARE NO USHIRO – KANOJO NO USHIRO,ACHTER HEM – ACHTER HAAR,,,,,,
20,,TURN ON – TURN OFF,LIGAR – DESLIGAR,ENCENDER – APAGAR,ACCENDERE – SPEGNERE,ALLUMER – ÉTEINDRE,EINSCHALTEN – AUSSCHALTEN,付ける – 消す,つける – けす,TSUKERU – KESU,AANZETTEN – UITZETTEN,,,,,,
20,,LAMP,LÂMPADA,LÁMPARA,LAMPADA,LAMPE,LAMPE,ランプ,らんぷ,RANPU,LAMP,,,,,,
20,,WALK – RUN,ANDAR – CORRER,CAMINAR – CORRER,CAMMINARE – CORRERE,MARCHER – COURIR,GEHEN – RENNEN,歩く – 走る,あるく – はしる,ARUKU – HASHIRU,LOPEN – RENNEN,,,,,,
20,,RECLINER,POLTRONA,RECLINABLE,POLTRONA,FAUTEUIL INCLINABLE,SESSEL,リクライナー,りくらいなー,RIKURAINAA,RELAXSTOEL,,,,,,
20,,SIT – STAND UP,SENTAR – LEVANTAR,SENTARSE – LEVANTARSE,SEDERSI – ALZARSI,S’ASSEOIR – SE LEVER,SITZEN – AUFSTEHEN,座る – 立つ,すわる – たつ,SUWARU – TATSU,ZITTEN – OPSTAAN,,,,,,
20,,RELAX – STRESS,RELAXAR – ESTRESSAR,RELAJAR – ESTRESAR,RILASSARSI – STRESSARE,SE DÉTENDRE – STRESSER,ENTSPANNEN – STRESSEN,リラックス – ストレス,りらっくす – すとれす,RIRAKKUSU – SUTORESU,ONTSPANNEN – STRESSEN,,,,,,
21,,LOOK – LOOK FOR,OLHAR – PROCURAR,MIRAR – BUSCAR,GUARDARE – CERCARE,REGARDER – CHERCHER,SCHAUEN – SUCHEN,見る – 探す,みる – さがす,MIRU – SAGASU,KIJKEN – ZOEKEN,,,,,,
21,,LOOK FOR – FIND,PROCURAR – ENCONTRAR,BUSCAR – ENCONTRAR,CERCARE – TROVARE,CHERCHER – TROUVER,SUCHEN – FINDEN,探す – 見つける,さがす – みつける,SAGASU – MITSUKERU,ZOEKEN – VINDEN,,,,,,
21,,VASE,VASO,JARRÓN,VASO,VASE,VASE,花瓶,かびん,KABIN,VAAS,,,,,,
21,,THINK – THINK ABOUT,PENSAR – PENSAR SOBRE,PENSAR – PENSAR EN,PENSARE – PENSARE A,PENSER – PENSER À,DENKEN – NACHDENKEN,考える – 考えること,かんがえる – かんがえること,KANGAERU – KANGAERU KOTO,DENKEN – NADENKEN,,,,,,
21,,FRIEND,AMIGO,AMIGO,AMICO,AMI,FRIEND,友達,ともだち,TOMODACHI,VRIEND,,,,,,
21,,BOX,CAIXA,CAJA,SCATOLA,BOÎTE,KISTE,箱,はこ,HAKO,DOOS,,,,,,
21,,ON THE BOX – IN THE BOX,NA CAIXA – DENTRO DA CAIXA,SOBRE LA CAJA – DENTRO DE LA CAJA,SULLA SCATOLA – NELLA SCATOLA,SUR LA BOÎTE – DANS LA BOÎTE,AUF DER KISTE – IN DER KISTE,箱の上 – 箱の中,はこのうえ – はこのなか,HAKO NO UE – HAKO NO NAKA,OP DE DOOS – IN DE DOOS,,,,,,
21,,PUT – TAKE,COLOCAR – PEGAR,PONER – TOMAR,METTERE – PRENDERE,METTRE – PRENDRE,HINEINLEGEN – NEHMEN,置く – 取る,おく – とる,OKU – TORU,NEERLEGGEN – NEMEN,,,,,,
21,,PICK UP – PUT DOWN,PEGAR – COLOCAR,RECOGER – DEJAR,RACCOGLIERE – POSARE,PRENDRE – POSER,AUFHEBEN – ABLEGEN,引 – 置く,ひ – おく,HIR? – OKU,OPPAKKEN – NEERZETTEN,,,,,,
21,,GIFT,PRESENTE,REGALO,REGALO,CADEAU,GESCHENK,贈り物,おくりもの,OKURIMONO,CADEAU,,,,,,
21,,GIFT WRAP,PAPEL DE PRESENTE,PAPEL DE REGALO,CARTA DA REGALO,PAPIER CADEAU,GESCHENKPAPIER,封筒,ふうとう,H?S?SHI,INPAKTPAPIER,,,,,,
21,,SPREAD,ESPALHAR,EXTENDER,SPALMARE,ÉTALER,VERSTREICHEN,広げる,ひろげる,HIROGERU,UITSMEREN,,,,,,
21,,JAM,GELEIA,MERMELADA,MARMELLATA,CONFITURE,MARMELADE,ジャム,じゃむ,JAMU,JAM,,,,,,
21,,BREAD,PÃO,PAN,PANE,PAIN,BROT,パン,ぱん,PAN,BROOD,,,,,,
21,,SPREAD JAM ON BREAD,ESPALHAR GELEIA NO PÃO,UNTAR MERMELADA NO PAN,SPALMARE MARMELLATA SUL PANE,ÉTALER DE LA CONFITURE SUR LE PAIN,MARMELADE AUF BROT STREICHEN,パンにジャムを塗る,ぱんにじゃむをぬる,PAN NI JAMU O NURU,JAM OP BROOD SMEREN,,,,,,
21,,WRAP,EMBRULHAR,ENVOLVER,AVVOLGERE,EMBALLER,EINWICKELN,包む,つつむ,TSUTSUMU,INPAKKEN,,,,,,
21,,TABLE,MESA,MESA,TAVOLO,TABLE,TISCH,テーブル,てーぶる,T?BURU,TAFEL,,,,,,
21,,ON THE TABLE,NA MESA,SOBRE LA MESA,SUL TAVOLO,SUR LA TABLE,AUF DEM TISCH,テーブルの上,てーぶるのうえ,T?BURU NO UE,OP DE TAFEL,,,,,,
21,,PUT BOX ON WRAP,COLOCAR CAIXA NO PAPEL,PONER LA CAJA EN EL PAPEL,METTERE LA SCATOLA SULLA CARTA,POSER LA BOÎTE SUR LE PAPIER,DIE KISTE AUF DAS PAPIER LEGEN,箱を紙の上に置く,はこをかみのうえにおく,HAKO O KAMI NO UE NI OKU,DOOS OP HET PAPIER LEGGEN,,,,,,
21,,PAPER,PAPEL,PAPEL,CARTA,PAPIER,PAPIER,紙,かみ,KAMI,PAPIER,,,,,,
21,,FOLD PAPER,DOBRAR PAPEL,DOBLAR PAPEL,PIEGARE LA CARTA,PLIER LE PAPIER,PAPIER FALTEN,紙を折る,かみをおる,KAMI O ORU,PAPIER VOUWEN,,,,,,
21,,FOLD WRAP,DOBRAR EMBRULHO,DOBLAR ENVOLTORIO,PIEGARE L’INCARTO,PLIER L’EMBALLAGE,VERPACKUNG FALTEN,封紙を折る,ふうしをおる,H?S? O ORU,INPAKTPAPIER VOUWEN,,,,,,
21,,AROUND,AO REDOR,ALREDEDOR,INTORNO,AUTOUR,RUND UM,周りに,まわりに,MAWARI NI,RONDOM,,,,,,
21,,WORLD,MUNDO,MUNDO,MONDO,MONDE,WELT,世界,せかい,SEKAI,WERELD,,,,,,
21,,AROUND THE WORLD,AO REDOR DO MUNDO,ALREDEDOR DEL MUNDO,INTORNO AL MONDO,AUTOUR DU MONDE,RUND UM DIE WELT,世界地図,せかいちず,SEKAIJ?,DE HELE WERELD,,,,,,
21,,AROUND THE BOX,AO REDOR DA CAIXA,ALREDEDOR DE LA CAJA,INTORNO ALLA SCATOLA,AUTOUR DE LA BOÎTE,RUND UM DIE KISTE,箱の周り,はこのまわり,HAKO NO MAWARI,RONDOM DE DOOS,,,,,,
21,,GET TOWEL,PEGAR TOALHA,AGARRAR TOALLA,PRENDERE ASCIUGAMANO,PRENDRE UNE SERVIETTE,HANDTUCH HOLEN,タオルを取る,たおるをとる,TAORU O TORU,HANDDOEK PAKKEN,,,,,,
21,,TAPE,FITA,CINTA,NASTRO,RUBAN,KLEBEBAND,テープ,てーぷ,T?PU,TAPE,,,,,,
21,,GET TAPE ,PEGAR FITA,AGARRAR CINTA,PRENDERE NASTRO,PRENDRE DU RUBAN,KLEBEBAND HOLEN,テープを取る,てーぷをとる,T?PU O TORU,TAPE PAKKEN,,,,,,
21,,WITH – WITHOUT,COM – SEM,CON – SIN,CON – SENZA,AVEC – SANS,MIT – OHNE,と一緒に – 無しで,といっしょに – なしで,TO ISSHO NI – NASHI DE,MET – ZONDER,,,,,,
21,,GLUE ,COLA,PEGAMENTO,COLLA,COLLE,KLEBER,海苔,のり,NORI,LIJM,,,,,,
21,,GLUE STICKS,COLA GRUDA,PEGAMENTO PEGA,COLLA ADESIVA,COLLE QUI COLLE,KLEBER KLEBT,海苔が付く,のりがつく,NORI GA TSUKU,LIJM PLAKT,,,,,,
21,,STICK TAPE ON WRAP,COLOCAR FITA NO PAPEL,PEGAR CINTA AL PAPEL,ATTACCARE NASTRO ALL’INCARTO,COLLER LE RUBAN SUR L’EMBALLAGE,KLEBEBAND AUF DIE VERPACKUNG KLEBEN,封筒にテープを貼る,ふうとうにてーぷをはる,H?S? NI T?PU O HARU,TAPE OP INPAKTPAPIER PLAKKEN,,,,,,
21,,RIBBON,FITA LAÇO,LAZO,NASTRO,RUBAN,BAND,リボン,りぼん,RIBON,LINT,,,,,,
21,,SCISSORS,TESOURA,TIJERAS,FORBICI,CISEAUX,SCHERE,ハサミ,はさみ,HASAMI,SCHAAR,,,,,,
21,,CUT,CORTAR,CORTAR,TAGLIARE,COUPER,SCHNEIDEN,切る,きる,KIRU,KNIPPEN,,,,,,
21,,CUT RIBBON,CORTAR FITA,CORTAR LAZO,TAGLIARE IL NASTRO,COUPER LE RUBAN,BAND SCHNEIDEN,リボンを切る,りぼんをきる,RIBON O KIRU,LINT KNIPPEN,,,,,,
21,,WRAP RIBBON AROUND BOX,ENROLAR FITA NA CAIXA,ENROLLAR LAZO A LA CAJA,AVVOLGERE IL NASTRO INTORNO ALLA SCATOLA,ENROULER LE RUBAN AUTOUR DE LA BOÎTE,BAND UM DIE KISTE WICKELN,箱にリボンを巻く,はこにりぼんをまく,HAKO NI RIBON O MAKU,LINT RONDOM DE DOOS WIKKELEN,,,,,,
21,,KNOT,NÓ,NUDO,NODO,NŒUD,KNOTEN,結び目,むすびめ,MUSUBIME,KNOOP,,,,,,
21,,MAKE A KNOT,FAZER UM NÓ,HACER UN NUDO,FARE UN NODO,FAIRE UN NŒUD,EINEN KNOTEN MACHEN,結び目を作る,むすびめをつくる,MUSUBIME O TSUKURU,EEN KNOOP MAKEN,,,,,,
21,,SIMPLE – COMPLEX,SIMPLES – COMPLEXO,SIMPLE – COMPLEJO,SEMPLICE – COMPLESSO,SIMPLE – COMPLEXE,EINFACH – KOMPLEX,簡単 – 複雑,かんたん – ふくざつ,KANTAN – FUKUZATSU,EENVOUDIG – COMPLEX,,,,,,
21,,SMILE,SORRIR,SONREÍR,SORRIDERE,SOURIRE,LÄCHELN,笑う,わらう,WARAU,GLIMLACHEN,,,,,,
21,,GIVE – TAKE,DAR – PEGAR,DAR – TOMAR,DARE – PRENDERE,DONNER – PRENDRE,GEBEN – NEHMEN,上げる – 取る,あげる – とる,AGERU – TORU,GEVEN – NEMEN,,,,,,
21,,PRESENT,PRESENTE,REGALO,REGALO,CADEAU,GESCHENK,プレゼント,ぷれぜんと,PUREZENTO,CADEAU,,,,,,
22,,GET – GRAB,PEGAR – AGARRAR,COGER – AGARRAR,PRENDERE – AFFERRARE,PRENDRE – ATTRAPER,HOLEN – GREIFEN,取る – 掴む,とる – つかむ,TORU – TSUKAMU,PAKKEN – GRIJPEN,,,,,,
22,,BANANA,BANANA,BANANA,BANANA,BANANE, BANANE,バナナ,ばなな,BANANA,BANAAN,,,,,,
22,,SOME – A LOT,ALGUM – MUITO,ALGO – MUCHO,UN PO’ – MOLTO,UN PEU – BEAUCOUP,ETWAS – VIEL,少し – たくさん,すこし – たくさん,SUKOSHI – TAKUSAN,EEN BEETJE – VEEL,,,,,,
22,,BERRY – BERRIES,BAGAS – FRUTAS VERMELHAS,BAYA – BAYAS,BACCA – BACCHE,BAIE – BAIES,BEERE – BEEREN,ベリー – ベリー類,べりー – べりーるい,BER? – BER?RUI,BES – BESSEN,,,,,,
22,,ADD ,ADICIONAR,AÑADIR,AGGIUNGERE,AJOUTER,HINZUFÜGEN,くわえる,くわえる,KUWAERU,TOEVOEGEN,,,,,,
22,,FRUIT,FRUTA,FRUTA,FRUTTA,FRUIT,OBST,果物,くだもの,KUDAMONO,FRUIT,,,,,,
22,,BLENDER,LIQUIDIFICADOR,LICUADORA,FRULLATORE,MIXEUR,MIXER,ミキサー,みきさー,MIKIS?,BLENDER,,,,,,
22,,ADD FRUITS TO BLENDER,ADICIONAR FRUTAS NO LIQUIDIFICADOR,AÑADIR FRUTAS A LA LICUADORA,AGGIUNGERE FRUTTA AL FRULLATORE,AJOUTER DES FRUITS AU MIXEUR,OBST IN DEN MIXER GEBEN,ミキサーに果物を入れる,みきさーにくだものをいれる,MIKIS? NI KUDAMONO O IRERU,FRUIT IN DE BLENDER DOEN,,,,,,
22,,POUR MILK,DESPEJAR LEITE,VERTER LECHE,VERSARE LATTE,VERSER DU LAIT,MILCH EINGIESSEN,牛乳を注ぐ,ぎゅうにゅうをそそぐ,GY?NY? O SOSOGU,MELK INSCHENKEN,,,,,,
22,,POUR SOME MILK – POUR A LOT OF MILK,DESPEJAR UM POUCO DE LEITE – MUITO LEITE,ECHAR UN POCO DE LECHE – MUCHA LECHE,VERSARE POCO LATTE – MOLTO LATTE,VERSER UN PEU DE LAIT – BEAUCOUP DE LAIT,EIN WENIG MILCH – VIEL MILCH EINGIESSEN,少し牛乳 – たくさん注ぐ,すこしぎゅうにゅう – たくさんそそぐ,SUKOSHI GY?NY? – TAKUSAN SOSOGU,EEN BEETJE MELK – VEEL MELK INSCHENKEN,,,,,,
22,,POUR INTO BLENDER,DESPEJAR NO LIQUIDIFICADOR,VERTER EN LA LICUADORA,VERSARE NEL FRULLATORE,VERSER DANS LE MIXEUR,IN DEN MIXER GIESSEN,ミキサーに注ぐ,みきさーにそそぐ,MIKIS? NI SOSOGU,IN DE BLENDER GIETEN,,,,,,
22,,ADD YOGURT ,ADICIONAR IOGURTE,AÑADIR YOGUR,AGGIUNGERE YOGURT,AJOUTER DU YAOURT,JOGHURT HINZUFÜGEN,ヨーグルトをくわえる,よーぐるとをくわえる,Y?GURUTO O KUWAERU,YOGHURT TOEVOEGEN,,,,,,
22,,MIXTURE,MISTURA,MEZCLA,MISCELA,MÉLANGE,MISCHUNG,まぜ物,まぜもの,MAZEMONO,MENGSEL,,,,,,
22,,ADD YOGURT TO BLENDER,ADICIONAR IOGURTE AO LIQUIDIFICADOR,AÑADIR YOGUR A LA LICUADORA,AGGIUNGERE YOGURT AL FRULLATORE,AJOUTER DU YAOURT AU MIXEUR,JOGHURT IN DEN MIXER GEBEN,ミキサーにヨーグルトを入れる,みきさーによーぐるとをいれる,MIKIS? NI Y?GURUTO O IRERU,YOGHURT IN DE BLENDER DOEN,,,,,,
22,,ADD YOGURT TO MIXTURE,ADICIONAR IOGURTE À MISTURA,AÑADIR YOGUR A LA MEZCLA,AGGIUNGERE YOGURT ALLA MISCELA,AJOUTER DU YAOURT AU MÉLANGE,JOGHURT ZUR MISCHUNG GEBEN,まぜ物にヨーグルトをくわえる,まぜものによーぐるとをくわえる,MAZEMONO NI Y?GURUTO O KUWAERU,YOGHURT AAN HET MENGSEL TOEVOEGEN,,,,,,
22,,TURN ON – TURN OFF,LIGAR – DESLIGAR,ENCENDER – APAGAR,ACCENDERE – SPEGNERE,ALLUMER – ÉTEINDRE,EINSCHALTEN – AUSSCHALTEN,付ける – 消す,つける – けす,TSUKERU – KESU,AANZETTEN – UITZETTEN,,,,,,
22,,TURN ON BLENDER,LIGAR LIQUIDIFICADOR,ENCENDER LICUADORA,ACCENDERE IL FRULLATORE,ALLUMER LE MIXEUR,MIXER EINSCHALTEN,ミキサーを付ける,みきさーをつける,MIKIS? O TSUKERU,BLENDER AANZETTEN,,,,,,
22,,HOLD,SEGURAR,SOSTENER,TENERE,TENIR,HALTEN,持つ,もつ,MOTSU,VASTHOUDEN,,,,,,
22,,LID,TAMPA,TAPA,COPERCHIO,COUVERCLE,DECKEL,蓋,ふた,FUTA,DEKSEL,,,,,,
22,,OPEN – SHUT,ABRIR – FECHAR,ABRIR – CERRAR,APRIRE – CHIUDERE,OUVRIR – FERMER,ÖFFNEN – SCHLIESSEN,開ける – 閉める,あける – しめる,AKERU – SHIMERU,OPENEN – SLUITEN,,,,,,
22,,HOLD LID SHUT,SEGURAR TAMPA FECHADA,SOSTENER TAPA CERRADA,TENERE IL COPERCHIO CHIUSO,TENIR LE COUVERCLE FERMÉ,DECKEL FESTHALTEN,蓋を押し合わせる,ふたをおさえる,FUTA O OS AERU,DEKSEL DICHTHOUDEN,,,,,,
22,,SMOOTHIE,VITAMINA,BATIDO,FRULLATO,SMOOTHIE,SMOOTHIE,スムージー,すむーじー,SUM?J?,SMOOTHIE,,,,,,
22,,INTO A GLASS,EM UM COPO,EN UN VASO,IN UN BICCHIERE,DANS UN VERRE,IN EIN GLAS,コップに,こっぷに,KOPPU NI,IN EEN GLAS,,,,,,
22,,POUR SMOOTHIE ,DESPEJAR VITAMINA,VERTER BATIDO,VERSARE FRULLATO,VERSER LE SMOOTHIE,SMOOTHIE EINGIESSEN,スムージーを注ぐ,すむーじーをそそぐ,SUM?J? O SOSOGU,SMOOTHIE INSCHENKEN,,,,,,
22,,POUR SMOOTHIE INTO A GLASS,DESPEJAR VITAMINA NO COPO,VERTER BATIDO EN EL VASO,VERSARE FRULLATO NEL BICCHIERE,VERSER LE SMOOTHIE DANS UN VERRE,SMOOTHIE IN EIN GLAS GIESSEN,スムージーをコップに注ぐ,すむーじーをこっぷにそそぐ,SUM?J? O KOPPU NI SOSOGU,SMOOTHIE IN EEN GLAS GIETEN,,,,,,
22,,STRAW,CANUDO,PAJILLA,CANNUCCIA,PAILLE,STROHHALM,ストロー,すとろー,SUTOR?,RIETJE,,,,,,
22,,ADD A STRAW,ADICIONAR CANUDO,AÑADIR PAJILLA,AGGIUNGERE CANNUCCIA,AJOUTER UNE PAILLE,STROHHALM HINZUFÜGEN,ストローを入れる,すとろーをいれる,SUTOR? O IRERU,RIETJE TOEVOEGEN,,,,,,
22,,TAKE A SIP – TAKE A GULP,DAR UM GOLE – DAR UM GOLÃO,DAR UN SORBO – DAR UN TRAGO,FARE UN SORSO – BERE UN SORSO GRANDE,PRENDRE UNE GORGÉE – AVALER, EINEN SCHLUCK NEHMEN – EINEN GROSSEN SCHLUCK NEHMEN,一口飲む – ごく飲む,ひとくちのむ – ごくのむ,HITOKUCHI NOMU – GOKU NOMU,EEN SLURK – EEN GROTE SLUOK,,,,,,
22,,PUT AWAY – TAKE OUT,GUARDAR – TIRAR,GUARDAR – SACAR,RIPORRE – TOGLIERE,RANGER – SORTIR,WEGRAUMEN – HERAUSHOLEN,しまう – 出す,しまう – だす,SHIMAU – DASU,OPRUIMEN – UITHALEN,,,,,,
22,,BLENDER ,LIQUIDIFICADOR,LICUADORA,FRULLATORE,MIXEUR,MIXER,ミキサー,みきさー,MIKIS?,BLENDER,,,,,,
22,,REFRIGERATOR – FRIDGE,GELADEIRA – REFRIGERADOR,REFRIGERADOR – NEVERA,FRIGORIFERO – FRIGO,RÉFRIGÉRATEUR – FRIGO,KÜHLSCHRANK,冷蔵庫,れいぞうこ,REIZ?KO,KOELKAST,,,,,,
22,,PUT THE BLENDER AWAY IN THE REFRIGERATOR,GUARDAR O LIQUIDIFICADOR NA GELADEIRA,GUARDAR LA LICUADORA EN EL REFRIGERADOR,RIPORRE IL FRULLATORE NEL FRIGORIFERO,RANGER LE MIXEUR DANS LE RÉFRIGÉRATEUR,DEN MIXER IN DEN KÜHLSCHRANK STELLEN,ミキサーを冷蔵庫にしまう,みきさーをれいぞうこにしまう,MIKIS? O REIZ?KO NI SHIMAU,BLENDER IN DE KOELKAST ZETTEN,,,,,,
22,,ENJOY SMOOTHIE,APROVEITAR A VITAMINA,DISFRUTAR EL BATIDO,GODERSI IL FRULLATO,PROFITER DU SMOOTHIE,SMOOTHIE GENIESSEN,スムージーを楽しむ,すむーじーをたのしむ,SUM?J? O TANOSHIMU,GENIETEN VAN DE SMOOTHIE,,,,,,
22,,READ,LER,LEER,LEGGERE,LIRE,LESEN,読む,よむ,YOMU,LEZEN,,,,,,
22,,ENJOY READING A BOOK,APROVEITAR A LEITURA DE UM LIVRO,DISFRUTAR LEER UN LIBRO,GODERSI LA LETTURA DI UN LIBRO,PROFITER DE LA LECTURE D’UN LIVRE,DAS LESEN EINES BUCHES GENIESSEN,本を読むのを楽しむ,ほんをよむのをたのしむ,HON O YOMU NO O TANOSHIMU,GENIETEN VAN HET LEZEN VAN EEN BOEK,,,,,,
23,,KNOT ,NÓ,NUDO,NODO,NŒUD,KNOTEN,結び目,むすびめ,MUSUBIME,KNOOP,,,,,,
23,,MAKE A KNOT – TIE A KNOT,FAZER UM NÓ – AMARRAR UM NÓ,HACER UN NUDO – ATAR UN NUDO,FARE UN NODO – ANNODARE,FAIRE UN NŒUD – NOUER,EINEN KNOTEN MACHEN – EINEN KNOTEN BINDEN,結び目を作る – 結ぶ,むすびめをつくる – むすぶ,MUSUBIME O TSUKURU – MUSUBU,EEN KNOOP MAKEN – EEN KNOOP STRIKKEN,,,,,,
23,,SHOE,SAPATO,ZAPATO,SCARPA,CHAUSSURE,SCHUH,靴,くつ,KUTSU,SCHOEN,,,,,,
23,,SHOELACES,CADARÇOS,CORDONES,LACCI,LACETS,SCHNÜRSENKEL,靴紐,くつひも,KUTSUHIMO,VETERS,,,,,,
23,,TIE SHOES,AMARRAR SAPATOS,ATAR ZAPATOS,ALLACCIARE LE SCARPE,LACER LES CHAUSSURES,SCHUHE BINDEN,靴を結ぶ,くつをむすぶ,KUTSU O MUSUBU,SCHOENEN STRIKKEN,,,,,,
23,,STEP ,PASSO,PASO,PASSO,PAS,SCHRITT,歩み,あゆみ,AYUMI,STAP,,,,,,
23,,STEP BACK,DAR UM PASSO PARA TRÁS,DAR UN PASO ATRÁS,FARE UN PASSO INDIETRO,FAIRE UN PAS EN ARRIÈRE,EINEN SCHRITT ZURÜCK,一歩上がる,いっぽさがる,IPPO SAGARU,EEN STAP TERUG,,,,,,
23,,OUTSIDE – INSIDE,FORA – DENTRO,AFUERA – ADENTRO,FUORI – DENTRO,DEHORS – DEDANS,DRAUSSEN – DRINNEN,外 – 中,そと – なか,SOTO – NAKA,BUITEN – BINNEN,,,,,,
23,,STEP OUTSIDE – STEP INSIDE,SAIR – ENTRAR,SALIR – ENTRAR,USCIRE – ENTRARE,SORTIR – ENTRER,HINAUSGEHEN – HINEINGEHEN,外に出る – 中に入る,そとにでる – なかにはいる,SOTO NI DERU – NAKA NI HAIRU,NAAR BUITEN GAAN – NAAR BINNEN GAAN,,,,,,
23,,START – FINISH,COMEÇAR – TERMINAR,EMPEZAR – TERMINAR,INIZIARE – FINIRE,COMMENCER – FINIR,ANFANGEN – BEENDEN,始める – 終える,はじめる – おえる,HAJIMERU – OERU,BEGINNEN – EINDIGEN,,,,,,
23,,START WALKING,COMEÇAR A ANDAR,EMPEZAR A CAMINAR,INIZIARE A CAMMINARE,COMMENCER À MARCHER,ANFANGEN ZU GEHEN,歩き始める,あるきはじめる,ARUKI HAJIMERU,BEGINNEN MET LOPEN,,,,,,
23,,WALK UP – WALK DOWN,SUBIR – DESCER,SUBIR – BAJAR,SALIRE – SCENDERE,MONTER – DESCENDRE,HINAUFGEHEN – HINUNTERGEHEN,登る – 降りる,のぼる – おりる,NOBORU – ORIRU,OMHOOG GAAN – OMLAAG GAAN,,,,,,
23,,STREET,RUA,CALLE,STRADA,RUE,STRASSE,通り,とり,TORI,STRAAT,,,,,,
23,,ENJOY,APROVEITAR,DISFRUTAR,GODERE,PROFITER,GENIESSEN,とおり,たのしむ,TANOSHIMU,GENIETEN,,,,,,
23,,ENJOY SMOOTHIE,APROVEITAR A VITAMINA,DISFRUTAR EL BATIDO,GODERSI IL FRULLATO,PROFITER DU SMOOTHIE,SMOOTHIE GENIESSEN,スムージーを楽しむ,すむーじーをたのしむ,SUMUUJII O TANOSHIMU,GENIETEN VAN DE SMOOTHIE,,,,,,
23,,SCENERY,PAISAGEM,PAISAJE,PAESAGGIO,PAYSAGE,LANDSCHAFT,景色,けしき,KESHIKI,LANDSCHAP,,,,,,
23,,ENJOY SCENERY,APROVEITAR A PAISAGEM,DISFRUTAR EL PAISAJE,GODERSI IL PAESAGGIO,PROFITER DU PAYSAGE,DIE LANDSCHAFT GENIESSEN,景色を楽しむ,けしきをたのしむ,KESHIKI O TANOSHIMU,GENIETEN VAN HET LANDSCHAP,,,,,,
23,,WALK PAST,PASSAR CAMINHANDO,PASAR CAMINANDO,PASSARE CAMMINANDO,PASSER À PIED,VORBEIGEHEN,通り過ぎる,とおりすぎる,T?RISUGIRU,LANGS LOPEN,,,,,,
23,,WALK PAST EIFFEL TOWER,PASSAR PELA TORRE EIFFEL,PASAR POR LA TORRE EIFFEL,PASSARE DAVANTI ALLA TORRE EIFFEL,PASSER DEVANT LA TOUR EIFFEL,AM EIFFELTURM VORBEIGEHEN,エッフェル塔の前を通る,えっふぇるとうのまえをとおる,EFFERUT? NO MAE O T?RU,LANGS DE EIFFELTOREN LOPEN,,,,,,
23,,PARK,PARQUE,PARQUE,PARCO,PARC,PARK,公園,けんえん,KOOEN,PARK,,,,,,
23,,WAVE,ACENAR,SALUDAR,SALUTARE,SALUER,WINKEN,手を振る,てをふる,TE O FURU,ZWAAIEN,,,,,,
23,,NEIGHBOR,VIZINHO,VECINO,VICINO,VOISIN,NACHBAR,隣人,りんじん,RINJIN,BUUR,,,,,,
23,,WAVE TO A NEIGHBOR,ACENAR PARA O VIZINHO,SALUDAR AL VECINO,SALUTARE IL VICINO,SALUER LE VOISIN,DEM NACHBARN ZUWINKEN,隣人に手を振る,りんじんにてをふる,RINJIN NI TE O FURU,NAAR DE BUUR ZWAAIEN,,,,,,
23,,AROUND,AO REDOR,ALREDEDOR,INTORNO,AUTOUR,RUND UM,周り,まわり,MAWARI,RONDOM,,,,,,
23,,WORLD,MUNDO,MUNDO,MONDO,MONDE,WELT,世界,せかい,SEKAI,WERELD,,,,,,
23,,AROUND THE WORLD,AO REDOR DO MUNDO,ALREDEDOR DEL MUNDO,INTORNO AL MONDO,AUTOUR DU MONDE,RUND UM DIE WELT,世界地図,せかいちず,SEKAIJ?,DE HELE WERELD,,,,,,
23,,GO AROUND – COME AROUND,DAR A VOLTA – VIR EM VOLTA,DAR LA VUELTA – VENIR,FARE IL GIRO – VENIRE,FAIRE LE TOUR – VENIR,RUMGEHEN – HERKOMMEN,回る – 来る,まわる – くる,MAWARU – KURU,RONDGAAN – LANGSKOMEN,,,,,,
23,,CORNER,ESQUINA,ESQUINA,ANGOLO,COIN,ECKE,角,かど,KADO,HOEK,,,,,,
23,,CROSS STREET,ATRAVESSAR A RUA,CRUZAR LA CALLE,ATTRAVERSARE LA STRADA,TRAVERSER LA RUE,DIE STRASSE ÜBERQUEREN,道を渡る,みちをわたる,MICHI O WATARU,STRAAT OVERSTEKEN,,,,,,
23,,ARRIVE – LEAVE,CHEGAR – SAIR,LLEGAR – SALIR,ARRIVARE – PARTIRE,ARRIVER – PARTIR,ANKOMMEN – GEHEN,到着する – 出発する,とうちゃくする – しゅっぱつする,T?CHAKU SURU – SHUPPATSU SURU,AANKOMEN – VERTREKKEN,,,,,,
23,,AT HOME – AT THE SUPERMARKET,EM CASA – NO SUPERMERCADO,EN CASA – EN EL SUPERMERCADO,A CASA – AL SUPERMERCATO,À LA MAISON – AU SUPERMARCHÉ,ZU HAUSE – IM SUPERMARKT,家で – スーパーで,いえで – すーぱーで,IE DE – S?P? DE,THUIS – IN DE SUPERMARKT,,,,,,
24,,BOX,CAIXA,CAJA,SCATOLA,BOÎTE,KISTE,箱,はこ,HAKO,DOOS,,,,,,
24,,IN THE BOX – OUT OF THE BOX,NA CAIXA – FORA DA CAIXA,EN LA CAJA – FUERA DE LA CAJA,NELLA SCATOLA – FUORI DALLA SCATOLA,DANS LA BOÎTE – HORS DE LA BOÎTE,IN DER KISTE – AUSSERHALB DER KISTE,箱の中 – 箱の外,はこのなか – はこのそと,HAKO NO NAKA – HAKO NO SOTO,IN DE DOOS – UIT DE DOOS,,,,,,
24,,GET IN – GET OUT,ENTRAR – SAIR,SUBIR – BAJAR,SALIRE – SCENDERE,MONTER – DESCENDRE,EINSTEIGEN – AUSSTEIGEN,入る – 出る,はいる – でる,HAIRU – DERU,INSTAPPEN – UITSTAPPEN,,,,,,
24,,CAR,CARRO,COCHE,AUTO,VOITURE,AUTO,車,くるま,KURUMA,AUTO,,,,,,
24,,PUT ON – TAKE OFF,COLOCAR – TIRAR,PONER – QUITAR,METTERE – TOGLIERE,METTRE – ENLEVER,ANLEGEN – ABNEHMEN,付ける – 外す,つける – はずす,TSUKERU – HAZUSU,OMDOEN – AFDOEN,,,,,,
24,,SEATBELT,CINTO DE SEGURANÇA,CINTURÓN DE SEGURIDAD,CINTURA DI SICUREZZA,CEINTURE DE SÉCURITÉ,SICHERHEITSGURT,シートベルト,しーとべると,SHIITO BERUTO,VEILIGHEIDSGORDEL,,,,,,
24,,PUT ON SEATBELT – TAKE OFF SEATBELT,COLOCAR CINTO – TIRAR CINTO,PONER CINTURÓN – QUITAR CINTURÓN,METTERE CINTURA – TOGLIERE CINTURA,METTRE LA CEINTURE – ENLEVER LA CEINTURE,GURT ANLEGEN – GURT ABNEHMEN,シートベルトをする – 外す,しーとべるとをする – はずす,SHIITO BERUTO O SURU – HAZUSU,GORDEL OMDOEN – GORDEL AFDOEN,,,,,,
24,,ENGINE,MOTOR,MOTOR,MOTORE,MOTEUR,MOTOR,エンジン,えんじん,ENJIN,MOTOR,,,,,,
24,,START ,LIGAR,ARRANCAR,AVVIARE,DÉMARRER,STARTEN,指導する,しどうする,SHIDOU SURU,STARTEN,,,,,,
24,,STOP   ,PARAR,PARAR,FERMARE,ARRÊTER,STOPPEN,止める,とめる,TOMERU,STOPPEN,,,,,,
24,,START THE ENGINE,LIGAR O MOTOR,ARRANCAR EL MOTOR,AVVIARE IL MOTORE,DÉMARRER LE MOTEUR,DEN MOTOR STARTEN,エンジンをかける,えんじんをかける,ENJIN O KAKERU,DE MOTOR STARTEN,,,,,,
24,,STOP THE ENGINE,PARAR O MOTOR,PARAR EL MOTOR,FERMARE IL MOTORE,ARRÊTER LE MOTEUR,DEN MOTOR STOPPEN,エンジンを止める,えんじんをとめる,ENJIN O TOMERU,DE MOTOR STOPPEN,,,,,,
24,,MIRROR,ESPELHO,ESPEJO,SPECCHIO,MIROIR,SPIEGEL,鏡,かがみ,KAGAMI,SPIEGEL,,,,,,
24,,ADJUST – AS IS,AJUSTAR – COMO ESTÁ,AJUSTAR – TAL CUAL,REGOLARE – COSÌ COM’È,AJUSTER – TEL QUEL,EINSTELLEN – WIE ES IST,調整する – そのまま,ちょうせいする – そのまま,CHOUSEI SURU – SONOMAMA,AFSTELLEN – ZO LATEN,,,,,,
24,,ADJUST MIRROR,AJUSTAR ESPELHO,AJUSTAR ESPEJO,REGOLARE LO SPECCHIO,AJUSTER LE MIROIR,DEN SPIEGEL EINSTELLEN,鏡を調整する,かがみをちょうせいする,KAGAMI O CHOUSEI SURU,SPIEGEL AFSTELLEN,,,,,,
24,,NECKTIE,GRAVATA,CORBATA,CRAVATTA,CRAVATE,KRAWATTE,ネクタイ,ねくたい,NEKUTAI,DAS,,,,,,
24,,ADJUST NECKTIE,AJUSTAR GRAVATA,AJUSTAR CORBATA,REGOLARE LA CRAVATTA,AJUSTER LA CRAVATE,DIE KRAWATTE RICHTEN,ネクタイを直す,ねくたいをなおす,NEKUTAI O NAOSU,DAS RECHTZETTEN,,,,,,
24,,DRIVE,DIRIGIR,CONDUCIR,GUIDARE,CONDUIRE,FAHREN,運転する,うんてんする,UNTEN SURU,Rijden,,,,,,
24,,IN DRIVE,EM DRIVE,EN MARCHA,IN MARCIA,EN MARCHE,IM FAHRGANG,ドライブに入れる,どらいぶにいれる,DORAIBU NI IRERU,IN DRIVE,,,,,,
24,,PUT CAR IN DRIVE,COLOCAR O CARRO EM DRIVE,PONER EL AUTO EN MARCHA,METTERE L’AUTO IN MARCIA,METTRE LA VOITURE EN MARCHE,DAS AUTO IN DEN GANG SETZEN,車をドライブに入れる,くるまをどらいぶにいれる,KURUMA O DORAIBU NI IRERU,AUTO IN DRIVE ZETTEN,,,,,,
24,,SURROUNDINGS,ARREDORES,ALREDEDORES,DINTORNI,ENVIRONS,UMGEBUNG,周囲,しゅうい,SHUUI,OMGEVING,,,,,,
24,,CHECK SURROUNDINGS,VERIFICAR ARREDORES,REVISAR ALREDEDORES,CONTROLLARE I DINTORNI,VÉRIFIER LES ENVIRONS,UMGEBUNG PRÜFEN,周囲を確認する,しゅういをかくにんする,SHUUI O KAKUNIN SURU,OMGEVING CONTROLEREN,,,,,,
24,,LOOK – LOOK OUT,OLHAR – OLHAR PARA FORA,MIRAR – MIRAR AFUERA,GUARDARE – GUARDARE FUORI,REGARDER – REGARDER DEHORS,SEHEN – HINAUSSCHAUEN,見る – 外を見る,みる – そとをみる,MIRU – SOTO O MIRU,KIJKEN – NAAR BUITEN KIJKEN,,,,,,
24,,WINDOW,JANELA,VENTANA,FINESTRA,FENÊTRE,FENSTER,窓,まど,MADO,RAAM,,,,,,
24,,LOOK OUT THE WINDOW,OLHAR PARA FORA DA JANELA,MIRAR POR LA VENTANA,GUARDARE FUORI DALLA FINESTRA,REGARDER PAR LA FENÊTRE,AUS DEM FENSTER SCHAUEN,窓の外を見る,まどのそとをみる,MADO NO SOTO O MIRU,UIT HET RAAM KIJKEN,,,,,,
24,,DRIVE UP – DRIVE DOWN,SUBIR – DESCER,SUBIR – BAJAR,SALIRE – SCENDERE,MONTER – DESCENDRE,HINAUFFAHREN – HINUNTERFAHREN,上がる – 下りる,あがる – おりる,AGARU – ORIRU,OMHOOG RIJDEN – OMLAAG RIJDEN,,,,,,
24,,STREET,RUA,CALLE,STRADA,RUE,STRASSE,通り,とおり,TOORI,STRAAT,,,,,,
24,,TURN  ,VIRAR,GIRAR,GIRARE,TOURNER,ABBIEGEN,曲がる,まがる,MAGARU,AFSLAAN,,,,,,
24,,STEERING,DIREÇÃO,DIRECCIÓN,STERZO,DIRECTION,STEUER,ハンドル,はんどる,HANDORU,STUUR,,,,,,
24,,WHEEL,RODA,RUEDA,RUOTA,ROUE,RAD,車輪,しゃりん,SHARIN,WIEL,,,,,,
24,,STEERING WHEEL,VOLANTE,VOLANTE,VOLANTE,VOLANT, LENKRAD,ハンドル,はんどる,HANDORU,STUUR,,,,,,
24,,TURN STEERING WHEEL,GIRAR O VOLANTE,GIRAR EL VOLANTE,GIRARE IL VOLANTE,TOURNER LE VOLANT,DAS LENKRAD DREHEN,ハンドルを回す,はんどるをまわす,HANDORU O MAWASU,STUUR DRAAIEN,,,,,,
24,,PARK THE CAR,ESTACIONAR O CARRO,ESTACIONAR EL COCHE,PARCHEGGIARE L’AUTO,GARER LA VOITURE,DAS AUTO PARKEN,車を駐車する,くるまをちゅうしゃする,KURUMA O CHUUSHA SURU,AUTO PARKEREN,,,,,,
24,,COMPLETE – PARTIAL,COMPLETO – PARCIAL,COMPLETO – PARCIAL,COMPLETO – PARZIALE,COMPLET – PARTIEL,VOLLSTÄNDIG – TEILWEISE,完全 – 部分的,かんぜん – ぶぶんてき,KANZEN – BUBUNTEKI,COMPLEET – GEDEELTELIJK,,,,,,
24,,COOKIE,BISCOITO,GALLETA,BISCOTTO,BISCUIT,KEKS,クッキー,くっきー,KUKKII,KOEKJE,,,,,,
24,,EAT ,COMER,COMER,MANGIARE,MANGER,ESSEN,食べる,たべる,TABERU,ETEN,,,,,,
24,,EAT COOKIE COMPLETELY – EAT COOKIE PARTIALLY,COMER BISCOITO COMPLETAMENTE – PARCIALMENTE,COMER GALLETA COMPLETA – PARCIAL,MANGIARE IL BISCOTTO COMPLETAMENTE – PARZIALMENTE,MANGER LE BISCUIT COMPLÈTEMENT – PARTIELLEMENT,DEN KEKS VOLLSTÄNDIG – TEILWEISE ESSEN,クッキーを全部食べる – 少し食べる,くっきーをぜんぶたべる – すこしたべる,KUKKII O ZENBU TABERU – SUKOSHI TABERU,KOEKJE HELEMAAL – GEDEELTELIJK ETEN,,,,,,
24,,STOP CAR COMPLETELY,PARAR O CARRO COMPLETAMENTE,DETENER EL COCHE COMPLETAMENTE,FERMARE L’AUTO COMPLETAMENTE,ARRÊTER LA VOITURE COMPLÈTEMENT,DAS AUTO VOLLSTÄNDIG ANHALTEN,車を完全に止める,くるまをかんぜんにとめる,KURUMA O KANZEN NI TOMERU,AUTO VOLLEDIG STOPPEN,,,,,,
24,,TURN OFF ENGINE – STOP ENGINE,DESLIGAR O MOTOR – PARAR O MOTOR,APAGAR EL MOTOR – PARAR EL MOTOR,SPEGNERE IL MOTORE – FERMARE IL MOTORE,ÉTEINDRE LE MOTEUR – ARRÊTER LE MOTEUR,DEN MOTOR AUSSCHALTEN – STOPPEN,エンジンを切る – 止める,えんじんをきる – とめる,ENJIN O KIRU – TOMERU,DE MOTOR UITZETTEN – STOPPEN,,,,,,
25,,GET – GRAB,PEGAR – AGARRAR,COGER – AGARRAR,PRENDERE – AFFERRARE,PRENDRE – SAISIR,NEHMEN – GREIFEN,取る – 掴む,とる – つかむ,TORU – TSUKAMU,PAKKEN – GRIJPEN,,,,,,
25,,SUITCASE,MALA,MALETA,VALIGIA,VALISE,KOFFER,スーツケース,すーつけーす,SUUTSU KEESU,KOFFER,,,,,,
25,,BABY,BEBÊ,BEBÉ,BAMBINO,BÉBÉ,BABY,赤ちゃん,あかちゃん,AKACHAN,BABY,,,,,,
25,,BED,CAMA,CAMA,LETTO,LIT,BETT,ベッド,べっど,BEDDO,BED,,,,,,
25,,LAY BABY ON BED,DEITAR O BEBÊ NA CAMA,ACOSTAR AL BEBÉ EN LA CAMA,STENDERE IL BAMBINO SUL LETTO,COUCHER LE BÉBÉ SUR LE LIT,DAS BABY AUFS BETT LEGEN,赤ちゃんをベッドに寝かせる,あかちゃんをべっどにねかせる,AKACHAN O BEDDO NI NEKASERU,BABY OP BED LEGGEN,,,,,,
25,,CLOTHES,ROUPAS,ROPA,VESTITI,VÊTEMENTS,KLEIDUNG,服,ふく,FUKU,KLEREN,,,,,,
25,,LAY OUT CLOTHES ON BAD,ESPALHAR ROUPAS NA CAMA,COLOCAR ROPA EN LA CAMA,DISPORRE I VESTITI SUL LETTO,ÉTALER LES VÊTEMENTS SUR LE LIT,KLEIDUNG AUFS BETT LEGEN,服をベッドに広げる,ふくをべっどにひろげる,FUKU O BEDDO NI HIROGERU,KLEREN OP BED LEGGEN,,,,,,
25,,FOLD ,DOBRAR,DOBLAR,PIEGARE,PLIER,FALTEN,折る,おる,ORU,VOUWEN,,,,,,
25,,PAPER,PAPEL,PAPEL,CARTA,PAPIER,PAPIER,紙,かみ,KAMI,PAPIER,,,,,,
25,,FOLD CLOTHES,DOBRAR ROUPAS,DOBLAR ROPA,PIEGARE I VESTITI,PLIER LES VÊTEMENTS,KLEIDUNG FALTEN,服を畳む,ふくをたたむ,FUKU O TATAMU,KLEREN VOUWEN,,,,,,
25,,NEAT – MESSY,ARRUMADO – BAGUNÇADO,ORDENADO – DESORDENADO,ORDINATO – DISORDINATO,SOIGNÉ – DÉSORDONNÉ,ORDENTLICH – UNORDENTLICH,綺麗 – 散らかった,きれい – ちらかった,KIREI – CHIRAKATTA,NETJES – SLORDIG,,,,,,
25,,BAG,BOLSA,BOLSA,BORSA,SAC,TASCHE,バッグ,ばっぐ,BAGGU,TAS,,,,,,
25,,TOILETRIES,ARTIGOS DE HIGIENE,ARTÍCULOS DE ASEO,ARTICOLI DA TOILETTE,ARTICLES DE TOILETTE,TOILETTENARTIKEL,洗面用品,せんめんようひん,SENMEN YOUHIN,TOILETARTIKELEN,,,,,,
25,,PACK CLOTHES IN SUITCASE,ARRUMAR ROUPAS NA MALA,GUARDAR ROPA EN LA MALETA,METTERE I VESTITI IN VALIGIA,RANGER LES VÊTEMENTS DANS LA VALISE,KLEIDUNG IN DEN KOFFER PACKEN,服をスーツケースに入れる,ふくをすーつけーすにいれる,FUKU O SUUTSU KEESU NI IRERU,KLEREN IN KOFFER DOEN,,,,,,
25,,PACK TOILETRIES IN SUITCASE,ARRUMAR HIGIENE NA MALA,GUARDAR ARTÍCULOS EN LA MALETA,METTERE GLI ARTICOLI IN VALIGIA,RANGER LES ARTICLES DANS LA VALISE,ARTIKEL IN DEN KOFFER PACKEN,洗面用品をスーツケースに入れる,せんめんようひんをすーつけーすにいれる,SENMEN YOUHIN O SUUTSU KEESU NI IRERU,TOILETARTIKELEN IN KOFFER DOEN,,,,,,
25,,IN THE BOX – ON THE BOX,NA CAIXA – EM CIMA DA CAIXA,EN LA CAJA – SOBRE LA CAJA,NELLA SCATOLA – SULLA SCATOLA,DANS LA BOÎTE – SUR LA BOÎTE,IN DER KISTE – AUF DER KISTE,箱の中 – 箱の上,はこのなか – はこのうえ,HAKO NO NAKA – HAKO NO UE,IN DE DOOS – OP DE DOOS,,,,,,
25,,PLACES,LUGARES,LUGARES,POSTI,ENDROITS,ORTE,場所,ばしょ,BASHO,PLAATSEN,,,,,,
25,,PLACE CLOTHES ON BED,COLOCAR ROUPAS NA CAMA,COLOCAR ROPA EN LA CAMA,METTERE I VESTITI SUL LETTO,PLACER LES VÊTEMENTS SUR LE LIT,KLEIDUNG AUFS BETT LEGEN,服をベッドに置く,ふくをべっどにおく,FUKU O BEDDO NI OKU,KLEREN OP BED LEGGEN,,,,,,
25,,PLACE TOILETRIES IN THE SUITCASE,COLOCAR HIGIENE NA MALA,COLOCAR ARTÍCULOS EN LA MALETA,METTERE GLI ARTICOLI IN VALIGIA,PLACER LES ARTICLES DANS LA VALISE,ARTIKEL IN DEN KOFFER LEGEN,洗面用品をスーツケースに入れる,せんめんようひんをすーつけーすにいれる,SENMEN YOUHIN O SUUTSU KEESU NI IRERU,TOILETARTIKELEN IN KOFFER LEGGEN,,,,,,
25,,ZIPPER,ZÍPER,CREMALLERA,CERNIERA,FERMETURE ÉCLAIR,REISSVERSCHLUSS,ジッパー,じっぱー,JIPPAA,RITS,,,,,,
25,,ZIP CLOSE,FECHAR ZÍPER,CERRAR CREMALLERA,CHIUDERE LA CERNIERA,FERMER LA FERMETURE,REISSVERSCHLUSS SCHLIESSEN,ジッパーを閉める,じっぱーをしめる,JIPPAA O SHIMERU,RITS SLUITEN,,,,,,
25,,COAT,CASACO,ABRIGO,CAPPOTTO,MANTEAU,MANTEL,コート,こーと,KOOTO,JAS,,,,,,
25,,ZIP CLOSE – ZIP OPEN,FECHAR – ABRIR ZÍPER,CERRAR – ABRIR CREMALLERA,CHIUDERE – APRIRE CERNIERA,FERMER – OUVRIR LA FERMETURE,SCHLIESSEN – ÖFFNEN,閉める – 開ける,しめる – あける,SHIMERU – AKERU,SLUITEN – OPENEN,,,,,,
25,,LIFT ,LEVANTAR,LEVANTAR,SOLLEVARE,SOULEVER,HEBEN,持ち上げる,もちあげる,MOCHIAGERU,OPTILLEN,,,,,,
25,,DUMBBELL,HALTER,HALTER,MANUBRIO,HALTÈRE,HANTEL,ダンベル,だんべる,DANBERU,HALTER,,,,,,
25,,LIFT DUMBBELL,LEVANTAR HALTER,LEVANTAR PESO,SOLLEVARE IL PESO,SOULVER L’HALTÈRE,DIE HANTEL HEBEN,ダンベルを持ち上げる,だんべるをもちあげる,DANBERU O MOCHIAGERU,HALTER OPTILLEN,,,,,,
25,,LIFT SUITCASE,LEVANTAR MALA,LEVANTAR MALETA,SOLLEVARE LA VALIGIA,SOULVER LA VALISE,DEN KOFFER HEBEN,スーツケースを持ち上げる,すーつけーすをもちあげる,SUUTSU KEESU O MOCHIAGERU,KOFFER OPTILLEN,,,,,,
25,,SET DUMBBELL DOWN,ABAIXAR HALTER,BAJAR PESO,POSARE IL PESO,POSER L’HALTÈRE,DIE HANTEL ABSETZEN,ダンベルを下ろす,だんべるをおろす,DANBERU O OROSU,HALTER NEERZETTEN,,,,,,
25,,DOOR,PORTA,PUERTA,PORTA,PORTE,TÜR,ドア,どあ,DOA,DEUR,,,,,,
25,,BY THE DOOR,PERTO DA PORTA,JUNTO A LA PUERTA,VICINO ALLA PORTA,PRÈS DE LA PORTE,BEI DER TÜR,ドアのそば,どあのそば,DOA NO SOBA,BIJ DE DEUR,,,,,,
25,,SET SUITCASE BY THE DOOR,COLOCAR A MALA PERTO DA PORTA,DEJAR LA MALETA JUNTO A LA PUERTA,METTERE LA VALIGIA VICINO ALLA PORTA,POSER LA VALISE PRÈS DE LA PORTE,DEN KOFFER BEI DER TÜR STELLEN,スーツケースをドアのそばに置く,すーつけーすをどあのそばにおく,SUUTSU KEESU O DOA NO SOBA NI OKU,KOFFER BIJ DE DEUR ZETTEN,,,,,,
26,,SHOPPING,COMPRAS,COMPRAS,SPESA,COURSES,EINKAUF,買い物,かいもの,KAIMONO,BOODSCHAPPEN,,,,,,
26,,LIST  ,LISTA,LISTA,LISTA,LISTE,LISTE,リスト,りすと,RISUTO,LIJST,,,,,,
26,,SHOPPING LIST,LISTA DE COMPRAS,LISTA DE COMPRAS,LISTA DELLA SPESA,LISTE DE COURSES,EINKAUFSLISTE,買い物リスト,かいものりすと,KAIMONO RISUTO,BOODSCHAPPENLIJST,,,,,,
26,,GROCERIES,MANTIMENTOS,COMESTIBLES,GENERARI,PROVISIONS,LEBENSMITTEL,食料品,しょくりょうひん,SHOKURYOUHIN,BOODSCHAPPEN,,,,,,
26,,STORE,LOJA,TIENDA,NEGOZIO,MAGASIN,GESCHÄFT,店,みせ,MISE,WINKEL,,,,,,
26,,GROCERY STORE,SUPERMERCADO,SUPERMERCADO,SUPERMERCATO,SUPERMARCHÉ,SUPERMARKT,スーパー,すーぱー,SUUPAA,SUPERMARKT,,,,,,
26,,PICK UP – PUT DOWN,PEGAR – COLOCAR,COGER – DEJAR,PRENDERE – POSARE,PRENDRE – POSER,AUFHEBEN – ABLEGEN,拾う – 置く,ひろう – おく,HIROU – OKU,OPPAKKEN – NEERZETTEN,,,,,,
26,,BASKET,CESTA,CANASTA,CESTINO,PANIER,KORB,籠,かご,KAGO,MAND,,,,,,
26,,GO TO – COME FROM,IR PARA – VIR DE,IR A – VENIR DE,ANDARE A – VENIRE DA,ALLER À – VENIR DE,GEHEN ZU – KOMMEN VON,行く – 来る,いく – くる,IKU – KURU,GAAN NAAR – KOMEN VAN,,,,,,
26,,PRODUCE,HORTIFRUTI,FRUTAS Y VERDURAS,ORTOFRUTTA,FRUITS ET LÉGUMES,OBST UND GEMÜSE,生果,せいか,SEIKA,GROENTE,,,,,,
26,,SECTION,SEÇÃO,SECCIÓN,SEZIONE,RAYON,ABTEILUNG,売場,うりば,URIBA,AFDELING,,,,,,
26,,PRODUCE SECTION,SEÇÃO DE HORTIFRUTI,SECCIÓN DE FRUTAS,SEZIONE ORTOFRUTTA,RAYON FRUITS ET LÉGUMES,OBSTABTEILUNG,生果売場,せいかうりば,SEIKA URIBA,GROENTEAFDELING,,,,,,
26,,ADD ,ADICIONAR,AGREGAR,AGGIUNGERE,AJOUTER,HINZUFÜGEN,加える,くわえる,KUWAERU,TOEVOEGEN,,,,,,
26,,SUBRACT,SUBTRAIR,RESTAR,SOTTRARRE,SOUS-TRAIRE,ABZIEHEN,引く,ひく,HIKU,AFTREKKEN,,,,,,
26,,FRUIT ,FRUTA,FRUTA,FRUTTA,FRUIT,OBST,果物,くだもの,KUDAMONO,FRUIT,,,,,,
26,,VEGETABLES,VEGETAIS,VERDURAS,VERDURE,LÉGUMES,GEMÜSE,野菜,やさい,YASAI,GROENTEN,,,,,,
26,,ADD TO BASKET,ADICIONAR À CESTA,AGREGAR A LA CANASTA,AGGIUNGERE AL CESTINO,AJOUTER AU PANIER,IN DEN KORB LEGEN,籠に入れる,かごにいれる,KAGO NI IRERU,IN MAND DOEN,,,,,,
26,,DAIRY ,LATICÍNIOS,LÁCTEOS,LATTICINI,PRODUITS LAITIERS,MILCHPRODUKTE,乳製品,にゅうせいひん,NYUUSEIHIN,ZUIVEL,,,,,,
26,,AISLE,CORREDOR,PASILLO,CORSIA,ALLÉE,GANG,通路,つうろ,TSUURO,GANGPAD,,,,,,
26,,MILK,LEITE,LECHE,LATTE,LAIT,MILCH,牛乳,ぎゅうにゅう,GYUUNYUU,MELK,,,,,,
26,,EGGS,OVOS,HUEVOS,UOVA,OEUFS,EIER,卵,たまご,TAMAGO,EIEREN,,,,,,
26,,CHECK OUT,PAGAR,PAGAR,PAGARE,PASSER EN CAISSE,BEZAHLEN,支払う,しはらう,SHIHARAU,BETALEN,,,,,,
26,,REGISTER,CAIXA,CAJA,CASSA,CAISSE,KASSE,レジ,れじ,REJI,KASSA,,,,,,
26,,CHECK OUT AT REGISTER,PAGAR NO CAIXA,PAGAR EN LA CAJA,PAGARE ALLA CASSA,PAYER À LA CAISSE,AN DER KASSE BEZAHLEN,レジで支払う,れじでしはらう,REJI DE SHIHARAU,BIJ DE KASSA BETALEN,,,,,,
26,,PAY FOR,PAGAR POR,PAGAR POR,PAGARE, PAYER POUR,BEZAHLEN FÜR,支払う,しはらう,SHIHARAU,BETALEN VOOR,,,,,,
26,,ARRIVE – LEAVE,CHEGAR – SAIR,LLEGAR – SALIR,ARRIVARE – PARTIRE,ARRIVER – PARTIR,ANKOMMEN – VERLASSEN,突く – 取る,つく – とる,TSUKU – SARU,AANKOMEN – VERTREKKEN,,,,,,
26,,HOME,CASA,CASA,CASA,MAISON,HAUS,家,いえ,IE,HUIS,,,,,,
26,,TAKE GROCERIES,LEVAR COMPRAS,TRAER COMPRAS,PORTARE LA SPESA,RAMENER LES COURSES,DIE EINKÄUFE MITNEHMEN,買い物を持つ,かいものをもつ,KAIMONO O MOTSU,BOODSCHAPPEN DRAGEN,,,,,,
26,,TAKE GROCERIES HOME,LEVAR COMPRAS PARA CASA,LLEVAR COMPRAS A CASA,PORTARE LA SPESA A CASA,RAMENER LES COURSES À LA MAISON,DIE EINKÄUFE NACH HAUSE BRINGEN,買い物を家に持って帰る,かいものをいえにもってかえる,KAIMONO O IE NI MOTTE KAERU,BOODSCHAPPEN NAAR HUIS BRENGEN,,,,,,
27,,BUCKET,BALDE,CUBO,SECCHIO,SEAU,EIMER,バケツ,ばけつ,BAKETSU,EMMER,,,,,,
27,,SHOVEL,PÁ,PALA,PALETTA,PELLE,SCHAUFEL,喋る,しゃべる,SHABERU,SCHOP,,,,,,
27,,GRAB – GET,PEGAR – AGARRAR,COGER – AGARRAR,PRENDERE – AFFERRARE,PRENDRE – SAISIR,NEHMEN – GREIFEN,取る – 掴む,とる – つかむ,TORU – TSUKAMU,PAKKEN – GRIJPEN,,,,,,
27,,DIG,CAVAR,CAVAR,SCAVARE,CREUSER,GRABEN,掘る,ほる,HORU,GRAVEN,,,,,,
27,,HOLE ,BURACO,HOYO,BUCA,TROU,LOCH,穴,あな,ANA,GAT,,,,,,
27,,SAND,AREIA,ARENA,SABBIA,SABLE,SAND,砂,すな,SUNA,ZAND,,,,,,
27,,DIG A HOLE IN THE SAND,CAVAR UM BURACO NA AREIA,CAVAR UN HOYO EN LA ARENA,SCAVARE UNA BUCA NELLA SABBIA,CREUSER UN TROU DANS LE SABLE,EIN LOCH IM SAND GRABEN,砂に穴を掘る,すなにあなをほる,SUNA NI ANA O HORU,EEN GAT IN HET ZAND GRAVEN,,,,,,
27,,FILL BUCKET WITH WATER,ENCHER O BALDE COM ÁGUA,LLENAR EL CUBO CON AGUA,RIEMPIRE IL SECCHIO D’ACQUA,REMPLIR LE SEAU D’EAU,DEN EIMER MIT WASSER FÜLLEN,バケツに水を入れる,ばけつにみずをいれる,BAKETSU NI MIZU O IRERU,EMMER MET WATER VULLEN,,,,,,
27,,FILL BUCKET WITH SAND,ENCHER O BALDE COM AREIA,LLENAR EL CUBO CON ARENA,RIEMPIRE IL SECCHIO DI SABBIA,REMPLIR LE SEAU DE SABLE,DEN EIMER MIT SAND FÜLLEN,バケツに砂を入れる,ばけつにすなをいれる,BAKETSU NI SUNA O IRERU,EMMER MET ZAND VULLEN,,,,,,
27,,UPSIDE DOWN,DE CABEÇA PARA BAIXO,AL REVÉS,CAPOVOLTO,À L’ENVERS,AUF DEN KOPF,逆さま,さかさま,SAKASAMA,ONDERSTEBOVEN,,,,,,
27,,TURN BUCKET UPSIDE DOWN,VIRAR O BALDE DE CABEÇA PARA BAIXO,VOLTEAR EL CUBO,ROVESCIAR IL SECCHIO,RETOURNER LE SEAU,DEN EIMER UMDREHEN,バケツを逆さまにする,ばけつをさかさまにする,BAKETSU O SAKASAMA NI SURU,EMMER OMKEREN,,,,,,
27,,CASTLE,CASTELO,CASTILLO,CASTELLO,CHÂTEAU,BURG,城,しろ,SHIRO,KASTEEL,,,,,,
27,,SANDCASTLE,CASTELO DE AREIA,CASTILLO DE ARENA,CASTELLO DI SABBIA,CHÂTEAU DE SABLE,SANDBURG,砂の城,すなのしろ,SUNA NO SHIRO,ZANDKASTEEL,,,,,,
27,,SHAPE SANDCASTLE,MOLDAR CASTELO DE AREIA,FORMAR CASTILLO DE ARENA,MODELLARE IL CASTELLO DI SABBIA,FAÇONNER LE CHÂTEAU DE SABLE,EINE SANDBURG FORMEN,砂の城を形作る,すなのしろをかたちづくる,SUNA NO SHIRO O KATACHI ZUKURU,ZANDKASTEEL VORMEN,,,,,,
27,,ADD ,ADICIONAR,AGREGAR,AGGIUNGERE,AJOUTER,HINZUFÜGEN,加える,くわえる,KUWAERU,TOEVOEGEN,,,,,,
27,,SUBTRACT,SUBTRAIR,RESTAR,SOTTRARRE,SOUS-TRAIRE,ABZIEHEN,引く,ひく,HIKU,AFTREKKEN,,,,,,
27,,TOWER,TORRE,TORRE,TORRE,TOUR,TURM,塔,とう,TOU,TOREN,,,,,,
27,,WALL,MURO,MURO,MURO,MUR,MAUER,壁,かべ,KABE,MUUR,,,,,,
27,,DECORATE ,DECORAR,DECORAR,DECORARE,DÉCORER,DEKORIEREN,飾る,かざる,KAZARU,DECOREREN,,,,,,
27,,SEA SHELLS,CONCHAS,CONCHAS,CONCHIGLIE,COQUILLAGES,MUSCHELN,貝殻,かいがら,KAIGARA,SCHELPEN,,,,,,
27,,WITH – WITHOUT,COM – SEM,CON – SIN,CON – SENZA,AVEC – SANS,MIT – OHNE,–なし,なし,TO – NASHI,MET – ZONDER,,,,,,
27,,DECORATE THE CASTLE WITH SEASHELLS,DECORAR O CASTELO COM CONCHAS,DECORAR EL CASTILLO CON CONCHAS,DECORARE IL CASTELLO CON CONCHIGLIE,DÉCORER LE CHÂTEAU AVEC DES COQUILLAGES,DIE BURG MIT MUSCHELN DEKORIEREN,城を貝殻で飾る,しろをかいがらでかざる,SHIRO O KAIGARA DE KAZARU,KASTEEL MET SCHELPEN DECOREREN,,,,,,
27,,SMOOTH – ROUGH,LISO – ÁSPERO,LISO – ÁSPERO,LISCIO – RUVIDO,LISSE – RUGUEUX,GLATT – RAU,滑らか – ざらざら,なめらか – ざらざら,NAMERAKA – ZARAZARA,GLAD – RUW,,,,,,
27,,SMOOTH OUT ,ALISAR,ALISAR,LISCIARE,LISSER,GLÄTTEN,平らにする,ならす,NARASU,GLADSTRIJKEN,,,,,,
27,,SMOOTH OUT THE SAND,ALISAR A AREIA,ALISAR LA ARENA,LISCIARE LA SABBIA,LISSER LE SABLE,DEN SAND GLÄTTEN,砂を平らにする,すなをならす,SUNA O NARASU,ZAND GLAD MAKEN,,,,,,
27,,SCENERY,PAISAGEM,PAISAJE,PAESAGGIO,PAYSAGE,LANDSCHAFT,景色,けしき,KESHIKI,LANDSCHAP,,,,,,
27,,ADMIRE THE SCENERY,ADMIRAR A PAISAGEM,ADMIRAR EL PAISAJE,AMMIRARE IL PAESAGGIO,ADMIRER LE PAYSAGE,DIE LANDSCHAFT BEWUNDERN,景色を眺める,けしきをながめる,KESHIKI O NAGAMERU,HET LANDSCHAP BEWONDEREN,,,,,,
27,,ADMIRE THE CASTLE,ADMIRAR O CASTELO,ADMIRAR EL CASTILLO,AMMIRARE IL CASTELLO,ADMIRER LE CHÂTEAU,DIE BURG BEWUNDERN,城を眺める,しろをながめる,SHIRO O NAGAMERU,HET KASTEEL BEWONDEREN,,,,,,
27,,TAKE A PICTURE – TAKE A PHOTO,TIRAR FOTO – TIRAR FOTO,SACAR FOTO – TOMAR FOTO,FARE UNA FOTO,PRENDRE UNE PHOTO,EIN FOTO MACHEN,写真を撮る,しゃしんをとる,SHASHIN O TORU,EEN FOTO MAKEN,,,,,,
27,,CREATION,CRIAÇÃO,CREACIÓN,CREAZIONE,CRÉATION,KREATION,創作,そうさく,SOUSAKU,CREATIE,,,,,,
28,,HEAT – COLD,CALOR – FRIO,CALOR – FRÍO,CALDO – FREDDO,CHAUD – FROID,HEISS – KALT,暑い – 冷たい,あつい – つめたい,ATSUI – TSUMETAI,WARM – KOUD,,,,,,
28,,PRE – POST,PRÉ – PÓS,PRE – POST,PRE – POST,PRÉ – POST,PRE – POST,前 – 後,まえ – あと,MAE – ATO,VOOR – NA,,,,,,
28,,PREHEAT,PRÉ-AQUECER,PRECALENTAR,PRERISCALDARE,PRÉCHAUFFER,VORHEIZEN,陰熱する,よねつする,YONETSU SURU,VOORVERWARMEN,,,,,,
28,,GET – GRAB,PEGAR – AGARRAR,COGER – AGARRAR,PRENDERE – AFFERRARE,PRENDRE – SAISIR,NEHMEN – GREIFEN,取る – 掴む,とる – つかむ,TORU – TSUKAMU,PAKKEN – GRIJPEN,,,,,,
28,,INGREDIENTS ,INGREDIENTES,INGREDIENTES,INGREDIENTI,INGRÉDIENTS,ZUTATEN,材料,ざいりょう,ZAIRYOU,INGREDIËNTEN,,,,,,
28,,BOWL,TIGELA,BOL,CIOTOLA,BOL,SCHÜSSEL,ボウル,ぼーる,BOURU,KOM,,,,,,
28,,IN A BOX – ON A BOX,NA CAIXA – EM CIMA DA CAIXA,EN LA CAJA – SOBRE LA CAJA,NELLA SCATOLA – SULLA SCATOLA,DANS LA BOÎTE – SUR LA BOÎTE,IN DER KISTE – AUF DER KISTE,箱の中 – 箱の上,はこのなか – はこのうえ,HAKO NO NAKA – HAKO NO UE,IN DE DOOS – OP DE DOOS,,,,,,
28,,FLOUR,FARINHA,HARINA,FARINA,FARINE,MEHL,小麦粉,こむぎこ,KOMUGIKO,MEEL,,,,,,
28,,SUGAR,AÇÚCAR,AZÚCAR,ZUCCHERO,SUCRE,ZUCKER,砂糖,さとう,SATOU,SUIKER,,,,,,
28,,EGGS,OVOS,HUEVOS,UOVA,OEUFS,EIER,卵,たまご,TAMAGO,EIEREN,,,,,,
28,,MIX – STIR,MISTURAR – MEXER,MEZCLAR – REVOLVER,MESCOLARE – GIRARE,MÉLANGER – REMUER,MISCHEN – RÜHREN,混ぜる – 書き混ぜる,まぜる – かきまぜる,MAZERU – KAKIMAZERU,MENGEN – ROEREN,,,,,,
28,,DRY – WET,SECO – MOLHADO,SECO – HÚMEDO,SECCO – UMIDO,SEC – HUMIDE,TROCKEN – NASS,乾いた – 湿った,かわいた – しめった,KAWAITA – SHIMETTA,DROOG – NAT,,,,,,
28,,DRY INGREDIENTS – WET INGREDIENTS,INGREDIENTES SECOS – MOLHADOS,INGREDIENTES SECOS – HÚMEDOS,INGREDIENTI SECCHI – UMIDI,INGRÉDIENTS SECS – HUMIDES,TROCKENE – NASSE ZUTATEN,乾いた材料 – 湿った材料,かわいたざいりょう – しめったざいりょう,KAWAITA ZAIRYOU – SHIMETTA ZAIRYOU,DROGE – NATTE INGREDIËNTEN,,,,,,
28,,ADD ,ADICIONAR,AGREGAR,AGGIUNGERE,AJOUTER,HINZUFÜGEN,加える,くわえる,KUWAERU,TOEVOEGEN,,,,,,
28,,SUBTRACT,SUBTRAIR,RESTAR,SOTTRARRE,SOUS-TRAIRE,ABZIEHEN,引く,ひく,HIKU,AFTREKKEN,,,,,,
28,,MILK,LEITE,LECHE,LATTE,LAIT,MILCH,牛乳,ぎゅうにゅう,GYUUNYUU,MELK,,,,,,
28,,BUTTER,MANTEIGA,MANTEQUILLA,BURRO,BEURRE,BUTTER,バター,ばたー,BATAA,BOTER,,,,,,
28,,BATTER,MASSA,MASA,IMPASTO,PÂTE,TEIG,生地,きじ,KIJI,DEEG,,,,,,
28,,FIVE,CINCO,CINCO,CINQUE,CINQ,FÜNF,5時,ご,GO,VIJF,,,,,,
28,,FIVE O’CLOCK,CINCO HORAS,CINCO EN PUNTO,CINQUE IN PUNTO,CINQ HEURES,FÜNF UHR,午時,ごーじ,GO-JI,VIJF UUR,,,,,,
28,,UNTIL FIVE O’CLOCK,ATÉ CINCO HORAS,HASTA LAS CINCO,FINO ALLE CINQUE,JUSQU’À CINQ HEURES,BIS FÜNF UHR,午時まで,ごーじまで,GO-JI MADE,TOT VIJF UUR,,,,,,
28,,SMOOTH,LISO,LISO,LISCIO,LISSE,GLATT,滑らか,なめらか,NAMERAKA,GLAD,,,,,,
28,,STIR UNTIL SMOOTH,MEXER ATÉ FICAR LISO,MEZCLAR HASTA QUEDAR LISO,MESCOLARE FINO A LISCIO,MÉLANGER JUSQU’À LISSE,RÜHREN BIS GLATT,滑らかになるまで混ぜる,なめらかになるまでまぜる,NAMERAKA NI NARU MADE MAZERU,ROEREN TOT GLAD,,,,,,
28,,POUR BATTER INTO BOWL,DESPEJAR A MASSA NA TIGELA,VERTER LA MASA EN EL BOL,VERSARE L’IMPASTO NELLA CIOTOLA,VERSER LA PÂTE DANS LE BOL,DEN TEIG IN DIE SCHÜSSEL GIESSEN,生地をボウルに入れる,きじをぼーるにいれる,KIJI O BOURU NI IRERU,DEEG IN KOM GIETEN,,,,,,
28,,PAN,FORMA,MOLDE,TEGLIA,MOULE,FORM,型,かた,KATA,VORM,,,,,,
28,,PLACES,LUGARES,LUGARES,POSTI,ENDROITS,ORTE,場所,ばしょ,BASHO,PLAATSEN,,,,,,
28,,OVEN,FORNO,HORNO,FORNO,FOUR,OFEN,大分,おおぶん,OOBUN,OVEN,,,,,,
28,,PLACE PAN IN THE OVEN,COLOCAR A FORMA NO FORNO,PONER EL MOLDE EN EL HORNO,METTERE LA TEGLIA NEL FORNO,PLACER LE MOULE AU FOUR,DIE FORM IN DEN OFEN STELLEN,型を大分に入れる,かたをおおぶんにいれる,KATA O OOBUN NI IRERU,VORM IN DE OVEN ZETTEN,,,,,,
28,,WAIT,ESPERAR,ESPERAR,ASPETTARE,ATTENDRE,WARTEN,松,まつ,MATSU,WACHTEN,,,,,,
28,,ENGINE,MOTOR,MOTOR,MOTORE,MOTEUR,MOTOR,エンジン,えんじん,ENJIN,MOTOR,,,,,,
28,,CHECK ENGINE,VERIFICAR MOTOR,REVISAR MOTOR,CONTROLLARE IL MOTORE,VÉRIFIER LE MOTEUR,MOTOR PRÜFEN,エンジンを確認する,えんじんをかくにんする,ENJIN O KAKUNIN SURU,MOTOR CONTROLEREN,,,,,,
28,,CAKE,BOLO,PASTEL,TORTA,GÂTEAU,KUCHEN,ケーキ,けーき,KEEKI,TAART,,,,,,
28,,WITH – WITHOUT,COM – SEM,CON – SIN,CON – SENZA,AVEC – SANS,MIT – OHNE,–なし,なし,TO – NASHI,MET – ZONDER,,,,,,
28,,TOOTH,DENTE,DIENTE,DENTE,DENT,ZAHN,葉,は,HA,TAND,,,,,,
28,,TEETH,DENTES,DIENTES,DENTI,DENTS,ZÄHNE,葉,は,HA,TANDEN,,,,,,
28,,TOOTHPICK,PALITO DE DENTE,PALILLO,STUZZICADENTI,CURE-DENT,ZAHNSTOCHER,爪楊枝,つまようじ,TSUMAYOUJI,TANDENSTOKER,,,,,,
28,,TAKE OUT – PUT IN,TIRAR – COLOCAR,SACAR – PONER,TOGLIERE – METTERE,SORTIR – METTRE,HERAUSNEHMEN – HINEINLEGEN,出す – 入れる,だす – いれる,DASU – IRERU,UITNEMEN – INDOEN,,,,,,
28,,TAKE OFF – PUT ON,TIRAR – COLOCAR,QUITER – PONER,TOGLIERE – METTERE,ENLEVER – METTRE,AUSZIEHEN – ANZIEHEN,外す – 付ける,はずす – つける,HAZUSU – TSUKERU,UITDOEN – AANDOEN,,,,,,
28,,TAKE OUT OF THE OVEN,TIRAR DO FORNO,SACAR DEL HORNO,TOGLIERE DAL FORNO,SORTIR DU FOUR,AUS DEM OFEN NEHMEN,大分から出す,おおぶんからだす,OOBUN KARA DASU,UIT DE OVEN HALEN,,,,,,
28,,COOL – HOT,FRIO – QUENTE,FRÍO – CALIENTE,FREDDO – CALDO,FROID – CHAUD,KALT – HEISS,冷たい – 熱い,つめたい – あつい,TSUMETAI – ATSUI,KOUD – HEET,,,,,,
28,,LET  - DON’T LET,DEIXAR – NÃO DEIXAR,DEJAR – NO DEJAR,LASCIARE – NON LASCIARE,LAISSER – NE PAS LAISSER,LASSEN – NICHT LASSEN,させる – させない,させる – させない,SASERU – SASENAI,LATEN – NIET LATEN,,,,,,
28,,LET CAKE COOL,DEIXAR O BOLO ESFRIAR,DEJAR QUE EL PASTEL SE ENFRÍE,LASCIARE RAFFREDDARE LA TORTA,LAISSER REFROIDIR LE GÂTEAU,DEN KUCHEN ABKÜHLEN LASSEN,ケーキを冷ます,けーきをさます,KEEKI O SAMASU,TAART LATEN AFKOELEN,,,,,,
28,,DECORATE ,DECORAR,DECORAR,DECORARE,DÉCORER,DEKORIEREN,飾る,かざる,KAZARU,DECOREREN,,,,,,
28,,DECORATE CAKE,DECORAR O BOLO,DECORAR EL PASTEL,DECORARE LA TORTA,DÉCORER LE GÂTEAU,DEN KUCHEN DEKORIEREN,ケーキを飾る,けーきをかざる,KEEKI O KAZARU,TAART DECOREREN,,,,,,
28,,FROSTING,COBERTURA,GLASEADO,GLASSA,GLAÇAGE ,GLASUR,フロスティング,ふろすてぃんぐ,FUROSUTINGU,GLAZUUR,,,,,,
28,,DECORATE CAKE WITH FROSTING,DECORAR O BOLO COM COBERTURA,DECORAR EL PASTEL CON GLASEADO,DECORARE LA TORTA CON GLASSA,DÉCORER LE GÂTEAU AVEC DU GLAÇAGE,DEN KUCHEN MIT GLASUR DEKORIEREN,ケーキをフロスティングで飾る,けーきをふろすてぃんぐでかざる,KEEKI O FUROSUTINGU DE KAZARU,TAART MET GLAZUUR DECOREREN,,,,,,
29,,GET – GRAB,PEGAR – AGARRAR,AGARRAR – TOMAR,PRENDERE – AFFERRARE,PRENDRE – SAISIR,GREIFEN – NEHMEN,取る / 掴む,とる / つかむ,TORU / TSUKAMU,PAKKEN – GRIJPEN,,,,,,
29,,PHONE,TELEFONE,TELÉFONO,TELEFONO,TÉLÉPHONE,TELEFON,電話,でんわ,DENWA,TELEFOON,,,,,,
29,,HIS PHONE – HER PHONE,TELEFONE DELE – TELEFONE DELA,SU TELÉFONO,IL SUO TELEFONO,SON TÉLÉPHONE,SEIN TELEFON – IHR TELEFON,彼の電話 / 彼女の電話,かれのでんわ / かのじょのでんわ,KARE NO DENWA / KANOJO NO DENWA,ZIJN TELEFOON – HAAR TELEFOON,,,,,,
29,,OPEN – CLOSE,ABRIR – FECHAR,ABRIR – CERRAR,APRIRE – CHIUDERE,OUVRIR – FERMER,ÖFFNEN – SCHLIESSEN,開ける / 閉じる,あける / とじる,AKERU / TOJIRU,OPENEN – SLUITEN,,,,,,
29,,LIST,LISTA,LISTA,LISTA,LISTE,LISTE,リスト,りすと,RISUTO,LIJST,,,,,,
29,,CONTACT LIST,LISTA DE CONTATOS,LISTA DE CONTACTOS,LISTA CONTATTI,LISTE DE CONTACTS,KONTAKTLISTE,連絡先リスト,れんらくさきりすと,RENRAKUSAKI RISUTO,CONTACTLIJST,,,,,,
29,,SELECT – CHOOSE,SELECIONAR – ESCOLHER,SELECCIONAR – ELEGIR,SELEZIONARE – SCEGLIERE,SÉLECTIONNER – CHOISIR,AUSWÄHLEN – WÄHLEN,選ぶ,えらぶ,ERABU,SELECTEREN – KIEZEN,,,,,,
29,,FRIEND,AMIGO,AMIGO,AMICO,AMI,FREUND,友達,ともだち,TOMODACHI,VRIEND,,,,,,
29,,NUMBER,NÚMERO,NÚMERO,NUMERO,NUMÉRO,NUMMER,番号,ばんごう,BANGOU,NUMMER,,,,,,
29,,FRIEND’S NUMBER,NÚMERO DO AMIGO,NÚMERO DEL AMIGO,NUMERO DELL’AMICO,NUMÉRO DE L’AMI,NUMMER DES FREUNDES,友達の番号,ともだちのばんごう,TOMODACHI NO BANGOU,NUMMER VAN DE VRIEND,,,,,,
29,,BUTTON,BOTÃO,BOTÓN,PULSANTE,BOUTON,TASTE,ボタン,ぼたん,BOTAN,KNOP,,,,,,
29,,PRESS BUTTON,PRESSIONAR BOTÃO,PRESIONAR BOTÓN,PREMERE PULSANTE,APPUYER SUR LE BOUTON,TASTE DRÜCKEN,ボタンを押す,ぼたんをおす,BOTAN O OSU,OP DE KNOP DRUKKEN,,,,,,
29,,CALL BUTTON,BOTÃO DE LIGAÇÃO,BOTÓN DE LLAMADA,PULSANTE DI CHIAMATA,BOUTON D’APPEL,ANRUFTASTE,通話ボタン,つうわぼたん,TSUUWA BOTAN,BELKNOP,,,,,,
29,,PRESS CALL BUTTON,PRESSIONAR BOTÃO DE LIGAÇÃO,PRESIONAR BOTÓN DE LLAMADA,PREMERE PULSANTE DI CHIAMATA,APPUYER SUR LE BOUTON D’APPEL,ANRUFTASTE DRÜCKEN,通話ボタンを押す,つうわぼたんをおす,TSUUWA BOTAN O OSU,OP DE BELKNOP DRUKKEN,,,,,,
29,,WAIT – WAIT FOR,ESPERAR – ESPERAR POR,ESPERAR – ESPERAR A,ASPETTARE – ASPETTARE CHE,ATTENDRE – ATTENDRE QUE,WARTEN – WARTEN AUF,松,まつ,MATSU,WACHTEN – WACHTEN OP,,,,,,
29,,CALL – ANSWER,LIGAR – ATENDER,LLAMAR – CONTESTAR,CHIAMARE – RISPONDERE,APPELER – RÉPONDRE,ANRUFEN – ANTWORTEN,電話する / 出る,でんわする / でる,DENWA SURU / DERU,BELLEN – OPNEMEN,,,,,,
29,,WAIT FOR FRIEND TO ANSWER,ESPERAR O AMIGO ATENDER,ESPERAR A QUE EL AMIGO CONTESTE,ASPETTARE CHE L’AMICO RISPONDA,ATTENDRE QUE L’AMI RÉPONDE,"AUF DEN FREUND WARTEN, BIS ER ANTWORTET",友達が出るのを待つ,ともだちがでるのをまつ,TOMODACHI GA DERU NO O MATSU,WACHTEN TOT DE VRIEND OPNEMT,,,,,,
29,,LAUGH ,RIR,REÍR,RIDERE,RIRE,LACHEN,笑う,わらう,WARAU,LACHEN,,,,,,
29,,STORY,HISTÓRIA,HISTORIA,STORIA,HISTOIRE,GESCHICHTE,話,はなし,HANASHI,VERHAAL,,,,,,
29,,SHARE,COMPARTILHAR,COMPARTIR,CONDIVIDERE,PARTAGER,TEILEN,共有する,きょうゆうする,KYOUYUU SURU,DELEN,,,,,,
29,,SHARE STORY,COMPARTILHAR HISTÓRIA,COMPARTIR HISTORIA,CONDIVIDERE STORIA,PARTAGER L’HISTOIRE,GESCHICHTE TEILEN,話を共有する,はなしをきょうゆうする,HANASHI O KYOUYUU SURU,VERHAAL DELEN,,,,,,
29,,SAY – THINK,DIZER – PENSAR,DECIR – PENSAR,DIRE – PENSARE,DIRE – PENSER,SAGEN – DENKEN,言う / 思う,いう / おもう,IU / OMOU,ZEGGEN – DENKEN,,,,,,
29,,GOODBYE,ADEUS,ADIÓS,ADDIO,AU REVOIR,AUF WIEDERSEHEN,さようなら,さようなら,SAYOUNARA,DOEIDOEG,,,,,,
29,,HANG UP PHONE,DESLIGAR O TELEFONE,COLGAR EL TELÉFONO,RIAGGANCIARE IL TELEFONO,RACCROCHER LE TÉLÉPHONE,AUFLEGEN,電話を切る,でんわをきる,DENWA O KIRU,TELEFOON OPHANGEN,,,,,,
29,,TEXT,TEXTO,TEXTO,TESTO,TEXTE,TEXT,テキスト,てきすと,TEKISUTO,TEKST,,,,,,
29,,SEND – RECEIVE,ENVIAR – RECEBER,ENVIAR – RECIBIR,INVIARE – RICEVERE,ENVOYER – RECEVOIR,SENDEN – EMPFANGEN,送る / 受け取る,おくる / うけとる,OKURU / UKETORU,VERZENDEN – ONTVANGEN,,,,,,
29,,SEND TEXT ,ENVIAR TEXTO,ENVIAR TEXTO,INVIARE TESTO,ENVOYER UN TEXTE,TEXT SENDEN,テキストを送る,てきすとをおくる,TEKISUTO O OKURU,TEKST VERZENDEN,,,,,,
29,,THANK HER FRIEND,AGRADECER A AMIGA,AGRADECER A LA AMIGA,RINGRAZIARE L’AMICA,REMERCIER L’AMIE,SICH BEI DER FREUNDIN BEDANKEN,友達に感謝する,ともだちにかんしゃする,TOMODACHI NI KANSHA SURU,DE VRIENDIN BEDANKEN,,,,,,
30,,SEE – LOOK AT,VER – OLHAR,VER – MIRAR,VEDERE – GUARDARE,VOIR – REGARDER,SEHEN – ANSEHEN,見る / 見る,みる / みる,MIRU / MIRU,ZIEN – BEKIJKEN,,,,,,
30,,NEIGHBOR,VIZINHO,VECINO,VICINO,VOISIN,NACHBAR,隣人,りんじん,RINJIN,BUREN,,,,,,
30,,STRUGGLING – DOING WELL,COM DIFICULDADE – BEM,SUFRIENDO – BIEN,IN DIFFICOLTÀ – ANDARE BENE,EN DIFFICULTÉ – ALLER BIEN,KÄMPFEND – ES GEHT GUT,苦労している / うまく行っている,くろうしている / うまくいっている,KUROU SHITE IRU / UMAKU ITTE IRU,MOEITE HEBBEN – HET GAAT GOED,,,,,,
30,,GROCERIES,COMPRAS DO MERCADO,COMESTIBLES,SPESA,COURSES,LEBENSMITTEL,食料品,しょくりょうひん,SHOKURYOUHIN,BOODSCHAPPEN,,,,,,
30,,WALK – RUN,ANDAR – CORRER,CAMINAR – CORRER,CAMMINARE – CORRERE,MARCHER – COURIR,GEHEN – RENNEN,歩く / 走る,あるく / はしる,ARUKU / HASHIRU,LOPEN – RENNEN,,,,,,
30,,WALK OVER,IR A PÉ,CAMINAR HACIA,AVVICINARSI A PIEDI,ALLER À PIED,HINGEHEN,歩いて行く,あるいていく,ARUITE IKU,ERNAARTOE LOPEN,,,,,,
30,,OFFER – REJECT OFFER,OFERECER – RECUSAR OFERTA,OFRECER – RECHAZAR OFERTA,OFFRIRE – RIFIUTARE OFFERTA,OFFRIR – REFUSER,LANBIETEN – ABLEHNEN,申し出る / 断る,もうしでる / ことわる,MOUSHIDERU / KOTOWARU,AANBIEDEN – AFWIJZEN,,,,,,
30,,HELP – DON’T HELP,AJUDAR – NÃO AJUDAR,AYUDAR – NO AYUDAR,AIUTARE – NON AIUTARE,AIDER – NE PAS AIDER,HELFEN – NICHT HELFEN,助ける / 助けない,たすける / たすけない,TASUKERU / TASUKENAI,HELPEN – NIET HELPEN,,,,,,
30,,GET – GRAB,PEGAR – AGARRAR,AGARRAR – TOMAR,PRENDERE – AFFERRARE,PRENDRE – SAISIR,GREIFEN – NEHMEN,取る / 掴む,とる / つかむ,TORU / TSUKAMU,PAKKEN – GRIJPEN,,,,,,
30,,SINGLE – COUPLE,SOLTEIRO – CASAL,SOLTERO – PAREJA,SINGOLO – COPPIA,CÉLIBATAIRE – COUPLE,LEDIG – PAAR,独身 / カップル,どくしん / かっぷる,DOKUSHIN / KAPPURU,SINGLE – KOPPEL,,,,,,
30,,BAG,SACOLA,BOLSA,SACCHETTO,SAC,TASCHE,袋,ふくろ,FUKURO,ZAK,,,,,,
30,,WALK HIS NEIGHBOR,ACOMPANHAR O VIZINHO,ACOMPAÑAR AL VECINO,ACCOMPAGNARE IL VICINO,ACCOMPAGNER LE VOISIN,DEN NACHBARN BEGLEITEN,隣人と歩く,りんじんとあるく,RINJIN TO ARUKU,DE BUURMAN BEGELEIDEN,,,,,,
30,,DOOR,PORTA,PUERTA,PORTA,PORTE,TÜR,ドア,どあ,DOA,DEUR,,,,,,
30,,TO THE DOOR,ATÉ A PORTA,HASTA LA PUERTA,ALLA PORTA,JUSQU’À LA PORTE,ZUR TÜR,ドアまで,どあまで,DOA MADE,TOT DE DEUR,,,,,,
30,,TALK,CONVERSAR,HABLAR,PARLARE,PARLER,SPRECHEN,話す,はなす,HANASU,PREKEN,,,,,,
30,,LAUGH ,RIR,REÍR,RIDERE,RIRE,LACHEN,笑う,わらう,WARAU,LACHEN,,,,,,
30,,LOAD – UNLOAD,CARREGAR – DESCARREGAR,CARGAR – DESCARGAR,CARICARE – SCARICARE,CHARGER – DÉCHARGER,LADEN – ENTLADEN,積む / 下ろす,つむ / おろす,TSUMU / OROSU,LADEN – LOSSEN,,,,,,
30,,ASK – ANSWER,PERGUNTAR – RESPONDER,PREGUNTAR – RESPONDER,CHIEDERE – RISPONDERE,DEMANDER – RÉPONDRE,FRAGEN – ANTWORTEN,聞く / 答える,きく / こたえる,KIKU / KOTAERU,VRAGEN – ANTWOORDEN,,,,,,
30,,ASK IF HE NEEDS..,PERGUNTAR SE ELE PRECISA…,PREGUNTAR SI NECESITA…,CHIEDERE SE HA BISOGNO…,DEMANDER S’IL A BESOIN…,"FRAGEN, OB ER BRAUCHT…",必要か聞く,ひつようかきく,HITSUYOU KA KIKU,VRAGEN OF HIJ NODIG HEEFT…,,,,,,
30,,MORE – LESS,MAIS – MENOS,MÁS – MENOS,PIÙ – MENO,PLUS – MOINS,MEHR – WENIGER,多い / 少ない,おおい / すくない,OOI / SUKUNAI,MEER – MINDER,,,,,,
30,,MORE HELP,MAIS AJUDA,MÁS AYUDA,PIÙ AIUTO,PLUS D’AIDE,MEHR HILFE,もっと助け,もっとたすけ,MOTTO TASUKE,MEER HULP,,,,,,
30,,TRIM,APARAR,RECORTAR,POTARE,TAILLER,SCHNEIDEN,刈る,かる,KARU,SNOEIEN,,,,,,
30,,GRASS,GRAMA,CÉSPED,ERBA,HERBE,GRAS,草,くさ,KUSA,GRAS,,,,,,
30,,HAIR,CABELO,CABELLO,CAPELLI,CHEVEUX,HAARE,紙,かみ,KAMI,HAAR,,,,,,
30,,TRIM GRASS,APARAR A GRAMA,CORTAR EL CÉSPED,TAGLIARE L’ERBA,TONDRE L’HERBE,GRAS SCHNEIDEN,草を刈る,くさをかる,KUSA O KARU,GRAS MAAIEN,,,,,,
30,,TRIM HAIR,APARAR O CABELO,CORTAR EL CABELLO,TAGLIARE I CAPELLI,COUPER LES CHEVEUX,HAARE SCHNEIDEN,紙を切る,かみをきる,KAMI O KIRU,HAAR KNIPPEN,,,,,,
30,,WEED – CROP,ERVA DANINHA – CULTIVO,MALA HIERBA – CULTIVO,ERBACCE – RACCOLTO,MAUVAISE HERBE – CULTURE,UNKRAUT – ERNTE,雑草 / 作物,ざっそう / さくもつ,ZASSOU / SAKUMOTSU,ONKRUID – GEWAS,,,,,,
30,,EAT – EATER,COMER – COMEDOR,COMER – COMEDOR,MANGIARE – MANGIATORE,MANGER – MANGEUR,ESSEN – ESSER,食べる / 食べる人,たべる / たべるひと,TABERU / TABERU HITO,ETEN – ETER,,,,,,
30,,WEED EATER,ROÇADEIRA,DESBROZADORA,DECESPUGLIATORE,DÉBROUSSAILLEUSE,FREISCHNEIDER,草刈り機,くさかりき,KUSAKARIKI,BOSMAAIER,,,,,,
30,,LAWN,GRAMADO,CÉSPED,PRATO,PELOUSE,RASEN,芝生,しばふ,SHIBAFU,GAZON,,,,,,
30,,MOW LAWN,CORTAR O GRAMADO,CORTAR EL CÉSPED,TAGLIARE IL PRATO,TONDRE LA PELOUSE,RASEN MÄHEN,芝生を刈る,しばふをかる,SHIBAFU O KARU,GAZON MAAIEN,,,,,,
30,,LAWN MOWER,CORTADOR DE GRAMA,CORTADORA DE CÉSPED,TOSAERBA,TONDEUSE,RASENMÄHER,芝刈機,しばかりき,SHIBAKARIKI,GRASMAAIER,,,,,,
30,,THANK  ,AGRADECER,AGRADECER,RINGRAZIARE,REMERCIER,DANKEN,感謝する,かんしゃする,KANSHA SURU,BEDANKEN,,,,,,
30,,INTERVIEW – OPPORTUNITY – CHANCE,ENTREVISTA – OPORTUNIDADE – CHANCE,ENTREVISTA – OPORTUNIDAD – OPORTUNIDAD,INTERVISTA – OPPORTUNITÀ – POSSIBILITÀ,ENTRETIEN – OPPORTUNITÉ – CHANCE,INTERVIEW – GELEGENHEIT – CHANCE,面接 / 機会 / チャンス,めんせつ / きかい / ちゃんす,MENSETSU / KIKAI / CHANSU,INTERVIEW – KANS – GELEGENHEID,,,,,,
30,,SAY – THINK,DIZER – PENSAR,DECIR – PENSAR,DIRE – PENSARE,DIRE – PENSER,SAGEN – DENKEN,言う / 思う,いう / おもう,IU / OMOU,ZEGGEN – DENKEN,,,,,,
30,,GOODBYE,ADEUS,ADIÓS,ADDIO,AU REVOIR,AUF WIEDERSEHEN,さようなら,さようなら,SAYOUNARA,DOEIDOEG,,,,,,
31,,WALK – RUN,ANDAR – CORRER,CAMINAR – CORRER,CAMMINARE – CORRERE,MARCHER – COURIR,GEHEN – RENNEN,歩く / 走る,あるく / はしる,ARUKU / HASHIRU,LOPEN – RENNEN,,,,,,
31,,LIVING ROOM,SALA DE ESTAR,SALA DE ESTAR,SALA,SALON,WOHNZIMMER,リビングルーム,りびんぐるーむ,RIBINGU RUUMU,WOONKAMER,,,,,,
31,,INTO THE LIVING ROOM,PARA A SALA DE ESTAR,A LA SALA DE ESTAR,NELLA SALA,DANS LE SALON,INS WOHNZIMMER,リビングルームへ,りびんぐるーむへ,RIBINGU RUUMU E,NAAR DE WOONKAMER,,,,,,
31,,SIT – STAND UP,SENTAR – LEVANTAR,SENTARSE – LEVANTARSE,SEDERSI – ALZARSI,S’ASSEOIR – SE LEVER,SITZEN – AUFSTEHEN,座る / 立つ,すわる / たつ,SUWARU / TATSU,ZITTEN – OPSTAAN,,,,,,
31,,COUCH,SOFÁ,SOFÁ,DIVANO,CANAPÉ,SOFA,ソファ,そふぁ,SOFA,BANK,,,,,,
31,,ON THE BOX – IN THE BOX,SOBRE A CAIXA – DENTRO DA CAIXA,SOBRE LA CAJA – DENTRO DE LA CAJA,SULLA SCATOLA – NELLA SCATOLA,SUR LA BOÎTE – DANS LA BOÎTE,AUF DER KISTE – IN DER KISTE,箱の上 / 中,はこのうえ / なか,HAKO NO UE / NAKA,OP DE DOOS – IN DE DOOS,,,,,,
31,,LOOK AT,OLHAR PARA,MIRAR,GUARDARE,REGARDER,ANSEHEN,見る,みる,MIRU,KIJKEN NAAR,,,,,,
31,,TV,TV,TV,TV,TÉLÉVISION,FERNSEHER,テレビ,てれび,TEREBI,TV,,,,,,
31,,REMOTE CONTROL,CONTROLE REMOTO,CONTROL REMOTO,TELECOMANDO,TÉLÉCOMMANDE,FERNBEDIENUNG,リモコン,りもこん,RIMOKON,AFSTANDSBEDIENING,,,,,,
31,,TV REMOTE,CONTROLE DA TV,CONTROL DE TV,TELECOMANDO TV,TÉLÉCOMMANDE TV,TV-FERNBEDIENUNG,テレビのリモコン,てれびのりもこん,TEREBI NO RIMOKON,TV-AFSTANDSBEDIENING,,,,,,
31,,TURN ON – TURN OFF,LIGAR – DESLIGAR,ENCENDER – APAGAR,ACCENDERE – SPEGNERE,ALLUMER – ÉTEINDRE,EINSCHALTEN – AUSSCHALTEN,点ける / 消す,つける / けす,TSUKERU / KESU,AANZETTEN – UITZETTEN,,,,,,
31,,SEE – LOOK AT,VER – OLHAR,VER – MIRAR,VEDERE – GUARDARE,VOIR – REGARDER,SEHEN – ANSEHEN,見る / 見る,みる / みる,MIRU / MIRU,ZIEN – BEKIJKEN,,,,,,
31,,GAME,JOGO,JUEGO,GIOCO,JEU,SPIEL,試合,しあい,SHIAI,WEDSTRIJD,,,,,,
31,,GAME IS ON – MOVIE IS ON,O JOGO ESTÁ PASSANDO – O FILME ESTÁ PASSANDO,EL JUEGO ESTÁ PASANDO – LA PELÍCULA ESTÁ PASANDO,IL GIOCO È IN CORSO – IL FILM È IN CORSO,LE MATCH PASSE – LE FILM PASSE,DAS SPIEL LÄUFT – DER FILM LÄUFT,試合中 / 映画中,しあいちゅう / えいがちゅう,SHIAICHUU / EIGACHUU,WEDSTRIJD LOOPT – FILM LOOPT,,,,,,
31,,GET A TOWEL,PEGAR UMA TOALHA,AGARRAR UNA TOALLA,PRENDERE UN ASCIUGAMANO,PRENDRE UNE SERVIETTE,EIN HANDTUCH HOLEN,タオルを取る,たおるをとる,TAORU O TORU,EEN HANDDOEK PAKKEN,,,,,,
31,,BOWL,TIGELA,TAZÓN,CIOTOLA,BOL,SCHÜSSEL,ボウル,ぼーる,BOURU,SCHAAL,,,,,,
31,,CHIPS,CHIPS,PAPAS FRITAS,PATATINE,CHIPS,CHIPS,チップス,ちっぷす,CHIPPUSU,CHIPS,,,,,,
31,,BOWL OF CHIPS,TIGELA DE CHIPS,TAZÓN DE PAPAS FRITAS,CIOTOLA DI PATATINE,BOL DE CHIPS,SCHÜSSEL CHIPS,チップスのボウル,ちっぷすのぼーる,CHIPPUSU NO BOURU,SCHAAL CHIPS,,,,,,
31,,PICK UP – PUT DOWN,PEGAR – COLOCAR,COGER – DEJAR,PRENDERE – POSARE,PRENDRE – POSER,AUFHEBEN – ABLEGEN,取る / 置く,とる / おく,TORU / OKU,OPPAKKEN – NEERZETTEN,,,,,,
31,,CUP ,XÍCARA,TAZA,TAZZA,TASSE,TASSE,カップ,かっぷ,KAPPU,KOP,,,,,,
31,,TEA,CHÁ,TÉ,TÈ,THÉ,TEE,お茶,おちゃ,OCHA,THEE,,,,,,
31,,CUP OF TEA,XÍCARA DE CHÁ,TAZA DE TÉ,TAZZA DI TÈ,TASSE DE THÉ,TASSE TEE,お茶のカップ,おちゃのかっぷ,OCHA NO KAPPU,KOP THEE,,,,,,
31,,EAT ,COMER,COMER,MANGIARE,MANGER,ESSEN,食べる,たべる,TABERU,ETEN,,,,,,
31,,DRINK,BEBER,BEBER,BERE,BOIRE,TRINKEN,飲む,のむ,NOMU,DRINKEN,,,,,,
31,,WATCH ,ASSISTIR,VER,GUARDARE,REGARDER,ANSCHAUEN,見る,みる,MIRU,KIJKEN,,,,,,
31,,CAREFULLY – CARELESSLY,CUIDADOSAMENTE – DESCUIDADAMENTE,CUIDADOSAMENTE – DESCUIDADAMENTE,CON CURA – SENZA CURA,AVEC SOIN – SANS SOIN,SORGFÄLTIG – UNACHTSAM,注意深く / 普通に,ちゅういぶかく / ふつうに,CHUUIBUKAKU / FUCHUUNI,ZORGVULDIG – SLORDIG,,,,,,
31,,TEAM ,TIME,EQUIPO,SQUADRA,ÉQUIPE,TEAM,チーム,ちーむ,CHIIMU,TEAM,,,,,,
31,,SCORE,PLACAR,MARCADOR,PUNTEGGIO,SCORE,SPIELSTAND,得点,とくてん,TOKUTEN,SCORE,,,,,,
31,,HE SCORES,ELE MARCA,MARCA,SEGNA,MARQUE,ER TRIFFT,得点する,とくてんする,TOKUTEN SURU,HIJ SCOORT,,,,,,
31,,GOAL,GOL,GOL,GOL,BUT,TOR,ゴール,ごーる,GOORU,DOELPUNT,,,,,,
31,,JUMPS,PULA,SALTA,SALTA,SAUTE,SPRINGT,飛ぶ,とぶ,TOBU,SPRINGT,,,,,,
31,,CHEERS,COMEMORA,CELEBRA,ESULTA,ACCLAME,JUBELT,完成,かんせい,KANSEI,JUICHT,,,,,,
31,,OTHER TEAM,OUTRO TIME,OTRO EQUIPO,ALTRA SQUADRA,AUTRE ÉQUIPE,ANDERES TEAM,相手チーム,あいてちーむ,AITE CHIIMU,ANDER TEAM,,,,,,
31,,CLAP HANDS,BATER PALMAS,APLAUDIR,APPLAUDIRE,APPLAUDIR,KLATSCHEN,拍手する,はくしゅする,HAKUSHU SURU,KLAPPEN,,,,,,
31,,SHAKES,TREME,TIEMBLA,TREMA,TREMBLE,ZITTERT,震える,ふるえる,FURUERU,TRILT,,,,,,
31,,HEAD – NOSE – MOUTH,CABEÇA – NARIZ – BOCA,CABEZA – NARIZ – BOCA,TESTA – NASO – BOCCA,TÊTE – NEZ – BOUCHE,KOPF – NASE – MUND,頭 / 鼻 / 口,あたま / はな / くち,ATAMA / HANA / KUCHI,HOOFD – NEUS – MOND,,,,,,
31,,THIS MAN – ANOTHER MAN,ESTE HOMEM – OUTRO HOMEM,ESTE HOMBRE – OTRO HOMBRE,QUESTO UOMO – UN ALTRO UOMO,CET HOMME – UN AUTRE HOMME,DIESER MANN – EIN ANDERER MANN,この男 / 別の男,このおとこ / べつの おとこ,KONO OTOKO / BETSUNO OTOKO,DEZE MAN – EEN ANDERE MAN,,,,,,
31,,SIP – GULP,GOLE – ENGOLIR,SORBO – TRAGAR,SORSO – INGOIARE,GORGÉE – AVALER,SCHLUCK – STÜRZEN,一口 / ごく飲む,ひとくち / ごくのむ,HITOKUCHI / GOKU NOMU,NIP – SLURP,,,,,,
31,,LEAN BACK,SE RECOSTAR,RECLINARSE,APPOGGIARSI,SE PENCHER,SICH ZURÜCKLEHNEN,持たれる,もたれる,MOTARERU,ACHTEROVER LEUNEN,,,,,,
31,,FIRST – LAST,PRIMEIRO – ÚLTIMO,PRIMERO – ÚLTIMO,PRIMO – ULTIMO,PREMIER – DERNIER,ERSTER – LETZTER,最初 / 最後,さいしょ / さいご,SAISHO / SAIGO,EERSTE – LAATSTE,,,,,,
31,,MINUTE,MINUTO,MINUTO,MINUTO,MINUTE,MINUTE,糞,ふん,FUN,MINUUT,,,,,,
31,,LAST MINUTE OF THE GAME,ÚLTIMO MINUTO DO JOGO,ÚLTIMO MINUTO DEL JUEGO,ULTIMO MINUTO DELLA PARTITA,DERNIÈRE MINUTE DU MATCH,LETZTE SPIELMINUTE,試合の最後の糞,しあいのさいごのふん,SHIAI NO SAIGO NO FUN,LAATSTE MINUUT VAN DE WEDSTRIJD,,,,,,
31,,END – BEGINS,FIM – COMEÇA,FIN – EMPIEZA,FINE – INIZIA,FIN – COMMENCE,ENDE – BEGINNT,終わり / 始まる,おわり / はじまる,OWARI / HAJIMARU,EINDE – BEGINT,,,,,,
31,,IT IS A TIE,EMPATE,EMPATE,PAREGGIO,ÉGALITÉ,UNENTSCHIEDEN,引き分け,ひきわけ,HIKIWAKE,GELIJKSPEL,,,,,,
31,,SMILE,SORRIR,SONREÍR,SORRIDERE,SOURIRE,LÄCHELN,笑う,わらう,WARAU,GLIMLACHEN,,,,,,
31,,SAY – THINK,DIZER – PENSAR,DECIR – PENSAR,DIRE – PENSARE,DIRE – PENSER,SAGEN – DENKEN,言う / 思う,いう / おもう,IU / OMOU,ZEGGEN – DENKEN,,,,,,
31,,GREAT,ÓTIMO,GENIAL,OTTIMO,SUPER,GROSSARTIG,素晴らしい,すばらしい,SUBARASHII,GEWELDIG,,,,,,
31,,KITCHEN,COZINHA,COCINA,CUCINA,CUISINE,KÜCHE,台所,だいどころ,DAIDOKORO,KEUKEN,,,,,,
31,,WINDOW,JANELA,VENTANA,FINESTRA,FENÊTRE,FENSTER,窓,まど,MADO,RAAM,,,,,,
31,,LOOK OUT THE WINDOW,OLHAR PELA JANELA,MIRAR POR LA VENTANA,GUARDARE DALLA FINESTRA,REGARDER PAR LA FENÊTRE,AUS DEM FENSTER SCHAUEN,窓の外を見る,まどのそとをみる,MADO NO SOTO O MIRU,UIT HET RAAM KIJKEN,,,,,,
31,,THINK – THINK ABOUT,PENSAR – PENSAR SOBRE,PENSAR – PENSAR EN,PENSARE – PENSARE A,PENSER – PENSER À,DENKEN – DENKEN ÜBER,考える / 考えること,かんがえる / かんがえること,KANGAERU / KANGAERU KOTO,DENKEN – NADENKEN OVER,,,,,,
31,,PREVIOUS – NEXT,ANTERIOR – PRÓXIMO,ANTERIOR – SIGUIENTE,PRECEDENTE – SUCCESSIVO,PRÉCÉDENT – SUIVANT,VORHERIG – NÄCHSTER,前 / 次,まえ / つぎ,MAE / TSUGI,VORIGE – VOLGENDE,,,,,,
32,,WALK – RUN,ANDAR – CORRER,CAMINAR – CORRER,CAMMINARE – CORRERE,MARCHER – COURIR,GEHEN – RENNEN,歩く / 走る,あるく / はしる,ARUKU / HASHIRU,LOPEN – RENNEN,,,,,,
32,,WALK IN  - WALK OUT,ENTRAR – SAIR,ENTRAR – SALIR,ENTRARE – USCIRE,ENTRER – SORTIR,HINEINGEHEN – HERAUSGEHEN,入る / 出る,はいる / でる,HAIRU / DERU,BINNENGAAN – BUITENGAAN,,,,,,
32,,DRIVEWAY,ENTRADA DA GARAGEM,ENTRADA DE GARAJE,VIALE D’ACCESSO,ALLÉE,AUFFAhrt,車道,しゃどう,SHADOU,OPRIT,,,,,,
32,,WALK TO THE DRIVEWAY,IR ATÉ A ENTRADA DA GARAGEM,CAMINAR A LA ENTRADA DE GARAJE,ANDARE AL VIALE,ALLER À L’ALLÉE,ZUR AUFFAhrt GEHEN,車道へ行く,しゃどうへいく,SHADOU E IKU,NAAR DE OPRIT LOPEN,,,,,,
32,,SEE – LOOK AT,VER – OLHAR,VER – MIRAR,VEDERE – GUARDARE,VOIR – REGARDER,SEHEN – ANSEHEN,見る / 見る,みる / みる,MIRU / MIRU,ZIEN – BEKIJKEN,,,,,,
32,,DIRTY – CLEAN,SUJO – LIMPO,SUCIO – LIMPIO,SPORCO – PULITO,SALE – PROPRE,SCHMUTZIG – SAUBER,汚い / 綺麗,きたない / きれい,KITANAI / KIREI,VIES – SCHOON,,,,,,
32,,CAR,CARRO,COCHE,AUTO,VOITURE,AUTO,車,くるま,KURUMA,AUTO,,,,,,
32,,GRAB – GET,PEGAR – OBTER,AGARRAR – OBTENER,PRENDERE – OTTENERE,PRENDRE – OBTENIR,GREIFEN – BEKOMMEN,取る / 得る,とる / える,TORU / ERU,PAKKEN – KRIJGEN,,,,,,
32,,HOSE,MANGUEIRA,MANGUERA,TUBO,FLEXIBLE,SCHLAUCH,ホース,ホース,HOOSU,SLANG,,,,,,
32,,LOOK FOR – FIND,PROCURAR – ENCONTRAR,BUSCAR – ENCONTRAR,CERCARE – TROVARE,CHERCHER – TROUVER,SUCHEN – FINDEN,探す / 見つける,さがす / みつける,SAGASU / MITSUKERU,ZOEKEN – VINDEN,,,,,,
32,,FAUCET,TORNEIRA,GRIFO,RUBINETTO,ROBINET,WASSERHAHN,蛇口,じゃぐち,JAGUCHI,KRAAN,,,,,,
32,,GO IN – COME OUT,ENTRAR – SAIR,ENTRAR – SALIR,ENTRARE – USCIRE,ENTRER – SORTIR,HINEINGEHEN – HERAUSGEHEN,入る / 出る,はいる / でる,HAIRU / DERU,BINNENGAAN – BUITENGAAN,,,,,,
32,,WATER,ÁGUA,AGUA,ACQUA,EAU,WASSER,水,みず,MIZU,WATER,,,,,,
32,,SPRAYS,BORRIFA,ROCÍA,SPRUZZA,PULVÉRISE,SPRÜHT,拭く,ふく,FUKU,SPUIT,,,,,,
32,,SPRAY CAR WITH HOSE,BORRIFAR O CARRO COM A MANGUEIRA,ROCIAR EL COCHE CON LA MANGUERA,SPRuzzARE L’AUTO CON IL TUBO,PULVÉRISER LA VOITURE AVEC LE TUYAU,DAS AUTO MIT DEM SCHLAUCH SPRÜHEN,ホースで車に水をかける,ホースでくるまにみずをかける,HOOSU DE KURUMA NI MIZU O KAKERU,AUTO MET SLANG AFSPUITEN,,,,,,
32,,BOTTLE,GARRAFA,BOTELLA,BOTTIGLIA,BOUTEILLE,FLASCHE,ボトル,ボトル,BOTORU,FLES,,,,,,
32,,SOAP,SABÃO,JABÓN,SAPONE,SAVON,SEIFE,石鹸,せっけん,SEKKEN,ZEEP,,,,,,
32,,BOTTLE OF SOAP,GARRAFA DE SABÃO,BOTELLA DE JABÓN,BOTTIGLIA DI SAPONE,BOUTEILLE DE SAVON,SEIFENFLASCHE,石鹸のボトル,せっけんのボトル,SEKKEN NO BOTORU,FLES ZEEP,,,,,,
32,,PUT SOAP ON CAR,PASSAR SABÃO NO CARRO,PONER JABÓN EN EL COCHE,METTERE SAPONE SULL’AUTO,METTRE DU SAVON SUR LA VOITURE,SEIFE AUF DAS AUTO GEBEN,車に石鹸をつける,くるまにせっけんをつける,KURUMA NI SEKKEN O TSUKERU,ZEEP OP DE AUTO DOEN,,,,,,
32,,SPONGE,ESPONJA,ESPONJA,SPUGNA,ÉPONGE,SCHWAMM,スポンジ,スポンジ,SUPONJI,SPONS,,,,,,
32,,GET SPONGE,PEGAR A ESPONJA,AGARRAR LA ESPONJA,PRENDERE LA SPUGNA,PRENDRE L’ÉPONGE,DEN SCHWAMM NEHMEN,スポンジを取る,スポンジをとる,SUPONJI O TORU,SPONS PAKKEN,,,,,,
32,,SCRUB,ESFREGAR,FROTAR,STROFINARE,FROTTER,SCHUBBEN,こする,こする,KOSURU,SCHROBBEN,,,,,,
32,,ENGINE,MOTOR,MOTOR,MOTORE,MOTEUR,MOTOR,エンジン,エンジン,ENJIN,MOTOR,,,,,,
32,,CHECK ENGINE,VERIFICAR MOTOR,REVISAR MOTOR,CONTROLLARE IL MOTORE,VÉRIFIER LE MOTEUR,MOTOR PRÜFEN,エンジンを確認する,エンジンをかくにんする,ENJIN O KAKUNIN SURU,MOTOR CONTROLEREN,,,,,,
32,,DRIVE,DIRIGIR,CONDUCIR,GUIDARE,CONDUIRE,FAHREN,運転する,うんてんする,UNTEN SURU,RIJDEN,,,,,,
32,,CHECK IF CAR IS CLEAN,VERIFICAR SE O CARRO ESTÁ LIMPO,REVISAR SI EL COCHE ESTÁ LIMPIO,CONTROLLARE SE L’AUTO È PULITA,VÉRIFIER SI LA VOITURE EST PROPRE,"PRÜFEN, OB DAS AUTO SAUBER IST",車が綺麗か確認する,くるまがきれいかかくにんする,KURUMA GA KIREI KA KAKUNIN SURU,CONTROLEREN OF DE AUTO SCHOON IS,,,,,,
32,,RINSE HANDS,ENXAGUAR AS MÃOS,ENJUAGAR LAS MANOS,SCIACQUARE LE MANI,RINCER LES MAINS,HÄNDE ABSPÜLEN,手をすすぐ,てをすすぐ,TE O SUSUGU,HANDEN AFSPOELEN,,,,,,
32,,RINSE CAR,ENXAGUAR O CARRO,ENJUAGAR EL COCHE,SCIACQUARE L’AUTO,RINCER LA VOITURE,DAS AUTO ABSPÜLEN,車をすすぐ,くるまをすすぐ,KURUMA O SUSUGU,AUTO AFSPOELEN,,,,,,
32,,BIG – SMALL,GRANDE – PEQUENO,GRANDE – PEQUEÑO,GRANDE – PICCOLO,GRAND – PETIT,GROSS – KLEIN,大きい / 小さい,おおきい / ちいさい,OOKII / CHIISAI,GROOT – KLEIN,,,,,,
32,,TOWEL,TOALHA,TOALLA,ASCIUGAMANO,SERVIETTE,HANDTUCH,タオル,タオル,TAORU,HANDDOEK,,,,,,
32,,DRY – WET,SECO – MOLHADO,SECO – MOJADO,SECCO – BAGNATO,SEC – MOUILLÉ,TROCKEN – NASS,乾いた / 濡れた,かわいた / ぬれた,KAWAITA / NURETA,DROOG – NAT,,,,,,
32,,PUT TOWEL BACK,GUARDAR A TOALHA,VOLVER A PONER LA TOALLA,RIMETTERE L’ASCIUGAMANO,REPLACER LA SERVIETTE,HANDTUCH ZURÜCKLEGEN,タオルを戻す,タオルをもどす,TAORU O MODOSU,HANDDOEK TERUGLEGGEN,,,,,,
32,,PUT HOSE BACK,GUARDAR A MANGUEIRA,VOLVER A PONER LA MANGUERA,RIMETTERE IL TUBO,REPLACER LE TUYAU,SCHLAUCH ZURÜCKLEGEN,ホースを戻す,ホースをもどす,HOOSU O MODOSU,SLANG TERUGLEGGEN,,,,,,
32,,WASH HANDS WITH SOAP,LAVAR AS MÃOS COM SABÃO,LAVAR LAS MANOS CON JABÓN,LAVARE LE MANI CON SAPONE,LAVER LES MAINS AVEC DU SAVON,HÄNDE MIT SEIFE WASCHEN,石鹸で手を洗う,せっけんでてをあらう,SEKKEN DE TE O ARAU,HANDEN MET ZEEP WASSEN,,,,,,
32,,SCENERY,PAISAGEM,PAISAJE,PAESAGGIO,PAYSAGE,LANDSCHAFT,景色,けしき,KESHIKI,LANDSCHAP,,,,,,
32,,ADMIRE THE SCENERY,ADMIRAR A PAISAGEM,ADMIRAR EL PAISAJE,AMMIRARE IL PAESAGGIO,ADMIRER LE PAYSAGE,DIE LANDSCHAFT BEWUNDERN,景色を眺める,けしきをながめる,KESHIKI O NAGAMERU,LANDSCHAP BEWONDEREN,,,,,,
32,,SPARKLING SPARKLING CAR,CARRO BRILHANTE,CHE BRILLA,AUTO SCINTILLANTE,VOITURE ÉTINCELANTE,GLÄNZENDES AUTO,輝く車,かがやくくるま,KAGAYAKU KURUMA,GLANZENDE AUTO,,,,,,
32,,HE TAKES PICTURE – HE TAKES PHOTO,ELE TIRA FOTO – ELE TIRA FOTOGRAFIA,TOMA FOTO – TOMA FOTOGRAFÍA,SCATTA FOTO – FA UNA FOTO,PREND UNE PHOTO – FAIT UNE PHOTO,ER MACHT EIN FOTO – ER MACHT EIN BILD,写真を撮る / 撮影する,しゃしんをとる / さつえいする,SHASHIN O TORU / SATSUEI SURU,HIJ MAAKT EEN FOTO – HIJ NEEMT EEN FOTO,,,,,,
33,,APPOINTMENT,CONSULTA,CITA,APPUNTAMENTO,RENDEZ-VOUS,TERMIN,予約,よやく,YOYAKU,AFSPRAAK,,,,,,
33,,SCHEDULE ,AGENDA,AGENDA,SCHEDA,AGENDA,TERMINPLAN,予定,よてい,YOTEI,SCHEDULE,,,,,,
33,,SCHEDULE APPOINTMENT,AGENDAR CONSULTA,PROGRAMAR CITA,PRENOTARE APPUNTAMENTO,PLANIFIER UN RENDEZ-VOUS,TERMIN PLANEN,予約を入れる,よやくをいれる,YOYAKU O IRERU,AFSPRAAK INPLANNEN,,,,,,
33,,ARRIVE – LEAVE,CHEGAR – SAIR,LLEGAR – SALIR,ARRIVARE – PARTIRE,ARRIVER – PARTIR,ANKOMMEN – GEHEN,到着 / 出発,とうちゃく / しゅっぱつ,TOUCHAKU / SHUPPATSU,AANKOMEN – VERTREKKEN,,,,,,
33,,DENTIST,DENTISTA,DENTISTA,DENTISTA,DENTISTE,ZAHNARZT,配車,はいしゃ,HAISHA,TANDARTS,,,,,,
33,,OFFICE,ESCRITÓRIO,OFICINA,UFFICIO,BUREAU,BÜRO,事務所,じむしょ,JIMUSHO,KANTOOR,,,,,,
33,,DENTIST’S OFFICE,ESCRITÓRIO DO DENTISTA,OFICINA DEL DENTISTA,UFFICIO DEL DENTISTA,BUREAU DU DENTISTE,ZAHNARZT-PRAKTIKUM,配車の事務所,はいしゃのじむしょ,HAISHA NO JIMUSHO,TANDARTS KANTOOR,,,,,,
33,,FORM,FORMULÁRIO,FORMULARIO,MODULO,FORMULAIRE,FORMULAR,フォーム,フォーム,FŌMU,FORMULIER,,,,,,
33,,FILL OUT FORM,PREENCHER FORMULÁRIO,LLENAR FORMULARIO,COMPILARE IL MODULO,REMPIR LE FORMULAIRE,FORMULAR AUSFÜLLEN,フォームに記入する,フォームにきにゅうする,FŌMU NI KINYUU SURU,FORMULIER INVULLEN,,,,,,
33,,WAIT,ESPERAR,ESPERAR,ASPETTARE,ATTENDRE,WARTEN,待つ,まつ,MATSU,WACHTEN,,,,,,
33,,SOME – A LOT,POUCO – MUITO,ALGUNO – MUCHO,POCO – MOLTO,PEU – BEAUCOUP,WENIG – VIEL,少し / たくさん,すこし / たくさん,SUKOSHI / TAKUSAN,WEINIG – VEEL,,,,,,
33,,TURN ,VIRAR,GIRAR,GIRARE,TOURNER,DREHEN,回す,まわす,MAWASU,DRAAIEN,,,,,,
33,,CALL,CHAMAR,LLAMAR,CHIAMARE,APPELER,RUFEN,呼ぶ,よぶ,YOBU,ROEPEN,,,,,,
33,,CALL HIM IN,CHAMÁ-LO,DESPUÉS DE LLAMAR,CHIAMARLO,FAIRE ENTRER,RUFEIHN,呼び入れる,よびいれる,YOBIIRERU,INNEN LATEN KOMEN,,,,,,
33,,SIT – STAND UP,SENTAR – LEVANTAR,SENTARSE – LEVANTARSE,SEDERSI – ALZARSI,S’ASSEOIR – SE LEVER,SITZEN – AUFSTEHEN,座る / 立つ,すわる / たつ,SUWARU / TATSU,ZITTEN – OPSTAAN,,,,,,
33,,CHAIR,CADEIRA,SILLA,SEDIA,CHAISE,STUHL,椅子,いす,ISU,STOEL,,,,,,
33,,DENTIST’S CHAIR,CADEIRA DO DENTISTA,SILLA DEL DENTISTA,SEDIA DEL DENTISTA,FAUTEUIL DU DENTISTE,ZAHNARZTSTUHL,配車の椅子,はいしゃのいす,HAISHA NO ISU,TANDARTS STOEL,,,,,,
33,,EXAMINE,EXAMINAR,EXAMINAR,ESAMINARE,EXAMINER,UNTERSUCHEN,診察する,しんさつする,SHINSATSU SURU,ONDERZOEKEN,,,,,,
33,,TEETH,DENTES,DIENTES,DENTI,DENTS,ZÄHNE,歯,は,HA,TANDEN,,,,,,
33,,TOOTH,DENTE,DIENTE,DENTE,DOIGT,ZAHN,歯,は,HA,TAND,,,,,,
33,,CLEAN ,LIMPAR,LIMPIAR,PULIRE,NETTOYER,REINIGEN,掃除する,そうじする,SOUJI SURU,SCHOONMAKEN,,,,,,
33,,HIS TEETH – HER TEETH,SEUS DENTES – DELA,DES SUS DIENTES – DE ELLA,I SUOI DENTI – I SUOI,DENTS – SES DENTS,SEINE ZÄHNE – IHRE ZÄHNE,彼の歯 / 彼女の歯,かれのは / かのじょのは,KARE NO HA / KANOJO NO HA,ZIJN TANDEN – HAAR TANDEN,,,,,,
33,,START – FINISH,COMEÇAR – TERMINAR,EMPEZAR – TERMINAR,INIZIARE – FINIRE,COMMENCER – FINIR,BEGINNEN – BEENDEN,始める / 終わる,はじめる / おわる,HAJIMERU / OWARU,BEGIN – EINDIGEN,,,,,,
34,,HEAR,OUVIR,ESCCHAR,UDIRE,ENTENDRE,HÖREN,聞く,きく,KIKU,LUISTEREN,,,,,,
34,,DOG,CACHORRO,PERRO,CANE,CHIEN,HUND,犬,いぬ,INU,HOND,,,,,,
34,,CAT,GATO,GATO,GATTO,CHAT,KATZE,猫,ねこ,NEKO,KAT,,,,,,
34,,BARK,LATIR,LADRAR,ABBAIARE,ABOYER,BELLEN,吠える,ほえる,HOERU,BLAFFEN,,,,,,
34,,MEOW,MIAR,MIAU,MIAGOLARE,MIER,MIAU,泣く,なく,NAKU,MIAUWEN,,,,,,
34,,BARK ONCE – BARK AGAIN,LATIR UMA VEZ – LATIR DE NOVO,LADRAR UNA VEZ – LADRAR OTRA VEZ,ABBAIARE UNA VOLTA – ABBAIARE ANCORA,ABOYER UNE FOIS – ABOYER ENCORE, EINMAL BELLEN – NOCHMAL BELLEN,一回吠える / もう一度吠える,いっかいほえる / もういちどほえる,IKKAI HOERU / MOU ICHIDO HOERU,EEN KEER BLAFFEN – NOGMAALS BLAFFEN,,,,,,
34,,WALK – RUN,ANDAR – CORRER,CAMINAR – CORRER,CAMMINARE – CORRERE,MARCHER – COURIR,GEHEN – RENNEN,歩く / 走る,あるく / はしる,ARUKU / HASHIRU,LOPEN – RENNEN,,,,,,
34,,KITCHEN,COZINHA,COCINA,CUCINA,CUISINE,KÜCHE,台所,だいどころ,DAIDOKORO,KEUKEN,,,,,,
34,,SEE – LOOK AT,VER – OLHAR,VER – MIRAR,VEDERE – GUARDARE,VOIR – REGARDER,SEHEN – ANSEHEN,見る / 見る,みる / みる,MIRU / MIRU,ZIEN – BEKIJKEN,,,,,,
34,,CUPBOARD,ARMÁRIO,ARMARIO,ARMADIO,PLACARD,SCHRANK,戸棚,とだな,TODANA,KAST,,,,,,
34,,FOOD,COMIDA,COMIDA,CIBO,FOOD,ESSEN,食べ物,たべもの,TABEMONO,VOEDSEL,,,,,,
34,,DOG FOOD,RACAO DE CACHORRO,COMIDA DE PERRO,CIBO PER CANE,NOURRITURE POUR CHIEN,HUNDEFUTTER,犬の餌,いぬのえさ,INU NO ESA,HONDENVOER,,,,,,
34,,IN THE BOX – OUT OF THE BOX,DENTRO DA CAIXA – FORA DA CAIXA,DENTRO DE LA CAJA – FUERA DE LA CAJA,DENTRO DELLA SCATOLA – FUORI DALLA SCATOLA,DANS LA BOÎTE – HORS DE LA BOÎTE, IN DER BOX – AUS DER BOX,箱の中 / 箱の外,はこのなか / はこのそと,HAKO NO NAKA / HAKO NO SOTO,IN DE DOOS – UIT DE DOOS,,,,,,
34,,TAKE OUT – PUT IN,RETIRAR – COLOCAR,RETIRAR – COLOCAR,TIRARE – METTERE,RETIRER – METTRE,RAUSNEHMEN – HINEINSTELLEN,取り出す / 入れる,とりだす / いれる,TORIDASU / IRERU,UITNEMEN – INZETTEN,,,,,,
34,,OUT OF THE CUPBOARD,FORA DO ARMÁRIO,AFUERA DEL ARMARIO,FUORI DALL’ARMADIO,HORS DU PLACARD,AUS DEM SCHRANK,戸棚から出す,とだなからだす,TODANA KARA DASU,UIT DE KAST,,,,,,
34,,ENGINE,MOTOR,MOTOR,MOTORE,MOTEUR,MOTOR,エンジン,エンジン,ENJIN,MOTOR,,,,,,
34,,CHECK ENGINE,VERIFICAR MOTOR,REVISAR MOTOR,CONTROLLARE IL MOTORE,VÉRIFIER LE MOTEUR,MOTOR PRÜFEN,エンジンを確認する,エンジンをかくにんする,ENJIN O KAKUNIN SURU,MOTOR CONTROLEREN,,,,,,
34,,TAKE FOOD OUT OF CUPBOARD,RETIRAR COMIDA DO ARMÁRIO,SACAR COMIDA DEL ARMARIO,TIRARE CIBO DALL’ARMADIO,RETIRER LA NOURRITURE DU PLACARD,ESSEN AUS DEM SCHRANK NEHMEN,戸棚から食べ物を出す,とだなからたべものをだす,TODANA KARA TABEMONO O DASU,VOEDSEL UIT KAST HALEN,,,,,,
34,,PUT FOOD IN CUPBOARD,COLOCAR COMIDA NO ARMÁRIO,PONER COMIDA EN EL ARMARIO,METTERE CIBO NELL’ARMADIO,REMETTRE LA NOURRITURE DANS LE PLACARD,ESSEN IN DEN SCHRANK LEGEN,戸棚に食べ物を入れる,とだなにたべものをいれる,TODANA NI TABEMONO O IRERU,VOEDSEL IN KAST LEGGEN,,,,,,
34,,BAG,SACO,BOLSA,BOCCA,POCHETTE,TASCHE,袋,ふくろ,FUKURO,ZAK,,,,,,
34,,BAG OF DOG FOOD,SACO DE RAÇÃO,BOLSA DE COMIDA PARA PERRO,BOCCA DI CIBO PER CANE,POCHETTE DE NOURRITURE POUR CHIEN,TASCHE MIT HUNDEFUTTER,犬の餌の袋,いぬのえさのふくろ,INU NO ESA NO FUKURO,ZAK HONDENVOER,,,,,,
34,,OPEN – CLOSE,ABRIR – FECHAR,ABRIR – CERRAR,APRIRE – CHIUDERE,OUVRIR – FERMER,ÖFFNEN – SCHLIESSEN,開ける / 閉じる,あける / とじる,AKERU / TOJIRU,OPENEN – SLUITEN,,,,,,
34,,PICK UP – PUT DOWN,PEGAR – COLOCAR,COGER – DEJAR,PRENDERE – POSARE,PRENDRE – POSER,AUFHEBEN – ABLEGEN,取る / 置く,とる / おく,TORU / OKU,OPPAKKEN – NEERZETTEN,,,,,,
34,,BOWL,TIGELA,TAZÓN,CIOTOLA,BOL,SCHÜSSEL,ボウル,ボウル,BOURU,SCHAAL,,,,,,
34,,FOOD BOWL,TIGELA DE COMIDA,TIGELA DE COMIDA,CIOTOLA DEL CIBO,BOL DE NOURRITURE,FUTTERSCHÜSSEL,食べ物のボウル,たべもののボウル,TABEMONO NO BOURU,VOEDSEL SCHAAL,,,,,,
34,,DOG’S FOOD BOWL,TIGELA DE COMIDA DO CACHORRO,TIGELA DE COMIDA DEL PERRO,CIOTOLA DEL CIBO DEL CANE,BOL DE NOURRITURE POUR CHIEN,HUNDEFUTTERSCHÜSSEL,犬の餌のボウル,いぬのえさのボウル,INU NO ESA NO BOURU,HONDENVOER SCHAAL,,,,,,
34,,POUR FOOD INTO THE BOWL,DESPEJAR COMIDA NA TIGELA,VERTER COMIDA EN LA SCHALE,VERSARE IL CIBO NELLA CIOTOLA,VERSER LA NOURRITURE DANS LE BOL,ESSEN IN DIE SCHÜSSEL GIEßEN,ボウルに食べ物を入れる,ボウルにたべものをいれる,BOURU NI TABEMONO O IRERU,VOEDSEL IN DE SCHAAL GOOIEN,,,,,,
34,,THE DOG SNIFFS FOOD,O CACHORRO CHEIRA A COMIDA,EL PERRO HUELE LA COMIDA,IL CANE ANNUSA IL CIBO,LE CHIEN RENIFLE LA NOURRITURE,DER HUND SCHNÜFFELT DAS ESSEN,犬が食べ物の匂いを嗅ぐ,いぬがたべもののにおいをかぐ,INU GA TABEMONO NO NIOI O KAGU,HOND RUIKT VOEDSEL,,,,,,
34,,START – FINISH,COMEÇAR – TERMINAR,EMPEZAR – TERMINAR,INIZIARE – FINIRE,COMMENCER – FINIR,BEGINNEN – BEENDEN,始める / 終わる,はじめる / おわる,HAJIMERU / OWARU,BEGIN – EINDIGEN,,,,,,
34,,SMILE,SORRIR,SONREÍR,SORRIDERE,SOURIRE,LÄCHELN,笑う,わらう,WARAU,GLIMLACHEN,,,,,,
34,,SEE DOG – WATCH DOG,VER O CACHORRO – OBSERVAR CACHORRO,VER EL PERRO – OBSERVAR AL PERRO,VEDERE IL CANE – GUARDARE IL CANE,VOIR LE CHIEN – REGARDER LE CHIEN,DEN HUND SEHEN – DEN HUND BEOBACHTEN,犬を見る / 犬を観察する,いぬをみる / いぬをかんさつする,INU O MIRU / INU O KANSATSU SURU,HOND ZIEN – HOND BEKIJKEN,,,,,,
34,,GET A TOWEL,PEGAR UMA TOALHA,AGARRAR UNA TOALLA,PRENDERE UN ASCIUGAMANO,PRENDRE UNE SERVIETTE,EIN HANDTUCH HOLEN,タオルを取る,タオルをとる,TAORU O TORU,EEN HANDDOEK PAKKEN,,,,,,
34,,WATER BOWL,TIGELA DE ÁGUA,TIGELA DE AGUA,CIOTOLA D’ACQUA,BOL D’EAU,WASSERSCHALE,水のボウル,みずのボウル,MIZU NO BOURU,WATER SCHAAL,,,,,,
34,,WITH – WITHOUT,COM – SEM,CON – SIN,CON – SENZA,AVEC – SANS,MIT – OHNE,あり / なし,あり / なし,ARI / NASHI,MET – ZONDER,,,,,,
34,,FILL BOWL WITH WATER,ENCHER A TIGELA COM ÁGUA,RELLENAR LA SCHALE CON AGUA,RIEMPIRE LA CIOTOLA D’ACQUA,REMPLIR LE BOL D’EAU,DIE SCHÜSSEL MIT WASSER FÜLLEN,水をボウルに入れる,みずをボウルにいれる,MIZU O BOURU NI IRERU,VOEDSELSCHAAL MET WATER VULLEN,,,,,,
34,,FLOOR,CHÃO,SUELO,PAVIMENTO,SOL,BODEN,床,ゆか,YUKA,VLOER,,,,,,
34,,IN THE BOX – ON THE BOX,DENTRO DA CAIXA – SOBRE A CAIXA,DENTRO DE LA CAJA – SOBRE LA CAJA,DENTRO DELLA SCATOLA – SULLA SCATOLA,DANS LA BOÎTE – SUR LA BOÎTE,IN DER BOX – AUF DER BOX,箱の中 / 箱の上,はこのなか / はこのうえ,HAKO NO NAKA / HAKO NO UE,IN DE DOOS – OP DE DOOS,,,,,,
34,,PUT WATER BOWL ON THE FLOOR,COLOCAR TIGELA DE ÁGUA NO CHÃO,PONER LA SCHALE DE AGUA EN EL SUELO,METTERE LA CIOTOLA D’ACQUA SUL PAVIMENTO,PLACER LE BOL D’EAU PAR TERRE,BOB SCHÜSSEL AUF DEN BODEN STELLEN,水のボウルを床に置く,みずのボウルをゆかにおく,MIZU NO BOURU O YUKA NI OKU,WATER SCHAAL OP DE VLOER ZETTEN,,,,,,
34,,NEXT – BESIDE,AO LADO – PRÓXIMO,AL LADO – SIGUIENTE,ACCANTO – SUCCESSIVO,À CÔTÉ – SUIVANT,NEBEN – DANEBEN,隣 / 次,となり / つぎ,TONARI / TSUGI,ERGENS – ERNAST,,,,,,
34,,DRINK,BEBER,BEBER,BERE,BOIRE,TRINKEN,飲む,のむ,NOMU,DRINKEN,,,,,,
34,,DRINK WATER,BEBER ÁGUA,BEBER AGUA,BERE ACQUA,BOIRE DE L’EAU,WASSER TRINKEN,水を飲む,みずをのむ,MIZU O NOMU,WATER DRINKEN,,,,,,
34,,BEER,CERVEJA,CERVEZA,BIRRA,BIÈRE,BIER,ビール,ビール,BIIRU,BIER,,,,,,
34,,DRINK BEER,BEBER CERVEJA,BEBER CERVEZA,BERE BIRRA,BOIRE DE LA BIÈRE,BIER TRINKEN,ビールを飲む,ビールをのむ,BIIRU O NOMU,BIER DRINKEN,,,,,,
34,,WIPE ,ENXUGAR,SECAR,ASCIUGARE,ESSUYER,ABWISCHEN,服,ふく,FUKU,AFVEGEN,,,,,,
34,,HAND – HANDS,MÃO – MÃOS,MANO – MANOS,MANO – MANI,MAIN – MAINS,HAND – HÄNDE,手 / 手,て / て,TE / TE,HAND – HANDEN,,,,,,
34,,WIPE HANDS WITH TOWEL,ENXUGAR MÃOS COM TOALHA,SECAR MANOS CON TOALLA,ASCIUGARE LE MANI CON ASCIUGAMANO,ESSUYER LES MAINS AVEC UNE SERVIETTE,HÄNDE MIT HANDTUCH ABWISCHEN,タオルで手を拭く,タオルでてをふく,TAORU DE TE O FUKU,HANDEN MET HANDDOEK AFVEGEN,,,,,,
34,,FULL – EMPTY,CHEIO – VAZIO,LLENO – VACÍO,PIENO – VUOTO,PLEIN – VIDE,VOLL – LEER,一杯 / から,いっぱい / から,IPPAI / KARA,VOL – LEEG,,,,,,
34,,EMPTY FOOD BOWL,ESVAZIAR TIGELA DE COMIDA,VIDIAR EL BOL DE COMIDA,SVUOTARE LA CIOTOLA DEL CIBO,VIDER LE BOL DE NOURRITURE,ESSEN AUS DER SCHÜSSEL LEEREN,食べ物のボウルを空にする,たべもののボウルをからにする,TABEMONO NO BOURU O KARA NI SURU,VOEDSELSCHAAL LEEGMAKEN,,,,,,
34,,"WHEN THE DOG FINISHES, HE PICKS UP THE FOOD BOWL","QUANDO O CACHORRO TERMINA, ELE PEGAR A TIGELA","CUANDO EL PERRO TERMINA, ÉL TOMA EL BOL","CUANDO IL CANE FINISCE, PRENDE LA CIOTOLA","QUAND LE CHIEN FINIT, IL PREND LE BOL","WENN DER HUND FERTIG IST, NIMMT ER DIE SCHÜSSEL",犬が終わると、ボウルを取る,いぬがおわると、ボウルをとる,"INU GA OWARU TO, BOURU O TORU","ALS DE HOND KLAAR IS, PAKT HIJ DE SCHAAL",,,,,,
34,,SINK,PIA,FREGADERO,LAVELLO,ÉVIER,SINK,真紅,しんく,SHINKU,GOOTSTEEN,,,,,,
34,,PUT BOWL IN SINK,COLOCAR TIGELA NA PIA,PONER BOL EN EL FREGADERO, METTERE LA CIOTOLA NEL LAVELLO,PLACER LE BOL DANS L’ÉVIER, SCHÜSSEL IN DEN SINK LEGEN,ボウルを真紅に置く,ボウルをしんくにおく,BOURU O SHINKU NI OKU,SCHAAL IN DE GOOTSTEEN ZETTEN,,,,,,
34,,PET ,AFEITAR,ACARICIAR,ACCUDIRE,CARESSER,STREICHELN,撫でる,なでる,NADERU,AANHALEN,,,,,,
34,,PET DOG,AFEITAR CACHORRO,ACARICIAR AL PERRO,ACCUDIRE IL CANE,CARESSER LE CHIEN,HUND STREICHELN,犬を撫でる,いぬをなでる,INU O NADERU,HOND AAien,,,,,,
34,,SIT DOWN – STAND UP,SENTAR – LEVANTAR,SENTARSE – LEVANTARSE,SEDERSI – ALZARSI,S’ASSEOIR – SE LEVER,SITZEN – AUFSTEHEN,座る / 立つ,すわる / たつ,SUWARU / TATSU,ZITTEN – OPSTAAN,,,,,,
34,,RELAX – STRESS,RELAXAR – ESTRESSE,RELAXAR – ESTRES,RELASSARSI – STRESS,SE DÉTENDRE – STRESS,SICH ENTSPANNEN – STRESS,リラックスする / ストレス,リラックスする / ストレス,RIRAKKUSU SURU / SUTORESU,ONTSPANNEN – STRESS,,,,,,
35,,WALK – RUN,ANDAR – CORRER,CAMINAR – CORRER,CAMMINARE – CORRERE,MARCHER – COURIR,GEHEN – RENNEN,歩く / 走る,あるく / はしる,ARUKU / HASHIRU,LOPEN – RENNEN,,,,,,
35,,KITCHEN,COZINHA,COCINA,CUCINA,CUISINE,KÜCHE,台所,だいどころ,DAIDOKORO,KEUKEN,,,,,,
35,,LIVING ROOM,SALA DE ESTAR,SALÓN,SOGGIORNO,SALON,WOHNZIMMER,リビングルーム,リビングルーム,RIBINGU RŪMU,WONINGKAMER,,,,,,
35,,LOOK IN – LOOK OUT,OLHAR PARA DENTRO – OLHAR PARA FORA,MIRAR ADENTRO – MIRAR AFUERA,GUARDARE DENTRO – GUARDARE FUORI,REGARDER DEDANS – REGARDER DEHORS,SCHAUEN NACH DRINNEN – SCHAUEN NACH DRAUSSEN,中を見る / 外を見る,なかをみる / そとをみる,NAKA O MIRU / SOTO O MIRU,KIJKEN – KIJKEN,,,,,,
35,,FRIDGE,GELADEIRA,REFRIGERADOR,FORNO,FRIGO,KÜHLSCHRANK,冷蔵庫,れいぞうこ,REIZOUKO,KOELKAST,,,,,,
35,,LOOK IN THE FRIDGE,OLHAR NA GELADEIRA,MIRAR EN EL REFRIGERADOR,GUARDARE NEL FRIGO,REGARDER DANS LE FRIGO,IM KÜHLSCHRANK SEHEN,冷蔵庫を見る,れいぞうこをみる,REIZOUKO O MIRU,KIJKEN IN DE KOELKAST,,,,,,
35,,WINDOW,JANELA,VENTANA,FINESTRA,FENÊTRE,FENSTER,窓,まど,MADO,RAMEN,,,,,,
35,,LOOK OUT THE WINDOW,OLHAR PELA JANELA,MIRAR POR LA VENTANA,GUARDARE DALLA FINESTRA,REGARDER PAR LA FENÊTRE,DURCH DAS FENSTER SEHEN,窓から見る,まどからみる,MADO KARA MIRU,KIJkEN UIT HET RAMEN,,,,,,
35,,CUPBOARD,ARMÁRIO,ARMARIO,ARMADIO,PLACARD,SCHRANK,戸棚,とだな,TODANA,KAST,,,,,,
35,,EGGS,OVOS,HUEVOS,UOVA,OEUFS,EIER,卵,たまご,TAMAGO,EIEREN,,,,,,
35,,GET OUT THE EGGS – PUT IN THE EGGS,RETIRAR OS OVOS – COLOCAR OS OVOS,SACAR LOS HUEVOS – PONER LOS HUEVOS,USCIRE LE UOVA – METTERE LE UOVA,SORTIR LES ŒUFS – METTRE LES ŒUFS,EIER HERAUSNEHMEN – EIER HINEINSTELLEN,卵を出す / 卵を入れる,たまごをだす / たまごをいれる,TAMAGO O DASU / TAMAGO O IRERU,EIER UITNEMEN – EIER INZETTEN,,,,,,
35,,BREAD,PÃO,PAN,PANE,PAIN,BROT,パン,パン,PAN,BROOD,,,,,,
35,,BUTTER,MANTEIGA,MANTEQUILLA,BURRO,BEURRE, BUTTER,バター,バター,BATĀ,BOTER,,,,,,
35,,PLATE,PRATO,PLATO,PIATTO,ASSIETTE,TELLER,皿,さら,SARA,PLATE,,,,,,
35,,GET A PLATE,PEGAR UM PRATO,TOMAR UN PLATO,PRENDERE UN PIATTO,PRENDRE UNE ASSIETTE, EIN TELLER HOLEN,皿を取る,さらをとる,SARA O TORU,EEN PLATE PAKKEN,,,,,,
35,,FORK,GARFO,TENEDOR,FORCHETTA,FOURCHETTE,GABEL,服,ふく,FŪKU,VORK,,,,,,
35,,HEAT – FREEZE,AQUECER – CONGELAR,CALENTAR – CONGELAR,RISCALDARE – CONGELARE,CHAUFFER – CONGELER,ERHITZEN – EINFRIEREN,加熱 / 冷凍,かねつ / れいとう,KANETSU / REITŌ,VERWARMEN – INVRIEZEN,,,,,,
35,,PAN,FRIGIDEIRA,SARTÉN,PADELLA,POÊLE,PFANNE,フライパン,フライパン,FURAIPAN,KOEKENPAN,,,,,,
35,,HEAT THE PAN,AQUECER A FRIGIDEIRA,CALENTAR LA SARTÉN,RISCALDARE LA PADELLA,CHAUFFER LA POÊLE, PFANNE ERHITZEN,フライパンを加熱する,フライパンをかねつする,FURAIPAN O KANETSU SURU,FRIGIDEIRA VERWARMEN,,,,,,
35,,STOVE,FOGÃO,ESTUFA,PARADIGMA,CUISINIÈRE,HERD,コンロ,コンロ,KONRO,KOOKPLAAT,,,,,,
35,,ON THE STOVE,NO FOGÃO,EN LA ESTUFA,SUL FUOCO,SUR LE FOGON,AUF DEM HERD,コンロの上,コンロのうえ,KONRO NO UE,OP HET FORNUIS,,,,,,
35,,CRACK,QUEBRAR,ROMPER,SPEZZARE,CASSER,AUFBRUCH,割る,わる,WARU,BREKEN,,,,,,
35,,CRACK AN EGG,QUEBRAR UM OVO,ROMPER UN HUEVO,SPEZZARE UN UOVO,CASSER UN ŒUF, EIN EI AUFBRECHEN,卵を割る,たまごをわる,TAMAGO O WARU,EEN EI BREKEN,,,,,,
35,,CRACK AN EGG INTO A BOWL,QUEBRAR UM OVO NA TIGELA,ROMPER UN HUEVO EN EL BOL,SPEZZARE UN UOVO NELLA CIOTOLA,CASSER UN ŒUF DANS LE BOL, EIN EI IN DIE SCHÜSSEL BRECHEN,卵をボウルに割る,たまごをボウルにわる,TAMAGO O BOURU NI WARU,EEN EI IN DE SCHAAL BREKEN,,,,,,
35,,SMALL – BIG,PEQUENO – GRANDE,PEQUEÑO – GRANDE,PICCOLO – GRANDE, PETIT – GRAND,KLEIN – GROSS,小さい / 大きい,ちいさい / おおきい,CHIISAI / OOKII,KLEIN – GROOT,,,,,,
35,,SMALL BOWL,PEQUENA TIGELA,PEQUEÑA TAZA,CIOTOLA PICCOLA,PETITE CIOTOLA,KLEINE SCHÜSSEL,小さいボウル,ちいさいボウル,CHIISAI BOURU,KLEINE SCHAAL,,,,,,
35,,FIRST – SECOND – THIRD,PRIMEIRO – SEGUNDO – TERCEIRO,PRIMERO – SEGUNDO – TERCERO,PRIMO – SECONDO – TERZO,PREMIER – DEUXIÈME – TROISIÈME,ERSTE – ZWEITE – DRITTE,一番目 / 二番目 / 三番目,いちばんめ / にばんめ / さんばんめ,ICHIBANME / NIBANME / SANBANME,EERSTE – TWEEDE – DERDE,,,,,,
35,,POUR EGGS INTO PAN,DESPEJAR OVOS NA FRIGIDEIRA,VERTER HUEVOS EN LA SARTÉN,VERSARE LE UOVA NELLA PADELLA,VERSER LES ŒUFS DANS LA POÊLE, EIER IN DIE PFANNE GIEßEN,卵をフライパンに入れる,たまごをフライパンにいれる,TAMAGO O FURAIPAN NI IRERU,EIER IN PAN GOOIEN,,,,,,
35,,FRY EGGS,FRITAR OVOS,FREÍR HUEVOS,FRIGGERE LE UOVA,FRIRE LES ŒUFS,EIER BRATEN,卵を焼く,たまごをやく,TAMAGO O YAKU,EIER BAKKEN,,,,,,
35,,CAREFULLY – CARELESSLY,CUIDADOSAMENTE – DESCUIDADAMENTE,CUIDADOSAMENTE – DESCUIDADOSAMENTE,ATTENTAMENTE – INCURANTE,ATTENTIVEMENT – NÉGLIGEMMENT,VORSICHTIG – SORGFLOS,慎重に / 注意深く,しんちょうに / ちゅういぶかく,SHINCHŌ NI / FUCHŪI NI,VOORZICHTIG – SLORDIG,,,,,,
35,,ENGINE,MOTOR,MOTOR,MOTORE,MOTEUR,MOTOR,エンジン,エンジン,ENJIN,MOTOR,,,,,,
35,,CHECK ENGINE,VERIFICAR MOTOR,REVISAR MOTOR,CONTROLLARE IL MOTORE,VÉRIFIER LE MOTEUR,MOTOR PRÜFEN,エンジンを確認する,エンジンをかくにんする,ENJIN O KAKUNIN SURU,MOTOR CONTROLEREN,,,,,,
35,,RAW EGG – COOKED EGG,OVO CRU – OVO COZIDO,HUEVO CRUDO – HUEVO COCIDO,UOVO CRUDO – UOVO COTTO,ŒUF CRU – ŒUF CUIT,ROHES EI – GEKOCHTES EI,生卵 / 茹で卵,なまたまご / ゆでたまご,NAMA TAMAGO / YUDETAMAGO,RAUW EI – GEKOOKT EI,,,,,,
35,,CHECK IF EGG IS COOKED,VERIFICAR SE O OVO ESTÁ COZIDO,VERIFICAR SI EL HUEVO ESTÁ COCIDO,CONTROLLARE SE L’UOVO È COTTO,VÉRIFIER SI L’ŒUF EST CUIT,"PRÜFEN, OB DAS EI GEKOCHT IST",卵が焼けたか確認する,たまごがやけたかかくにんする,TAMAGO GA YAKETA KA KAKUNIN SURU,CONTROLEREN OF HET EI GEKOOKT IS,,,,,,
35,,TOAST,TORRADEIRA,TOSTADORA,TOAST,GRILLE-PAIN,TOASTER,トースト,トースト,TŌSUTO,TOASTER,,,,,,
35,,TOAST BREAD IN TOASTER,TORRAR PÃO NA TORRADEIRA,TOSTAR PAN EN LA TOSTADORA,TORRARE IL PANE NEL TOASTER,TOASTER LE PAIN,DAS BROT IM TOASTER RÖSTEN,トーストでパンを焼く,トーストでパンをやく,TŌSUTO DE PAN O YAKU,PAN IN TOASTER ZETTEN,,,,,,
35,,TAKES BUTTER FROM FRIDGE,PEGAR MANTEIGA NA GELADEIRA,TOMAR MANTEQUILLA DEL REFRIGERADOR,PRENDERE IL BURRO DAL FRIGO,PRENDRE LE BEURRE DU FRIGO, BUTTER AUS DEM KÜHLSCHRANK HOLEN,冷蔵庫からバターを取る,れいぞうこからバターをとる,REIZOUKO KARA BATĀ O TORU,MANTEKA HALEN UIT KOELKAST,,,,,,
35,,SPREAD BUTTER ON TOAST,PASSAR MANTEIGA NO TOAST,UNTAR MANTEQUILLA EN TOAST, SPALMARE IL BURRO SUL TOAST,ÉTALER LE BEURRE SUR LE TOAST, BUTTER AUF TOAST STREICHEN,トーストにバターを塗る,トーストにバターをぬる,TŌSUTO NI BATĀ O NURU,MANTEKA OP TOAST SPREIDEN,,,,,,
35,,PLACE FRIED EGG ON TOAST,COLOCAR O OVO FRITO NO TOAST,PONER EL HUEVO FRITO EN EL TOAST,METTERE L’UOVO FRITTO SUL TOAST,PLACER L’ŒUF FRIT SUR LE TOAST,DAS SPIGELEI AUF DEN TOAST LEGEN,トーストに目玉焼きを置く,トーストにめだまやきをおく,TŌSUTO NI MEDAMAYAKI O OKU,FRIED EI OP TOAST LEgGEN,,,,,,
35,,PICK UP – PUT DOWN,PEGAR – COLOCAR,COGER – DEJAR,PRENDERE – POSARE,PRENDRE – POSER,AUFHEBEN – ABLEGEN,取る / 置く,とる / おく,TORU / OKU,OPPAKKEN – NEERZETTEN,,,,,,
35,,CUP,XÍCARA,TASA,TZICCHERA,TASSE,TAASSE,カップ,カップ,KAPPU,KOP,,,,,,
35,,COFFEE,CAFÉ,CAFÉ,CÀFFÈ,CAFÉ,KAFFEE,コーヒー,コーヒー,KŌHĪ,KOFFIE,,,,,,
35,,POUR COFFEE INTO CUP,DESPEJAR CAFÉ NA XÍCARA,VERTER CAFÉ EN LA TASA,VERSARE IL CAFFÈ NELLA TAZZA,VERSER LE CAFÉ DANS LA TASSE,KAFFEE IN DIE TASSE GIEßEN,カップにコーヒーを注ぐ,カップにコーヒーをそそぐ,KAPPU NI KŌHĪ O SOSOGU,KOFFIE IN KOP GOOIEN,,,,,,
35,,ON TABLE – UNDER TABLE,NA MESA – DEBAIXO DA MESA,EN LA MESA – DEBAJO DE LA MESA,SUL TAVOLO – SOTTO IL TAVOLO,SUR LA TABLE – SOUS LA TABLE,AUF DEM TISCH – UNTER DEM TISCH,テーブルの上 / テーブルの下,テーブルのうえ / テーブルのした,TEEBURU NO UE / TEEBURU NO SHITA,OP TAFEL – ONDER TAFEL,,,,,,
35,,PUT COFFEE ON TABLE,COLOCAR CAFÉ NA MESA,PONER CAFÉ EN LA MESA, METTERE IL CAFFÈ SUL TAVOLO,PLACER LE CAFÉ SUR LA TABLE,KAFFEE AUF DEN TISCH STELLEN,テーブルにコーヒーを置く,てーぶるにこーひーをおく,TEEBURU NI KOOHI O OKU,KOFFIE OP TAFEL ZETTEN,,,,,,
35,,PUT PLATE ON TABLE,COLOCAR PRATO NA MESA,PONER PLATO EN LA MESA,METTERE IL PIATTO SUL TAVOLO,PLACER L’ASSIETTE SUR LA TABLE,TELLER AUF DEN TISCH LEGEN,テーブルに皿を置く,てーぶるにさらをおく,TEEBURU NI SARA O OKU,PLATE OP TAFEL ZETTEN,,,,,,
35,,SIT DOWN – STAND UP,SENTAR – LEVANTAR,SENTARSE – LEVANTARSE,SEDERSI – ALZARSI,S’ASSEOIR – SE LEVER,SITZEN – AUFSTEHEN,座る / 立つ,すわる / たつ,SUWARU / TATSU,ZITTEN – OPSTAAN,,,,,,
35,,SIT TO EAT – SIT TO READ,SENTAR PARA COMER – SENTAR PARA LER,SENTARSE PARA COMER – SENTARSE PARA LEER,SEDERSI PER MANGIARE – SEDERSI PER LEGGERE,S’ASSEOIR POUR MANGER – S’ASSEOIR POUR LIRE,SITZEN ZUM ESSEN – SITZEN ZUM LESEN,食べるために座る / 読むために座る,たべるためにすわる / よむためにすわる,TABERU TAME NI SUWARU / YOMU TAME NI SUWARU,ZITTEN OM TE ETEN – ZITTEN OM TE LEZEN,,,,,,
35,,TAKE A BITE OF TOAST,DAR UMA MORDIDA NO TOAST,DAR UN BOCADO DEL TOAST,PRENDERE UN MORSELLO DAL TOAST,MORDRE DANS LE TOAST,EIN STÜCK VOM TOAST NEHMEN,トーストを一口食べる,とーすとをひとくちたべる,TOOSUTO O HITOKUCHI TABERU,EEN HAP VAN TOAST NEMEN,,,,,,
35,,TAKE A BITE OF THE EGG,DAR UMA MORDIDA NO OVO,DAR UN BOCADO DEL HUEVO,PRENDERE UN MORSELLO DELL’UOVO,MORDRE DANS L’ŒUF,EIN STÜCK VOM EI NEHMEN,卵を一口食べる,たまごをひとくちたべる,TAMAGO O HITOKUCHI TABERU,EEN HAP VAN HET EI NEMEN,,,,,,
35,,DRINK COFFEE,BEBER CAFÉ,BEBER CAFÉ,BERE IL CAFFÈ,BOIRE DU CAFÉ,KAFFEE TRINKEN,コーヒーを飲む,こーひーをのむ,KOOHI O NOMU,KOFFIE DRINKEN,,,,,,
35,,START EATING – FINISH EATING,COMEÇAR A COMER – TERMINAR DE COMER,EMPEZAR A COMER – TERMINAR DE COMER,INIZIARE A MANGIARE – FINIRE DI MANGIARE,COMMENCER À MANGER – FINIR DE MANGER,ANFANGEN ZU ESSEN – FERTIG ESSEN,食べ始める – 食べ終わる ,たべはじめる – たべおわる ,TABEHAJIMERU – TABEOWARU,BEGINNEN MET ETEN – KLAAR MET ETEN,,,,,,
35,,SMILE,SORRIR,SONREÍR,SORRIDERE,SOURIRE,LÄCHELN,笑う,わらう,WARAU,GLIMLACHEN,,,,,,
35,,FEEL SATISFIED – FEEL UNSATISFIED,SENTIR-SE SATISFEITO – SENTIR-SE INSATISFEITO,SENTIRSE SATISFECHO – SENTIRSE INSATISFECHO,SENTIRSI SODDISFATTO – SENTIRSI INSODDISFATTO,SE SENTIR SATISFAIT – SE SENTIR INSATISFAIT,SICH ZUFRIEDEN FÜHLEN – SICH UNZUFRIEDEN FÜHLEN,満足する / 不満に思う,まんぞくする / ふまんにおもう,MANZOKU SURU / FUMAN NI OMOU,TEVREDEN VOELEN – ONTEVREDEN VOELEN,,,,,,
36,,WALK – RUN,ANDAR – CORRER,CAMINAR – CORRER,CAMMINARE – CORRERE,MARCHER – COURIR,GEHEN – RENNEN,歩く / 走る,あるく / はしる,ARUKU / HASHIRU,LOPEN – RENNEN,,,,,,
36,,KITCHEN,COZINHA,COCINA,CUCINA,CUISINE,KÜCHE,台所,だいどころ,DAIDOKORO,KEUKEN,,,,,,
36,,INTO THE KITCHEN,ENTRAR NA COZINHA,ENTRAR EN LA COCINA,ENTRARE IN CUCINA,ENTRER DANS LA CUISINE,IN DIE KÜCHE GEHEN,キッチンに入る,きっちんにはいる,KICCHIN NI HAIRU,IN DE KEUKEN GAAN,,,,,,
36,,LOOK IN FRIDGE – LOOK OUT WINDOW,OLHAR NA GELADEIRA – OLHAR PELA JANELA,MIRAR EN EL REFRIGERADOR – MIRAR POR LA VENTANA,GUARDARE NEL FRIGO – GUARDARE DALLA FINESTRA,REGARDER DANS LE FRIGO – REGARDER PAR LA FENÊTRE,IM KÜHLSCHRANK SEHEN – DURCH DAS FENSTER SEHEN,冷蔵庫を見る / 窓を見る,れいぞうこをみる / まどをみる,REIZOUKO O MIRU / MADO O MIRU,KIJKEN IN DE KOELKAST – KIJKEN UIT HET RAMEN,,,,,,
36,,GRAB – GET,PEGAR – COLOCAR,COGER – TOMAR,PRENDERE – PRENDERE,PRENDRE – PRENDRE,AUFHEBEN – HOLEN,取る / 置く,とる / おく,TORU / OKU,OPPAKKEN – PAKKEN,,,,,,
36,,LETTUCE,ALFACE,LECHUGA,LATTUGA,LAITUE,LETTUCE,レタス,れたす,RETASU,SLASA,,,,,,
36,,TOMATO,TOMATE,TOMATE,POMODORO,TOMATE,TOMATE,トマト,とまと,TOMATO,TOMAAT,,,,,,
36,,CUCUMBERS,PEPINO,PEPINO,CETRIOLI,CONCOMBRES,GURKE,きゅうり,きゅうり,KYUURI,KOMKOMMER,,,,,,
36,,SOAP,SABÃO,JABÓN,SAPONE,SAVON,SEIFE,石鹸,せっけん,SEKKEN,ZEEP,,,,,,
36,,HAND – HANDS,MÃO – MÃOS,MANO – MANOS,MANO – MANI,MAIN – MAINS,HAND – HÄNDE,手 / 手,て / て,TE / TE,HAND – HANDEN,,,,,,
36,,WASH,LAVAR,LAVAR,LAVARE,LAVER, WASCHEN,洗う,あらう,ARAU,WASSEN,,,,,,
36,,WASH HANDS WITH SOAP,LAVAR MÃOS COM SABÃO,LAVAR MANOS CON JABÓN,LAVARE LE MANI CON SAPONE,LAVER LES MAINS AVEC DU SAVON,HÄNDE MIT SEIFE WASCHEN,石鹸で手を洗う,せっけんでてをあらう,SEKKEN DE TE O ARAU,HANDEN WASSEN MET ZEEP,,,,,,
36,,WASH LETTUCE ,LAVAR ALFACE,LAVAR LECHUGA,LAVARE LATTUGA,LAVER LA LAITUE,LETTUCE WASCHEN,レタスを洗う,れたすをあらう,RETASU O ARAU,SLASA WASSEN,,,,,,
36,,OVER – UNDER,POR – SOB,ENCIMA – DEBAJO,SOPRA – SOTTO,AU-DESSUS – EN DESSOUS,ÜBER – UNTER,上 / 下,うえ / した,UE / SHITA,OVER – ONDER,,,,,,
36,,WATER,ÁGUA,AGUA,ACQUA,EAU,WASSER,水,みず,MIZU,WATER,,,,,,
36,,UNDER WATER,DEBAIXO DA ÁGUA,BAJO EL AGUA,SOTTO L’ACQUA,SOUS L’EAU,UNTER WASSER,水の下,みずのした,MIZU NO SHITA,ONDER WATER,,,,,,
36,,PICK UP – PUT DOWN,PEGAR – COLOCAR,COGER – DEJAR,PRENDERE – POSARE,PRNDRE – POSER,AUFHEBEN – ABLEGEN,取る / 置く,とる / おく,TORU / OKU,OPPAKKEN – NEERZETTEN,,,,,,
36,,MORE – LESS,MAIS – MENOS,MÁS – MENOS,PIÙ – MENO,PLUS – MOINS,MEHR – WENIGER,多い / 少ない,おおい / すくない,OOI / SUKUNAI,MEER – MINDER,,,,,,
36,,ONE WOMAN – ANOTHER WOMAN,UMA MULHER – OUTRA MULHER,UNA MUJER – OTRA MUJER,UNA DONNA – UN’ALTRA DONNA,UNE FEMME – UNE AUTRE FEMME,EINE FRAU – EINE ANDERE FRAU,一人の女性 / 別の女性,ひとりのじょせい / べつのじょせい,HITORI NO JOSEI / BETSU NO JOSEI,EEN VROUW – ANDERE VROUW,,,,,,
36,,CUT,CORTAR,CORTAR,TAGLIARE,COUPER, SCHNEIDEN,切る,きる,KIRU,SNIJDEN,,,,,,
36,,CUT TOMATO,CORTAR TOMATE,CORTAR TOMATE,TAGLIARE IL POMODORO,COUPER LA TOMATE,TOMATE SCHNEIDEN,トマトを切る,とまとをきる,TOMATO O KIRU,TOMATE SNijden,,,,,,
36,,BOARD,TÁBUA, TABLA,TAGLIERE,PLANCHA, SCHNEIDEBRETT,まな板,まないた,MANAITA,SNIJPLANK,,,,,,
36,,CUTTING BOARD,TÁBUA DE CORTE,TABLA DE CORTAR,TAGLIERE,PLAN DE COUPE, SCHNEIDEBRETT,まな板,まないた,MANAITA,SNIJPLANK,,,,,,
36,,ON THE BOX – IN THE BOX,SOBRE A CAIXA – DENTRO DA CAIXA,SOBRE LA CAJA – DENTRO DE LA CAJA,SOPRA LA SCATOLA – DENTRO DELLA SCATOLA,SUR LA BOÎTE – DANS LA BOÎTE,AUF DER BOX – IN DER BOX,箱の上 / 箱の中,はこのうえ / はこのなか,HAKO NO UE / HAKO NO NAKA,OP DE DOOS – IN DE DOOS,,,,,,
36,,SLICE,FATIA,REBANADA,FETTA,TRANCHE,SCHEIBE,スライス,すらいす,SURAISU,SLICE,,,,,,
36,,BREAD,PÃO,PAN,PANE,PAIN,BROT,パン,ぱん,PAN,BROOD,,,,,,
36,,SLICE BREAD,FATIAR PÃO,REBANAR PAN, AFFETTARE IL PANE,TRANCHER LE PAIN,BROT SCHNEIDEN,パンを切る,ぱんをきる,PAN O KIRU,PLAK BROOD,,,,,,
36,,SLICE CUCUMBER,FATIAR PEPINO,REBANAR PEPINO,FETTA DI CETRIOLO,TRANCHER LE CONCOMBRE,GURKE SCHNEIDEN,きゅうりを切る,きゅうりをきる,KYUURI O KIRU,PLAK KOMKOMMER,,,,,,
36,,CAREFULLY – CARELESSLY,CUIDADOSAMENTE – DESCUIDADAMENTE,CUIDADOSAMENTE – DESCUIDADAMENTE,ATTENTAMENTE – INCURANTE,ATTENTIVEMENT – NÉGLIGEMMENT,VORSICHTIG – SORGFLOS,慎重に / 注意深く,しんちょうに / ふちゅういに,SHINCHOU NI / FUCHUUI NI,VOORZICHTIG – SLORDIG,,,,,,
36,,VEGETABLES,VEGETAIS,VEGETALES,VERDURE,LEGUMES,GEMÜSE,野菜,やさい,YASAI,GROENTEN,,,,,,
36,,BOWL,TIGELA,TAZÓN,CIOTOLA,BOL,SCHÜSSEL,ボウル,ぼうる,BOURU,SCHAAL,,,,,,
36,,BOWL OF VEGETABLES,TIGELA DE VEGETAIS,TIGELA DE VEGETALES,CIOTOLA DI VERDURE,BOL DE LÉGUMES,SCHÜSSEL MIT GEMÜSE,野菜のボウル,やさいのぼうる,YASAI NO BOURU,SCHAAL GROENTEN,,,,,,
36,,BIG – SMALL,GRANDE – PEQUENO,GRANDE – PEQUEÑO,GRANDE – PICCOLO,GRAND – PETIT,GROSS – KLEIN,大きい / 小さい,おおきい / ちいさい,OOKII / CHIISAI,GROOT – KLEIN,,,,,,
36,,SOME – ALL,ALGUNS – TODOS,ALGUNOS – TODOS,ALCUNI – TUTTI,QUELQUES – TOUS,EINIGE – ALLE,幾つか / 全部,いくつか / ぜんぶ,IKUTSUKA / ZENBU,ENKELE – ALLE,,,,,,
36,,PUT IN – TAKE OUT,COLOCAR – RETIRAR,PONER – SACAR,METTERE – TOGLIERE, METTRE – RETIRER, HINEINSTELLEN – HERAUSNEHMEN,入れる / 出す,いれる / だす,IRERU / DASU,INZETTEN – UITNEMEN,,,,,,
36,,PUT ALL VEGETABLES IN BIG BOWL,COLOCAR TODOS OS VEGETAIS NA TIGELA GRANDE,PONER TODAS LAS VERDURAS EN LA GRAN BOL, METTERE TUTTE LE VERDURE NELLA CIOTOLA GRANDE, METTRE TOUS LES LÉGUMES DANS LA GRANDE BOLLE,ALLE GEMÜSE IN DIE GROSSE SCHÜSSEL LEGEN,全ての野菜を大きなボウルに入れる,すべてのやさいをおおきなぼうるにいれる,SUBETE NO YASAI O OOKINA BOURU NI IRERU,ALLE GROENTEN IN GROTE SCHAAL,,,,,,
36,,BOTTLE,GARRAFA,BOTELLA,BOTTIGLIA,BOUTEILLE,FLASCHE,ボトル,ぼとる,BOTORU,FLES,,,,,,
36,,SALAD,SALADA,ENSALADA,INSALATA,SALADE,SALAT,サラダ,さらだ,SARADA,SALADE,,,,,,
36,,SALAD DRESSING,MOLHO DE SALADA,ADEREZO,CONDIMENTO PER INSALATA,ASSAISONNEMENT POUR SALADE,SALATDRESSING,ドレッシング,どれっしんぐ,DORESSHINGU,SALADE DRESSING,,,,,,
36,,BOTTLE OF SALAD DRESSING,GARRAFA DE MOLHO DE SALADA,BOTELLA DE ADEREZO,BOTTIGLIA DI CONDIMENTO PER INSALATA,BOUTEILLE DE DRESSING,FLASCHE MIT SALATDRESSING,ドレッシングのボトル,どれっしんぐのぼとる,DORESSHINGU NO BOTORU,FLES SALADEDRESSING,,,,,,
36,,POUR DRESSING,DESPEJAR MOLHO,VERTIR ADEREZO,VERSARE IL CONDIMENTO, VERSER LE DRESSING, DRESSING GIEßEN,ドレッシングをかける,どれっしんぐをかける,DORESSHINGU O KAKERU,DRESSING GOOIEN,,,,,,
36,,OVER SALAD,SOBRE A SALADA,SOBRE LA ENSALADA,SULL’INSALATA,SUR LA SALADE,ÜBER DEN SALAT,サラダの上,さらだのうえ,SALADA NO UE,OVER SALADE,,,,,,
36,,MIX – STIR,MEXER – MISTURAR,MEXER – REMOVER,MESCOLARE – MESCOLARE,MÉLANGER – REMUER,RÜHREN – MISCHEN,まぜる / かきまぜる,まぜる / かきまぜる,MAZERU / KAKIMAZERU,MIXEN – ROER,,,,,,
36,,INGREDIENTS ,INGREDIENTES,INGREDIENTES,INGREDIENTI,INGRÉDIENTS,ZUTATEN,材料,ざいりょう,ZAIRYOU,INGREDIËNTEN,,,,,,
36,,SPOON ,COLHER,CUCHARA,CUCCHIAIO,CUILLÈRE,LÖFFEL,スプーン,すぷーん,SUP?N,LEPEL,,,,,,
36,,MIX INGREDIENTS WITH SPOON,MISTURAR INGREDIENTES COM COLHER,MEZCLAR INGREDIENTES CON CUCHARA,MESCOLARE GLI INGREDIENTI CON IL CUCCHIAIO,MÉLANGER LES INGRÉDIENTS AVEC UNE CUILLÈRE,ZUTATEN MIT LÖFFEL MISCHEN,スプーンで材料をまぜる,すぷーんでざいりょうをまぜる,SUP?N DE ZAIRYOU O MAZERU,INGREDIËNTEN MIXEN MET LEPEL,,,,,,
36,,TOSS SALAD,MEXER SALADA,MEZCLAR ENSALADA,MESCOLARE L’INSALATA,MÉLANGER LA SALADE,SALAT WERFEN,サラダをまぜる,さらだをまぜる,SALADA O MAZERU,SALADE OMROEREN,,,,,,
36,,EVEN – ODD,PAR – ÍMPAR,PAR – IMPAR,PARI – DISPAR,PAIRE – IMPAIRE,GERADE – UNGERADE,偶数 / 奇数,ぐうすう / きすう,GUUSUU / KISUU,GELIJK – ONGELIJK,,,,,,
36,,MAKE IT EVEN – MAKE IT UNEVEN,TORNAR PAR – TORNAR ÍMPAR,HACER PAR – HACER IMPAR,RENDERE PARI – RENDERE DISPAR, RENDRE PAIR – RENDRE IMPAIR,GLEICHMÄSSIG – UNGLEICH,偶数にする / 奇数にする,ぐうすうにする / きすうにする,GUUSUU NI SURU / KISUU NI SURU,GELIJKMAKEN – ONGELIJK MAKEN,,,,,,
36,,ENGINE,MOTOR,MOTOR,MOTORE,MOTEUR,MOTOR,エンジン,えんじん,ENJIN,MOTOR,,,,,,
36,,CHECK ,VERIFICAR,REVISAR,CONTROLLARE,VÉRIFIER,PRÜFEN,確認する,かくにんする,KAKUNIN SURU,CONTROLEREN,,,,,,
36,,CHECK IF SALAD IS READY,VERIFICAR SE SALADA ESTÁ PRONTA,VERIFICAR SI LA ENSALADA ESTÁ LISTA,CONTROLLARE SE L’INSALATA È PRONTA,VÉRIFIER SI LA SALADE EST PRÊTE,"PRÜFEN, OB SALAT FERTIG IST",サラダができているか確認する,さらだができているかかくにんする,SALADA GA DEKITE IRU KA KAKUNIN SURU,KIJKEN OF SALADE KLAAR IS,,,,,,
36,,PLATE,PRATO,PLATO,PIATTO,ASSIETTE,TELLER,皿,さら,SARA,PLATE,,,,,,
36,,PICK UP PLATE,PEGAR PRATO,TOMAR PLATO,PRENDERE PIATTO,PRENDRE ASSIETTE,TELLER HOLEN,皿を取る,さらをとる,SARA O TORU,PLATE PAKKEN,,,,,,
36,,SERVE SALAD ON PLATE,SERVIR SALADA NO PRATO,SERVIR ENSALADA EN PLATO,SERVIRE INSALATA SUL PIATTO,SERVIR LA SALADE SUR L’ASSIETTE,SALAT AUF TELLER SERVIEREN,皿にサラダを盛る,さらにさらだをもる,SARA NI SARADA O MORU,SALADE OP PLATE SERVEREN,,,,,,
36,,FORK,GARFO,TENEDOR,FORCHETTA,FOURCHETTE,GABEL,フォーク,ふぉーく,F?KU,VORK,,,,,,
36,,PICK UP FORK,PEGAR GARFO,TOMAR TENEDOR,PRENDERE FORCHETTA,PRENDRE FOURCHETTE,GABEL HOLEN,フォークを取る,ふぉーくをとる,F?KU O TORU,VORK PAKKEN,,,,,,
36,,TAKE A BITE  ,DAR UMA MORDIDA,DAR UN BOCADO,PRENDERE UN MORSELLO,AVOIR UNE BOUCHÉE, EIN BISS NEHMEN,一口食べる,ひとくちたべる,HITOKUCHI TABERU,EEN HAP NEMEN,,,,,,
36,,TAKE A BITE OF THE SALAD,DAR UMA MORDIDA NA SALADA,DAR UN BOCADO DE ENSALADA,PRENDERE UN MORSELLO DELL’INSALATA,MANGER UNE BOUCHÉE DE SALADE,EIN BISS VOM SALAT NEHMEN,サラダを一口食べる,さらだをひとくちたべる,SARADA O HITOKUCHI TABERU,EEN HAP VAN SALADE NEMEN,,,,,,
36,,SMILE,SORRIR,SONREÍR,SORRIDERE,SOURIRE,LÄCHELN,笑う,わらう,WARAU,GLIMLACHEN,,,,,,
36,,SWEET TASTE – BITTER TASTE,SABOR DOCE – SABOR AMARGO,SABOR DULCE – SABOR AMARGO,SAPORE DOLCE – SAPORE AMARO,GOÛT SUCRÉ – GOÛT AMER,SÜSSER GESCHMACK – BITTERER GESCHMACK,甘い味 / 苦い味,あまいあじ / にがいあじ,AMAI AJI / NIGAI AJI,ZOET SMAAK – BITER SMAAK,,,,,,
36,,FOOD ,COMIDA,COMIDA,CIBO,ALIMENT,ESSEN,食べ物,たべもの,TABEMONO,VOEDSEL,,,,,,
36,,FOOD TASTES GOOD – FOOD TASTES BAD,COMIDA SABE BEM – COMIDA SABE MAL,LA COMIDA SABE BIEN – LA COMIDA SABE MAL,IL CIBO SA DI BUONO – IL CIBO SA DI CATTIVO,LA NOURRITURE EST BONNE – LA NOURRITURE EST MAUVAISE,ESSEN SCHMECKT GUT – ESSEN SCHMECKT SCHLECHT,食べ物はおいしい / 食べ物はまずい,たべものはおいしい / たべものはまずい,TABEMONO WA OISHII / TABEMONO WA MAZUI,VOEDSEL SMAAKT GOED – VOEDSEL SMAAKT SLECHT,,,,,,
36,,BITE,MORDIDA,BOCADO,MORSO,BOUCHEE,BISS,一口,ひとくち,HITOKUCHI,HAP,,,,,,
36,,TAKE ONE BITE – TAKE ANOTHER BITE,DAR UMA MORDIDA – DAR OUTRA MORDIDA,DAR UN BOCADO – DAR OTRO BOCADO,PRENDERE UN MORSELLO – PRENDERE UN ALTRO MORSELLO,AVOIR UNE BOUCHÉE – AVOIR UNE AUTRE BOUCHÉE,EINEN BISS NEHMEN – EINEN ANDEREN BISS NEHMEN,一口食べる / もう一口食べる,ひとくちたべる / もうひとくちたべる,HITOKUCHI TABERU / MOU HITOKUCHI TABERU,EEN HAP NEMEN – NOG EEN HAP NEMEN,,,,,,
36,,START – FINISH,COMEÇAR – TERMINAR,EMPEZAR – TERMINAR,INIZIARE – FINIRE,COMMENCER – FINIR,BEGINNEN – BEENDEN,始める / 終わる,はじめる / おわる,HAJIMERU / OWARU,BEGIN – EINDIGEN,,,,,,
36,,START EATING – FINISH EATING,COMEÇAR A COMER – TERMINAR DE COMER,EMPEZAR A COMER – TERMINAR DE COMER,INIZIARE A MANGIARE – FINIRE DI MANGIARE,COMMENCER À MANGER – FINIR DE MANGER,ANFANGEN ZU ESSEN – FERTIG ESSEN,食べ始める / 食べ終わる,たべはじめる / たべおわる,TABEHAJIMERU / TABEOWARU,BEGINNEN MET ETEN – KLAAR MET ETEN,,,,,,
36,,HE CLEANS HIS HANDS,ELE LIMPA AS MÃOS,ÉL SE LAVA LAS MANOS,LUI SI LAVA LE MANI,IL SE LAVE LES MAINS,ER WÄSCHT SEINE HÄNDE,手をきれいにする,てをきれいにする,TE O KIREI NI SURU,HIJ MAAKT ZIJN HANDEN SCHOON,,,,,,
37,,WALK – RUN,ANDAR – CORRER,CAMINAR – CORRER,CAMMINARE – CORRERE,MARCHER – COURIR,GEHEN – RENNEN,歩く / 走る,あるく / はしる,ARUKU / HASHIRU,LOPEN – RENNEN,,,,,,
37,,KITCHEN,COZINHA,COCINA,CUCINA,CUISINE,KÜCHE,台所,だいどころ,DAIDOKORO,KEUKEN,,,,,,
37,,INTO THE KITCHEN,ENTRAR NA COZINHA,ENTRAR EN LA COCINA,ENTRARE IN CUCINA,ENTRER DANS LA CUISINE,IN DIE KÜCHE GEHEN,キッチンに入る,きっちんに はいる,KICCHIN NI HAIRU,IN DE KEUKEN GAAN,,,,,,
37,,LOOK IN THE FRIDGE – LOOK OUT THE WINDOW,OLHAR NA GELADEIRA – OLHAR PELA JANELA,MIRAR EN EL REFRIGERADOR – MIRAR POR LA VENTANA,GUARDARE NEL FRIGO – GUARDARE DALLA FINESTRA,REGARDER DANS LE FRIGO – REGARDER PAR LA FENÊTRE,IM KÜHLSCHRANK SEHEN – DURCH DAS FENSTER SEHEN,冷蔵庫を見る / 窓を見る,れいぞうこをみる / まどをみる,REIZOUKO O MIRU / MADO O MIRU,KIJKEN IN DE KOELKAST – KIJKEN UIT HET RAMEN,,,,,,
37,,CUPBOARD,ARMÁRIO,ARMARIO,ARMADIO,PLACARD,SCHRANK,戸棚,とだな,TODANA,KAST,,,,,,
37,,PUT IN – GET OUT,COLOCAR – RETIRAR,PONER – SACAR,METTERE – TOGLIERE, METTRE – RETIRER, HINEINSTELLEN – HERAUSNEHMEN,入れる / 出す,いれる / だす,IRERU / DASU,INZETTEN – UITNEMEN,,,,,,
37,,CHEESE,QUEIJO,QUESO,FORMAGGIO,FROMAGE,KÄSE,チーズ,ちーず,CH?ZU,KAAS,,,,,,
37,,HAM,FIAMBRE,JAMÓN,PROSCIUTTO,JAMBON,SCHINKEN,ハム,はむ,HAMU,HAM,,,,,,
37,,GET OUT BREAD – PUT IN CHEESE,RETIRAR PÃO – COLOCAR QUEIJO,SACAR PAN – PONER QUESO,USCIRE IL PANE – METTERE IL FORMAGGIO,SORTIR LE PAIN – METTRE LE FROMAGE,EIN BROT HERAUSNEHMEN – KÄSE HINZUFÜGEN,パンを出す / チーズを置く,ぱんをだす / ちーずをおく,PAN O DASU / CH?ZU O OKU,HAAL BROOD – LEGG KAAS,,,,,,
37,,SLICE,FATIA,REBANADA,FETTA,TRANCHE,SCHEIBE,スライス,すらいす,SURAISU,SLICE,,,,,,
37,,ONE SLICE – TWO SLICES,UMA FATIA – DUAS FATIAS,UNA REBANADA – DOS REBANADAS,UNA FETTA – DUE FETTE,UNE TRANCHE – DEUX TRANCHES,EINE SCHEIBE – ZWEI SCHEIBEN,一枚 / 二枚,いちまい / にまい,ICHIMAI / NIMAI,EÉN SCHIJF – TWEE SCHIJVEN,,,,,,
37,,WASH HANDS,LAVAR MÃOS,LAVARSE LAS MANOS,LAVARE LE MANI,LAVER LES MAINS,HÄNDE WASCHEN,手を洗う,てをあらう,TE O ARAU,HANDEN WASSEN,,,,,,
37,,BREAD,PÃO,PAN,PANE,PAIN,BROT,パン,ぱん,PAN,BROOD,,,,,,
37,,COUNTER,BALCÃO,MOSTRADOR,COUNTER,COMPTOIR,THEKE,カウンター,かうんたー,KAUNTAA,TOONBANK,,,,,,
37,,PUT ON – TAKE OFF,COLOCAR – RETIRAR,PONER – QUITAR,METTERE – TOGLIERE, METTRE – ENLEVER, AUF – AB,置く / 取る,おく / とる,OKU / TORU,LEGEN – HALEN,,,,,,
37,,PUT BREAD ON COUNTER,COLOCAR PÃO NO BALCÃO,PONER PAN EN EL MOSTRADOR,METTERE IL PANE SUL BANCO,PLACER LE PAIN SUR LE COMPTOIR,BROT AUF DEN THEKEN LEGEN,カウンターにパンを置く,かうんたーにぱんをおく,KAUNTAA NI PAN O OKU,LEGG BROOD OP TOONBANK,,,,,,
37,,PUT TWO SLICES OF BREAD (THEM) ON COUNTER,COLOCAR DUAS FATIAS DE PÃO NO BALCÃO,PONER DOS PANES EN EL MOSTRADOR,METTERE DUE FETTE DI PANE SUL BANCO,PLACER DEUX TRANCHES DE PAIN SUR LE COMPTOIR,ZWEI SCHEIBEN BROT AUF DIE THEKE LEGEN,カウンターにパン二枚を置く,かうんたーにぱんにまいをおく,KAUNTAA NI PAN NIMAI O OKU,TWEE SCHIJVEN BROOD OP TOONBANK LEgGEN,,,,,,
37,,PICK UP – PUT DOWN,PEGAR – COLOCAR,COGER – DEJAR,PRENDERE – POSARE,PRENDRE – POSER,AUFHEBEN – ABLEGEN,取る / 置く,とる / おく,TORU / OKU,OPPAKKEN – NEERZETTEN,,,,,,
37,,SLICE OF CHEESE,FATIA DE QUEIJO,REBANADA DE QUESO,FETTA DI FORMAGGIO,TRANCHE DE FROMAGE,SCHEIBE KÄSE,チーズのスライス ,ちーずのすらいす ,CHIIZU NO SURAISU,SCHIJF KAAS,,,,,,
37,,PICK UP SLICE OF CHEESE,PEGAR FATIA DE QUEIJO,REBANAR QUESO,PRENDERE FETTA DI FORMAGGIO,PRENDRE UNE TRANCHE DE FROMAGE,KÄSESCHEIBE HOLEN,チーズのスライスを取る,ちーずのすらいすをとる,CHIIZU NO SURAISU O TORU,FATIA KAAS PAKKEN,,,,,,
37,,SLICE OF BREAD,FATIA DE PÃO,REBANADA DE PAN,FETTA DI PANE,TRANCHE DE PAIN,SCHEIBE BROT,パンのスライス,ぱんのすらいす,PAN NO SURAISU,PLAK BROOD,,,,,,
37,,ON THE BOX – IN THE BOX,SOBRE A CAIXA – DENTRO DA CAIXA,SOBRE LA CAJA – DENTRO DE LA CAJA,SOPRA LA SCATOLA – DENTRO DELLA SCATOLA,SUR LA BOÎTE – DANS LA BOÎTE,AUF DER BOX – IN DER BOX,箱の上 / 箱の中,はこのうえ / はこのなか,HAKO NO UE / HAKO NO NAKA,OP DE DOOS – IN DE DOOS,,,,,,
37,,PLACE CHEESE ON ONE SLICE OF BREAD,COLOCAR QUEIJO SOBRE UMA FATIA DE PÃO,COLOCAR QUESO SOBRE UNA REBANADA DE PAN,METTERE IL FORMAGGIO SU UNA FETTA DI PANE,PLACER LE FROMAGE SUR UNE TRANCHE DE PAIN,KÄSE AUF EINE BROTSCHEIBE LEGEN,パンのスライスにチーズを置く,ぱんのすらいすにちーずをおく,PAN NO SURAISU NI CHIIZU O OKU,LEG KAAS OP ÉÉN SCHIJF BROOD,,,,,,
37,,PLACE HAM ON ANOTHER SLICE OF BREAD,COLOCAR FIAMBRE SOBRE OUTRA FATIA,COLOCAR JAMÓN SOBRE OTRA REBANADA,METTERE IL PROSCIUTTO SU UN’ALTRA FETTA,PLACER LE JAMBON SUR UNE AUTRE TRANCHE, SCHINKEN AUF EINE ANDERE SCHEIBE LEGEN,パンのスライスにハムを置く,ぱんのすらいすにはむをおく,PAN NO SURAISU NI HAMU O OKU,LEG HAM OP ANDERE SCHIJF,,,,,,
37,,PICK UP SLICE OF HAM,PEGAR FATIA DE FIAMBRE,REBANAR JAMÓN,PRENDERE FETTA DI PROSCIUTTO,PRENDRE UNE TRANCHE DE JAMBON,SCHEIBE SCHINKEN HOLEN,ハムのスライスを取る,はむのすらいすをとる,HAMU NO SURAISU O TORU,FATIA HAM PAKKEN,,,,,,
37,,TOP – BOTTOM,TOPO – FUNDO,SUPERIOR – INFERIOR,SOPRA – SOTTO,HAUT – BAS,OBEN – UNTEN,上 / 下,うえ / した,UE / SHITA,BOBOVO – ONDER,,,,,,
37,,TOP OF CHEESE – BOTTOM OF CHEESE,TOPO DO QUEIJO – FUNDO DO QUEIJO,SUPERIOR DEL QUESO – INFERIOR DEL QUESO,SOPRA IL FORMAGGIO – SOTTO IL FORMAGGIO,HAUT DU FROMAGE – BAS DU FROMAGE,OBERSEITE DES KÄSES – UNTERSEITE DES KÄSES,チーズの上 / チーズの下,ちーずのうえ / ちーずのした,CHIIZU NO UE / CH?ZU NO SHITA,BOBOVO KAAS – ONDER KAAS,,,,,,
37,,PUT HAM ON TOP OF CHEESE,COLOCAR FIAMBRE SOBRE TOPO DO QUEIJO,PONER JAMÓN SOBRE EL QUESO,METTERE IL PROSCIUTTO SUL FORMAGGIO,PLACER LE JAMBON SUR LE FROMAGE, SCHINKEN AUF KÄSE LEGEN,チーズの上にハムを置く,ちーずのうえにはむをおく,CHIIZU NO UE NI HAMU O OKU,LEG HAM OP TOP KAAS,,,,,,
37,,FIRST – SECOND,PRIMEIRO – SEGUNDO,PRIMERO – SEGUNDO,PRIMO – SECONDO,PREMIER – SECOND,ERSTE – ZWEITE,一番目 / 二番目,いちばんめ / にばんめ,ICHIBANME / NIBANME,EERSTE – TWEEDE,,,,,,
37,,TAKE FIRST SLICE – TAKE SECOND SLICE,PEGAR PRIMEIRA FATIA – PEGAR SEGUNDA FATIA,TOMAR PRIMERA REBANADA – TOMAR SEGUNDA REBANADA,PRENDERE PRIMA FETTA – PRENDERE SECONDA FETTA,PRENDRE LA PREMIÈRE TRANCH – PRENDRE LA DEUXIÈME,ERSTE SCHEIBE HOLEN – ZWEITE SCHEIBE HOLEN,一枚目を取る / 二枚目を取る,いちまいめをとる / にまいめをとる,ICHIMAI ME O TORU / NIMAI ME O TORU,EERSTE SCHIJF – TWEEDE SCHIJF,,,,,,
37,,KNIFE,FACA,CUCHILLO,COLTELLO,COUTEAU,MESSER,ナイフ,ないふ,NAIFU,MES,,,,,,
37,,PICK UP KNIFE,PEGAR FACA,COGER CUCHILLO,PRENDERE COLTELLO,PRENDRE COUTEAU,MESSER HOLEN,ナイフを取る,ないふをとる,NAIFU O TORU,FACA PAKKEN,,,,,,
37,,CUT,CORTAR,CORTAR,TAGLIARE,COUPER, SCHNEIDEN,切る,きる,KIRU,SNIJDEN,,,,,,
37,,SANDWICH,SANDUÍCHE,SÁNDWICH,SANDWICH,SANDWICH,SANDWICH,サンドイッチ,さんどいっち,SANDOICCHI,SANDWICH,,,,,,
37,,CUT SANDWICH,CORTAR SANDUÍCHE,CORTAR SÁNDWICH,TAGLIARE SANDWICH,COUPER LE SANDWICH,SANDWICH SCHNEIDEN,サンドイッチを切る,さんどいっちをきる,SANDOICCHI O KIRU,SANDWICH SNijden,,,,,,
37,,HALF – WHOLE,METADE – INTEIRO,MITAD – ENTERO,METÀ – INTERO,MOITIÉ – ENTIER,HALB – GANZ,半分 / 全部,はんぶん / ぜんぶ,HANBUN / ZENBU,HALF – HELE,,,,,,
37,,QUARTERS,QUARTOS,CUARTOS,QUARTI,QUARTS,VIERTEL,四分の一,しぶんのいち,SHIBUN NO ICHI,KWARTEN,,,,,,
37,,IN HALF – INTO QUARTERS,EM METADE – EM QUARTOS,EN MITAD – EN CUARTOS,IN META’ – IN QUARTI,EN MOITIÉ – EN QUARTS,IN HÄLFTE – IN VIERTELN,半分に / 四分の一に,はんぶんに / しぶんのいちに,HANBUN NI / SHIBUN NO ICHI NI,IN HALF – IN KWARTEN,,,,,,
37,,PAPER,PAPEL,PAPEL,CARTA,CARTON,PAPIER,紙,かみ,KAMI,PAPIER,,,,,,
37,,PIECE,PEDAÇO,PIEZA,PEZZO,PIÈCE,STÜCK,一枚,いっぺん,IPPEN,STUK,,,,,,
37,,PIECE OF PAPER,PEDAÇO DE PAPEL,PIEZA DE PAPEL,PEZZO DI CARTA,PIÈCE DE PAPIER,STÜCK PAPIER,紙の一枚,かみのいっぺん,KAMI NO IPPEN,STUK PAPIER,,,,,,
37,,WRAPPING PAPER,PAPEL DE EMBALAGEM,PAPEL DE ENVOLTORIO,CARTA DA IMBALLAGGIO,PAPIER D’EMBALLAGE,VERPACKUNGSPAPIER,ラッピングペーパー,らっぴんぐぺーぱー,RAPPINGU P?P?,INPAKPAPIER,,,,,,
37,,WITH – WITHOUT,COM – SEM,CON – SIN,CON – SENZA,AVEC – SANS,MIT – OHNE,～付き / ～なし,つき / なし,~TSUKI / ~NASHI,MET – ZONDER,,,,,,
37,,WRAP SANDWICH WITH PAPER,ENVELOPAR SANDUÍCHE COM PAPEL,ENVOLVER SANDWICH CON PAPEL,AVVOLGERE IL SANDWICH CON CARTA,EMBALLER LE SANDWICH AVEC DU PAPIER,SANDWICH MIT PAPIER EINPACKEN,紙でサンドイッチを包む,かみでさんどいっちをつつむ,KAMI DE SANDOICCHI O TSUTSUMU,SANDWICH INPAPERIEN,,,,,,
37,,CAREFULLY – CARELESSLY,CUIDADOSAMENTE – DESCUIDADAMENTE,CUIDADOSAMENTE – DESCUIDADAMENTE,ATTENTAMENTE – INCURANTE,ATTENTIVEMENT – NÉGLIGEMMENT,VORSICHTIG – SORGFLOS,慎重に / 注意深く,しんちょうに / ちゅういぶかく,SHINCHOU NI / FUCHUUI NI,VOORZICHTIG – SLORDIG,,,,,,
37,,BAG,BOLSA,BOLSA,BOCCA,BAG,SCHULTASCHE,バッグ,ばっぐ,BAG,TAS,,,,,,
37,,PUT SANDWICH IN BAG,COLOCAR SANDUÍCHE NA BOLSA,PONER SANDWICH EN BOLSA, METTERE SANDWICH NELLA BORSA,PLACER LE SANDWICH DANS LE SAC,SANDWICH IN TASCHE LEGEN,サンドイッチをバッグに入れる,さんどいっちをばっぐにいれる,SANDOICCHI O BAGGU NI IRERU,SANDWICH IN TAS LEgGEN,,,,,,
37,,APPLE,MAÇÃ,MANZANA,MELA,POMME,APFEL,りんご,りんご,RINGO,APPEL,,,,,,
37,,PICK UP APPLE,PEGAR MAÇÃ,COGER MANZANA,PRENDERE MELA,PRENDRE POMME,APFEL HOLEN,りんごを取る,りんごをとる,RINGO O TORU,APPEL PAKKEN,,,,,,
37,,WATER,ÁGUA,AGUA,ACQUA,EAU,WASSER,水,みず,MIZU,WATER,,,,,,
37,,HE NEEDS WATER ,ELE PRECISA DE ÁGUA,ÉL NECESITA AGUA,LUI HA BISOGNO DI ACQUA,IL A BESOIN D’EAU,ER BRAUCHT WASSER,水が必要,みずがひつよう,MIZU GA HITSUYOU,HIJ HEEFT WATER NODIG,,,,,,
37,,ENGINE,MOTOR,MOTOR,MOTORE,MOTEUR,MOTOR,エンジン,えんじん,ENJIN,MOTOR,,,,,,
37,,CHECK ENGINE,VERIFICAR MOTOR,REVISAR MOTOR,CONTROLLARE IL MOTORE,VÉRIFIER LE MOTEUR,MOTOR PRÜFEN,エンジンを確認する,えんじんをかくにんする,ENJIN O KAKUNIN SURU,MOTOR CONTROLEREN,,,,,,
37,,HE CHECKS IF HE HAS EVERYTHING HE NEEDS,ELE VERIFICA SE TEM TUDO O QUE PRECISA,ÉL VERIFICA SI TIENE TODO LO QUE NECESITA,LUI CONTROLLA SE HA TUTTO CIÒ CHE SERVE,IL VÉRIFIE S’IL A TOUT CE DONT IL A BESOIN,"ER ÜBERPRÜFT, OB ER ALLES HAT, WAS ER BRAUCHT",必要なものが揃っているか確認する,ひつようなものがそろっているかかくにんする,HITSUYOU NA MONO GA SOROTTE IRU KA KAKUNIN SURU,HIJ CONTROLEREN OF HIJ ALLES HEEFT,,,,,,
37,,BOTTLE,GARRAFA,BOTELLA,BOTTIGLIA,BOUTEILLE,FLASCHE,ボトル,ぼとる,BOTORU,FLES,,,,,,
37,,WATER BOTTLE,GARRAFA DE ÁGUA,BOTELLA DE AGUA,BOTTIGLIA D’ACQUA,BOUTEILLE D’EAU,WASSERFLASCHE,水のボトル,みずのぼとる,MIZU NO BOTORU,WATERFLES,,,,,,
37,,ARRIVE – LEAVE,CHEGAR – SAIR,LLEGAR – SALIR,ARRIVARE – ANDARE,ARRIVER – PARTIR,ANKOMMEN – GEHEN,到着 / 出発,とうちゃく / しゅっぱつ,TOUCHAKU / SHUPPATSU,AANKOMEN – VERTREK,,,,,,
37,,LEAVE KITCHEN,SAIR DA COZINHA,SALIR DE LA COCINA,USCIRE DALLA CUCINA,QUITTER LA CUISINE, KÜCHE VERLASSEN,キッチンを出る,きっちんをでる,KICCHIN O DERU,KEUKEN VERLATEN,,,,,,
37,,DOOR,PORTA,PUERTA,PORTA,PORTE,TÜR,ドア,どあ,DOA,DEUR,,,,,,
37,,TO – FROM,PARA – DE,PARA – DE,PER – DA,PUR – DE,ZU – VON,～へ / ～から,へ / から,~E / ~KARA,NAAR – VAN,,,,,,
37,,TOWARD DOOR – AWAY FROM DOOR,EM DIREÇÃO À PORTA – LONGE DA PORTA,HACIA LA PUERTA – LEJOS DE LA PUERTA,VERSO LA PORTA – LONTANO DALLA PORTA,VERS LA PORTE – LOIN DE LA PORTE,ZUR TÜR – VON DER TÜR ENTFERNT,ドアに向かって / ドアから離れて,どあにむかって / どあからはなれて,DOA NI MUKATTE / DOA KARA HANARETE,NAAR DE DEUR – WEG VAN DE DEUR,,,,,,
37,,SMILE,SORRIR,SONREÍR,SORRIDERE,SOURIRE,LÄCHELN,笑う,わらう,WARAU,GLIMLACHEN,,,,,,
38,,WALK – RUN,ANDAR – CORRER,CAMINAR – CORRER,CAMMINARE – CORRERE,MARCHER – COURIR,GEHEN – RENNEN,歩く / 走る,あるく / はしる,ARUKU / HASHIRU,LOPEN – RENNEN,,,,,,
38,,OPEN – CLOSE,ABRIR – FECHAR,ABRIR – CERRAR,APRIRE – CHIUDERE,OUVRIR – FERMER,ÖFFNEN – SCHLIESSEN,開ける / 閉じる,あける / とじる,AKERU / TOJIRU,OPENEN – SLUITEN,,,,,,
38,,CLOSET,ARMÁRIO,ARMARIO,ARMADIO,PLACARD,SCHRANK,クローゼット,くろぜっと,KUROZETTO,KAST,,,,,,
38,,DOOR,PORTA,PUERTA,PORTA,PORTE,TÜR,ドア,どあ,DOA,DEUR,,,,,,
38,,SLOW – FAST,DEVAGAR – RÁPIDO,LENTO – RÁPIDO,LENTO – VELOCE,LENT – RAPIDE,SCHLEICHEND – SCHNELL,遅い / 早い,おそい / はやい,OSOI / HAYAI,TRAAG – SNEL,,,,,,
38,,QUICK,RÁPIDO,RÁPIDO,VELOCE,RAPIDE,SCHNELL,早い,はやい,HAYAI,SNEL,,,,,,
38,,SLOWLY – QUICKLY,DEVAGARMENTE – RAPIDAMENTE,LENTAMENTE – RÁPIDAMENTE,LENTAMENTE – VELOCEMENTE,LENTEMENT – RAPIDEMENT,SCHLEICHEND – SCHNELL,ゆっくり – 速く,ゆっくり – はやく,YUKKURI – SNEL,,,,,,,
38,,TO THE CLOSET,PARA O ARMÁRIO,HACIA EL ARMARIO,VERSO L’ARMADIO,VERS LE PLACARD,ZUM SCHRANK,クローゼットへ,くろぜっとへ,KUROZETTO E,NAAR DE KAST,,,,,,
38,,PUT IN – TAKE OUT,COLOCAR – RETIRAR,PONER – SACAR,METTERE – TOGLIERE, METTRE – ENLEVER, HINEINSTELLEN – HERAUSNEHMEN,入れる / 出す,いれる / だす,IRERU / DASU,INZETTEN – UITNEMEN,,,,,,
38,,CLOTHES ,ROUPAS,ROPA,ABITI,VÊTEMENTS,KLEIDER,服,ふく,FUKU,KLEDING,,,,,,
38,,TO – FROM,PARA – DE,PARA – DE,PER – DA,À – DE,ZU – VON,～へ / ～から,へ / から,~E / ~KARA,NAAR – VAN,,,,,,
38,,SHIRT,CAMISA,CAMISA,CAMICIA,CHEMISE,HEMD,シャツ,しゃつ,SHATSU,SHIRT,,,,,,
38,,PUT ON – TAKE OFF,COLOCAR – RETIRAR,PONER – QUITAR,INDOSSARE – TOGLIERE, METTRE – ENLEVER,ANZIEHEN – AUSZIEHEN,着る / 脱ぐ,きる / ぬぐ,KIRU / NUGU,AANZETTEN – UITTREKKEN,,,,,,
38,,BED,CAMA,CAMA,LETTO,LIT,BETT,ベッド,べっど,BEDDO,BED,,,,,,
38,,PICK UP – PUT DOWN,PEGAR – COLOCAR,COGER – DEJAR,PRENDERE – POSARE, PRENDRE – POSER,AUFHEBEN – ABLEGEN,取る / 置く,とる / おく,TORU / OKU,OPPAKKEN – NEERZETTEN,,,,,,
38,,PANTS,CALÇAS,PANTALONES,PANTALONI,PANTALON,HOSE,ズボン,ずぼん,ZUBON,BROEK,,,,,,
38,,FLOOR,CHÃO,SUELO,PAVIMENTO,SOL,BODEN,床,ゆか,YUKA,VLOER,,,,,,
38,,HANG   ,PENDURAR,COLGAR,APPENDERE,ACCROCHER,AUFHÄNGEN,掛ける,かける,KAKERU,OPHANGEN,,,,,,
38,,ROD,VARÃO,BARRA,ASTA,TIGE,STANGE,棒,ぼう,BOU,STANG,,,,,,
38,,CLOSET ROD,VARÃO DO ARMÁRIO,BARRA DEL ARMARIO,ASTA DELL’ARMADIO,TIGE DU PLACARD,LEISTENSTANGE,クローゼットの棒,くろぜっとのぼう,KUROZETTO NO BOU,KASTSTANG,,,,,,
38,,ARRANGE ,ARRUMAR,ORDENAR,ORDINARE,RANGER,ORDNEN,整える,ととのえる,TOTONOERU,ORDENEN,,,,,,
38,,SHOE,SAPATO,ZAPATO,SCARPA,CHAUSSURE,SCHUH,靴,くつ,KUTSU,SCHOEN,,,,,,
38,,ARRANGE SHOES,ARRUMAR SAPATOS,ORDENAR ZAPATOS,SISTEMARE SCARPE,ARRANGER LES CHAUSSURES,SCHUHE ORDNEN,靴を整える,くつをととのえる,KUTSU O TOTONOERU,SCHUIZEN ORDENEN,,,,,,
38,,SHELF,PRATELEIRA,ESTANTE,SCAFFALE,ÉTAGÈRE,REGAL,棚,たな,TANA,PLANK,,,,,,
38,,TOP – BOTTOM,TOPO – FUNDO,SUPERIOR – INFERIOR,SUPERIORE – INFERIORE,HAUT – BAS,OBEN – UNTEN,上 / 下,うえ / した,UE / SHITA,BOBOVO – ONDER,,,,,,
38,,TOP SHELF,PRATELEIRA DE CIMA,ESTANTE SUPERIOR,SCAFFALE SUPERIORE,ÉTAGÈRE SUPÉRIEURE,OBERE REGAL,上の棚,うえのたな,UE NO TANA,BOVENSTE PLANK,,,,,,
38,,BOTTOM SHELF,PRATELEIRA DE BAIXO,ESTANTE INFERIOR,SCAFFALE INFERIORE,ÉTAGÈRE INFÉRIEURE,UNTERE REGAL,下の棚,したのたな,SHITA NO TANA,ONDERSTE PLANK,,,,,,
38,,SNEAKERS – BOOTS,TÊNIS – BOTAS,ZAPATILLAS – BOTAS,SNEAKERS – STIVALI,BASKETS – BOTTES,SNEAKERS – STIEFEL,スポーツ / バーツ,すぽーつ / ばーつ,SUN?K? / B?TSU,SNEAKERS – LAARS,,,,,,
38,,HAT,CHAPÉU,SOMBRERO,CAPPELLO,CHAPEAU,HUT,帽子,ぼうし,BOUSHI,HOED,,,,,,
38,,PLACE HAT ON TOP SHELF,COLOCAR CHAPÉU NA PRATELEIRA DE CIMA,COLOCAR SOMBRERO EN ESTANTE SUPERIOR,METTERE IL CAPPELLO SULLA SCAFFALE SUPERIORE,PLACER LE CHAPEAU SUR L’ÉTAGÈRE SUPÉRIEURE,HUT AUF OBERE REGAL LEGEN,上の棚に帽子を置く,うえのたなにぼうしをおく,UE NO TANA NI BOUSHI O OKU,LEG HOED OP BOVENSTE PLANK,,,,,,
38,,BASEBALL,BEISEBOL,BEISBOL,BASEBALL,BASEBALL,BASEBALL,野球,やきゅう,YAKYUU,BASEBALL,,,,,,
38,,CAP,BONÉ,GORRA,CAPPELLO,CASEQUETTE,KAPPE,キャップ,きゃっぷ,KYAPPU,CAP,,,,,,
38,,BASEBALL CAP ,BONÉ DE BASEBALL,GORRA DE BEISBOL,CAPPELLO DA BASEBALL,CASQUETTE DE BASEBALL,BASEBALLKAPPE,野球のキャップ,やきゅうのきゃっぷ,YAKYUU NO KYAPPU,BASEBALL CAP,,,,,,
38,,NEXT TO – BESIDE ,AO LADO – PRÓXIMO A,AL LADO DE – JUNTO A,ACCANTO A – VICINO A,À CÔTÉ DE – PROCHE DE,NEBEN – DANEBEN,横 / 隣,よこ / となり,YOKO / TONARI,NEER – NABIJ,,,,,,
38,,SUN HAT,CHAPÉU DE SOL,SOMBRERO DE SOL,CAPPELLO DA SOLE,CHAPEAU DE SOLEIL,SONNENHUT,日除け帽子,ひよけぼうし,HIYOKE BOUSHI,ZONNEHOED,,,,,,
38,,JACKET ,JAQUETA,CHAQUETA,GIACCA,VESTE,JACKE,ジャケット,じゃけっと,JAKETTO,JAS,,,,,,
38,,CHAIR,CADEIRA,SILLA,SEDIA,CHAISE,STUHL,椅子,いす,ISU,STOEL,,,,,,
38,,ROW – COLUMN,LINHA – COLUNA,FILA – COLUMNA,RIGA – COLONNA,LIGNE – COLONNE,REIHE – SPALTE,行 / 列,ぎょう / れつ,GYOU / RETSU,RIJ – KOLOM,,,,,,
38,,HOOK,GANCHO,GANCHO,UNCINO,CROCHET,HÄKEN,服,ふく,FUKKU,HAAK,,,,,,
38,,CLOSET HOOKS,GANCHOS DO ARMÁRIO,GANCHOS DEL ARMARIO,UNCINI DELL’ARMADIO,CROCHETS DU PLACARD,ARMADIO HAKEN,クローゼットの服,くろぜっとのふく,KUROZETTO NO FUKKU,KASTHAAK,,,,,,
38,,ON THE BOX – IN THE BOX,SOBRE A CAIXA – DENTRO DA CAIXA,SOBRE LA CAJA – DENTRO DE LA CAJA,SOPRA LA SCATOLA – DENTRO DELLA SCATOLA,SUR LA BOÎTE – DANS LA BOÎTE,AUF DER BOX – IN DER BOX,箱の上 / 箱の中,はこのうえ / はこのなか,HAKO NO UE / HAKO NO NAKA,OP DE DOOS – IN DE DOOS,,,,,,
38,,SCARF – SCARVES,LENÇO – LENÇOS,BUFANDA – BUFANDAS,SCIARPA – SCIARPE,ÉCHARPE – ÉCHARPES,SCARF – SCHALS,スカーフ,すかーふ,SUK?FU,SJAAL – SJAALS,,,,,,
38,,DRAWER,GAVETA,CAJÓN,CASSETTO,TIROIR,SCHUBLADE,引き出し,ひきだし,HIKIDASHI,LADE,,,,,,
38,,MIDDLE ,MEIO,MEDIO,MEDIO,MILIEU,MITTE,中,なか,NAKA,MIDDEN,,,,,,
38,,MIDDLE SHELF,PRATELEIRA DO MEIO,ESTANTE MEDIA,SCAFFALE MEDIO,ÉTAGÈRE DU MILIEU,MITTELREGAL,長段の棚,ちょうだんのたな,CH?DAN NO TANA,MIDDEN PLANK,,,,,,
38,,INSIDE – OUTSIDE,DENTRO – FORA,DENTRO – FUERA,DENTRO – FUORI,À L’INTÉRIEUR – À L’EXTÉRIEUR,INNEN – AUSSEN,内 / 外,うち / そと,UCHI / SOTO,BINNEN – BUITEN,,,,,,
38,,BASKET,CESTO,CANASTA,CESTINO,PANIER,KORB,マンド,まんど,MAND,,,,,,,
38,,BELT,CINTO,CINTURÓN,CINTURA,Ceinture,GÜRTEL,ベルト,べると,BERUTO,RIEM,,,,,,
38,,NEAR – FAR,PERTO – LONGE,CERCA – LEJOS,VICINO – LONTANO,PRÈS – LOIN,NAH – FERN,近い / 遠い,ちかい / とおい,CHIKAI / TOOI,NAAR – VER,,,,,,
38,,ENGINE,MOTOR,MOTOR,MOTORE,MOTEUR,MOTOR,エンジン,えんじん,ENJIN,MOTOR,,,,,,
38,,CHECK ,VERIFICAR,CHECK,CONTROLLARE,VERIFIER,PRÜFEN,確認する,かくにんする,KAKUNIN SURU,CHECKEN,,,,,,
38,,TIDY – MESSY,ARRUMADO – BAGUNÇADO,ORDENADO – DESORDENADO,ORDINATO – DISORDINATO,ORGANISÉ – DÉSORDONNÉ,AUFGERÄUMT – UNORDENTLICH,整頓された / 散らかった,せいとんされた / ちらかった,SEITON SARETA / CHIRAKATTA,OPGERUIMD – ROMMEL,,,,,,
38,,CHECK IF CLOSET IS TIDY,VERIFICAR SE O ARMÁRIO ESTÁ ARRUMADO,COMPROBAR SI EL ARMARIO ESTÁ ORDENADO,CONTROLLARE SE L’ARMADIO È ORDINATO,VÉRIFIER SI LE PLACARD EST ORGANISÉ,"PRÜFEN, OB DER SCHRANK AUFGERÄUMT IST",クローゼットが整頓されているか確認する,くろぜっとがせいとんされているかかくにんする,KUROZETTO GA SEITON SARETE IRU KA KAKUNIN SURU,CONTROLEREN OF KAST OPGERUIMD IS,,,,,,
38,,CLOSE – OPEN,FECHAR – ABRIR,CERRAR – ABRIR,CHIUDERE – APRIRE,FERMER – OUVRIR,SCHLIESSEN – ÖFFNEN,閉める / 開ける,しめる / あける,SHIMERU / AKERU,SLUITEN – OPEN,,,,,,
38,,GENTLY – HARSHLY,SUAVEMENTE – DURO,SUAVEMENTE – DURO,DOLCEMENTE – DURIAMENTE,DOUCEMENT – FORTEMENT,SANFT – STARK,柔らか – 固い,やわらか – かたい,ZACHT – HARD,,,,,,,
38,,STEP ,PASSO,PASO,PASSO,PAS, SCHRITT,歩み,あゆみ,AYUMI,STAP,,,,,,
38,,STEP BACK ,DAR UM PASSO ATRÁS,DAR UN PASO ATRÁS,FARE UN PASSO INDIETRO,RECULER, SCHRITT ZURÜCK,後ろに下がる,うしろにさがる,USHIRO NI SAGARU,STAP ACHTERUIT,,,,,,
38,,IN FRONT OF – BEHIND,EM FRENTE – ATRÁS,DELANTE – DETRÁS,AVANTI – DIETRO,DEVANT – DERRIÈRE,VORNE – HINTEN,前 / 後ろ,まえ / うしろ,MAE / USHIRO,VOOR – ACHTER,,,,,,
38,,BETWEEN – BESIDE,ENTRE – AO LADO,ENTRE – AL LADO,TRA – VICINO,AU MILIEU – À CÔTÉ,ZWISCHEN – NEBEN,間 / 横,あいだ / よこ,AIDA / YOKO,TUSSEN – NABIJ,,,,,,
38,,SCENERY,CENÁRIO,ESCENARIO,SCENARIO,PAYSAGE,SZENARIO,風景,ふうけい,FUUKEI,SCÈNE,,,,,,
38,,ADMIRE THE SCENERY,ADMIRAR O CENÁRIO,ADMIRAR EL ESCENARIO,AMMIRARE LO SCENARIO,ADMIRER LE PAYSAGE,BEWUNDERN SIE DIE SZENERIE,風景を鑑賞する,ふうけいをかんしょうする,FUUKEI O KANSHOU SURU,BEWONDER HET SCÈNE,,,,,,
38,,ORGANIZED – DISORGANIZED,ORGANIZADO – DESORGANIZADO,ORGANIZADO – DESORDENADO,ORDINATO – DISORDINATO,ORGANISÉ – DÉSORDONNÉ,ORGANISIERT – CHAOTISCH,整理された / 散らかった,せいりされた / ちらかった,SEIRI SARETA / CHIRAKATTA,GEORGANISEERD – CHAOS,,,,,,
38,,SMILE,SORRIR,SONREÍR,SORRIDERE,SOURIRE,LÄCHELN,笑う,わらう,WARAU,GLIMLACHEN,,,,,,
38,,WITH A SMILE – WITHOUT A SMILE,COM SORRISO – SEM SORRISO,CON SONRISA – SIN SONRISA,CON SORRISO – SENZA SORRISO,AVEC UN SOURIRE – SANS SOURIRE,MIT LÄCHELN – OHNE LÄCHELN,笑顔で / 笑顔なし,えがおで / えがおなし,EGAO DE / EGAO NASHI,MET GLIMLACH – ZONDER GLIMLACH,,,,,,
39,,WALK – RUN,ANDAR – CORRER,CAMINAR – CORRER,CAMMINARE – CORRERE,MARCHER – COURIR,GEHEN – RENNEN,歩く / 走る,あるく / はしる,ARUKU / HASHIRU,LOPEN – RENNEN,,,,,,
39,,KITCHEN,COZINHA,COCINA,CUCINA,CUISINE,KÜCHE,キッチン,きっちん,KICCHIN,KEUKEN,,,,,,
39,,WALK INTO KITCHEN,ENTRAR NA COZINHA,ENTRAR EN LA COCINA,ENTRARE IN CUCINA,ENTRER DANS LA CUISINE,ZUR KÜCHE GEHEN,キッチンに入る,きっちんにはいる,KICCHIN NI HAIRU,DE KEUKEN IN LOPEN,,,,,,
39,,FRIDGE,GELADEIRA,REFRIGERADOR,FREEZER,RÉFRIGÉRATEUR,KÜHLSCHRANK,冷蔵庫,れいぞうこ,REIZOUKO,KOELKAST,,,,,,
39,,CHICKEN,FRANGO,POLLO,POLLO,POULET,HÜHNER,鶏肉,とりにく,TORINIKU,KIP,,,,,,
39,,VEGETABLES,VEGETAIS,VERDURAS,VERDURE,LÉGUMES,GEMÜSE,野菜,やさい,YASAI,GROENTEN,,,,,,
39,,TAKE CHICKEN FROM FRIDGE,PEGAR FRANGO DA GELADEIRA,SACAR POLLO DE LA NEVERA,PRENDERE IL POLLO DAL FRIGORIFERO,PRENDRE LE POULET DU RÉFRIGÉRATEUR,HÜHNCHEN AUS DEM KÜHLSCHRANK NEHMEN,冷蔵庫から鶏肉を取る,れいぞうこからとりにくをとる,REIZOUKO KARA TORINIKU O TORU,KIP UIT DE KOELKAST HALEN,,,,,,
39,,TAKE VEGETABLES FROM FRIDGE,PEGAR VEGETAIS DA GELADEIRA,SACAR VERDURAS DE LA NEVERA,PRENDERE LE VERDURE DAL FRIGORIFERO,PRÉLEVER LES LÉGUMES DU RÉFRIGÉRATEUR,GEMÜSE AUS DEM KÜHLSCHRANK NEHMEN,冷蔵庫から野菜を取る,れいぞうこからやさいをとる,REIZOUKO KARA YASAI O TORU,GROENTEN UIT DE KOELKAST HALEN,,,,,,
39,,PAN,FRIGIDEIRA,SARTÉN,PADELLA,POÊLE,PFANNE,フライパン,ふらいぱん,FURAIPAN,KOEKENPAN,,,,,,
39,,TAKE A PAN,PEGAR UMA FRIGIDEIRA,TOMAR UNA SARTÉN,PRENDERE UNA PADELLA,PRENDRE UNE POÊLE,EINE PFANNE NEHMEN,フライパンを取る,ふらいぱんをとる,FURAIPAN O TORU,KOEKENPAN PAKKEN,,,,,,
39,,STOVE,FOGÃO,ESTUFA,FORNELLO,CUISINIÈRE,HERD,コンロ,こんろ,KONRO,KEUKENHARDER,,,,,,
39,,ON THE STOVE,NO FOGÃO,EN LA ESTUFA,SUL FORNELLO,SUR LA CUISINIÈRE,AUF DEM HERD,コンロの上,こんろのうえ,KONRO NO UE,OP HET FORNUIS,,,,,,
39,,PUT PAN ON THE STOVE,COLOCAR FRIGIDEIRA NO FOGÃO,PONER SARTÉN EN ESTUFA,METTERE LA PADELLA SUL FORNELLO,METTRE LA POÊLE SUR LA CUISINIÈRE,PFANNE AUF DEN HERD STELLEN,フライパンをコンロに置く,ふらいぱんをこんろにおく,FURAIPAN O KONRO NI OKU,PAN OP HET FORNUIS ZETTEN,,,,,,
39,,ADD ,ADICIONAR,AGREGAR,AGGIUNGERE,AJOUTER,HINZUFÜGEN,加える,くわえる,KUWAERU,TOEVOEGEN,,,,,,
39,,SUBTRACT,SUBTRAIR,SUSTRAER,SOTTRARRE,SOUSTRAIRE,ABZIEHEN,引く,ひく,HIKU,AFTREKKEN,,,,,,
39,,OIL ,ÓLEO,ACEITE,OLIO,HUILE,ÖL,油,あぶら,ABURA,OLIE,,,,,,
39,,ADD OIL TO PAN,ADICIONAR ÓLEO NA FRIGIDEIRA,AGREGAR ACEITE A LA SARTÉN,AGGIUNGERE OLIO ALLA PADELLA, AJOUTER DE L’HUILE DANS LA POÊLE,ÖL IN DIE PFANNE GEBEN,フライパンに油を加える,ふらいぱんにあぶらをくわえる,FURAIPAN NI ABURA O KUWAERU,OLIE IN PAN TOEVOEGEN,,,,,,
39,,ON THE BOX – IN THE BOX,SOBRE A CAIXA – DENTRO DA CAIXA,SOBRE LA CAJA – DENTRO DE LA CAJA,SOPRA LA SCATOLA – DENTRO DELLA SCATOLA,SUR LA BOÎTE – DANS LA BOÎTE,AUF DER BOX – IN DER BOX,箱の上 / 箱の中,はこのうえ / はこのなか,HAKO NO UE / HAKO NO NAKA,OP DE DOOS – IN DE DOOS,,,,,,
39,,PLACE CHICKEN IN PAN,COLOCAR FRANGO NA FRIGIDEIRA,PONER POLLO EN LA SARTÉN,METTERE IL POLLO NELLA PADELLA,METTRE LE POULET DANS LA POÊLE,HÜHNCHEN IN DIE PFANNE LEGEN,フライパンに鶏肉を入れる,ふらいぱんにとりにくをいれる,FURAIPAN NI TORINIKU O IRERU,KIP IN PAN LEGGEN,,,,,,
39,,CHOP,PICAR,PICAR,TRITARE,HACHER,HACKEN,刻む,きざむ,KIZAMU,HAKKEN,,,,,,
39,,CHOP VEGETABLES,PICAR VEGETAIS,PICAR VERDURAS,TRITARE LE VERDURE,HACHER LES LÉGUMES,GEMÜSE HACKEN,野菜を刻む,やさいをきざむ,YASAI O KIZAMU,GROENTEN HAKKEN,,,,,,
39,,CUT,CORTAR,CORTAR,TAGLIARE,COUPER,SCHNEIDEN,切る,きる,KIRU,SNIJDEN,,,,,,
39,,BOARD,TÁBUA,TABLA,TAGLIERE,PLANCHA,SCHNEIDEBRETT,まな板,まないた,MANAITA,SNIJPLANK,,,,,,
39,,CUTTING BOARD,TÁBUA DE CORTE,TABLERO DE CORTAR,TAGLIERE DA TAGLIO,PLANCHA À DÉCOUPER,SCHNEIDEBRETT,まな板,まないた,MANAITA,SNIJPLANK,,,,,,
39,,ADD VEGETABLES TO THE PAN,ADICIONAR VEGETAIS NA FRIGIDEIRA,AGREGAR VERDURAS A LA SARTÉN,AGGIUNGERE LE VERDURE ALLA PADELLA, AJOUTER LES LÉGUMES DANS LA POÊLE,GEMÜSE IN DIE PFANNE GEBEN,フライパンに野菜を加える,ふらいぱんにやさいをくわえる,FURAIPAN NI YASAI O KUWAERU,GROENTEN IN PAN TOEVOEGEN,,,,,,
39,,MIX – STIR,MEXER – REMEXER,MEZCLAR – REMOVER,MESCOLARE – MESCOLARE,MÉLANGER – REMUER,RÜHREN – SCHÜTTELN,かき混ぜる,かきまぜる,KAKIMAZERU,ROEREN – MENGEN,,,,,,
39,,SPOON ,COLHER,CUCHARA,CUCCHIAIO,CUILLÈRE,LÖFFEL,スプーン,すぷーん,SUP?N,LEPEL,,,,,,
39,,STIR FOOD WITH A SPOON,MEXER COM COLHER,MEXER CON CUCHARA,MESCOLARE CON CUCCHIAIO,REMUER AVEC CUILLÈRE,MIT LÖFFEL RÜHREN,スプーンでかき混ぜる,すぷーんでかきまぜる,SUP?N DE KAKIMAZERU,ROEREN MET LEPEL,,,,,,
39,,GOLD – SILVER,OURO – PRATA,ORO – PLATA,ORO – ARGENTO,OR – ARGENT,GOLD – SILBER,金 / 銀,きん / ぎん,KIN / GIN,GOUD – ZILVER,,,,,,
39,,GOLDEN CHICKEN,FRANGO DOURADO,POLLO DORADO,POLLO DORATO,POULET DORÉ,GOLDEN HÜHNER,黄金の鶏,おうごんのとり,OUGON NO TORI,GOUDEN KIP,,,,,,
39,,ENGINE,MOTOR,MOTOR,MOTORE,MOTEUR,MOTOR,エンジン,えんじん,ENJIN,MOTOR,,,,,,
39,,CHECK ,VERIFICAR,CHECK,CONTROLLARE,VERIFIER,PRÜFEN,確認する,かくにんする,KAKUNIN SURU,CHECKEN,,,,,,
39,,CHECK ENGINE,VERIFICAR MOTOR,VERIFICAR MOTOR,CONTROLLARE MOTORE,VÉRIFIER LE MOTEUR,MOTOR PRÜFEN,エンジンを確認する,えんじんをかくにんする,ENJIN O KAKUNIN SURU,MOTOR CONTROLEREN,,,,,,
39,,CHECK IF CHICKEN IS GOLDEN,VERIFICAR SE FRANGO ESTÁ DOURADO,COMPROBAR SI EL POLLO ESTÁ DORADO,CONTROLLARE SE IL POLLO È DORATO,VÉRIFIER SI LE POULET EST DORÉ,"ÜBERPRÜFEN, OB DAS HÜHNCHEN GOLDEN IST",鶏肉が黄金か確認する,とりにくがおうごんかかくにんする,TORINIKU GA OUGON KA KAKUNIN SURU,CONTROLEREN OF HET KIP GOUDEN IS,,,,,,
39,,TURN ON – TURN OFF,LIGAR – DESLIGAR,ENCENDER – APAGAR,ACCENDERE – SPEGNERE,ALLUMER – ÉTEINDRE,EIN – AUS,点ける / 消す,つける / けす,TSUKERU / KESU,FRISCHEN – UIT,,,,,,
39,,PUT ON – TAKE OFF,COLOCAR – RETIRAR,PONER – QUITAR,METTERE – TOGLIERE,METTRE – ENLEVER,ANZIEHEN – AUSZIEHEN,置く / 取る,おく / とる,OKU / TORU,PLAATSEN – WEGHALEN,,,,,,
39,,HEAT – COLD,AQUECER – FRIO,CALENTAR – FRÍO,RISCALDARE – FREDDO,CHAUFFER – FROID,ERHITZEN – KALT,熱い / 冷たい,あつい / つめたい,ATSUI / TSUMETAI,WARM – KOUD,,,,,,
39,,TAKE PAN OFF HEAT,TIRAR PAN DO FOGO,SACAR LA SARTÉN DEL FUEGO,TOLGERE LA PADELLA DAL FUOCO,RETIRER LA POÊLE DU FEU,PFANNE VOM HERD NEHMEN,フライパンを火から下ろす,ふらいぱんをひからおろす,FURAIPAN O HI KARA OROSU,PAN VAN HET VUUR HALEN,,,,,,
39,,WATER,ÁGUA,AGUA,ACQUA,EAU,WASSER,水,みず,MIZU,WATER,,,,,,
39,,GLASS,COPO,VASO,BICCHIERE,VERRE,GLAS,コップ,こっぷ,KOPP,GLAS,,,,,,
39,,POUR WATER IN GLASS,COLOCAR ÁGUA NO COPO,VERTER AGUA EN EL VASO,VERSARE ACQUA NEL BICCHIERE,VERSER DE L’EAU DANS LE VERRE,WASSER INS GLAS GIEßEN,コップに水を注ぐ,こっぷにみずをそそぐ,KOPP NI MIZU O SOSOGU,WATER IN GLAS GEVEN,,,,,,
39,,PLATE,PRATO,PLATO,PIATTO,ASSIETTE,TELLER,皿,さら,SARA,SCHAAL,,,,,,
39,,POUR FOOD ONTO PLATE,COLOCAR COMIDA NO PRATO,PONER COMIDA EN EL PLATO,METTERE IL CIBO SUL PIATTO,METTRE LA NOURRITURE SUR L’ASSIETTE,ESSEN AUF DEN TELLER GEBEN,皿に食べ物を盛る,さらにたべものをもる,SARA NI TABEMONO O MORU,VOEDSEL OP SCHAAL LEGGEN,,,,,,
39,,PICK UP – PUT DOWN,PEGAR – COLOCAR,COGER – DEJAR,PRENDERE – POSARE,PRENDRE – POSER,AUFHEBEN – ABLEGEN,取る / 置く,とる / おく,TORU / OKU,OPPAKKEN – NEERZETTEN,,,,,,
39,,FORK,GARFO,TENEDOR,FORCHETTA,FOURCHETTE,GABEL,フォーク,ふぉーく,F?KU,VORK,,,,,,
39,,KNIFE,FACA,CUCHILLO,COLTELLO,COUTEAU,MESSER,ナイフ,ないふ,NAIFU,MEET,,,,,,
39,,CUTLERY,TALHER,CUBIERTOS,COUVERT,COUVERT,ESSBESTECK,カトラリー,かとらりー,KATORAR?,BESTEK,,,,,,
39,,TABLE,MESA,MESA,TAVOLO,TABLE,TISCH,テーブル,てーぶる,TEEBURU,TAFEL,,,,,,
39,,SET THE TABLE,ARRUMAR A MESA,PONER LA MESA,APPARECCHIARE LA TAVOLA,METTRE LA TABLE,TISCH DECKEN,テーブルをセットする,てーぶるをせっとする,TEEBURU O SETTO SURU,TAFEL DEKKEN,,,,,,
39,,WITH – WITHOUT,COM – SEM,CON – SIN,CON – SENZA,AVEC – SANS,MIT – OHNE,～付き / ～なし,つき / なし,~TSUKI / NASHI,MET – ZONDER,,,,,,
39,,BRING – TAKE,TRAZER – LEVAR,LLEVAR – TRAER,PORTARE – PORTARE,APPORTER – PRENDRE,BRINGEN – NEHMEN,持ってくる / 持って行く,もってくる / もっていく,MOTTE KURU / MOTTE IKU,BRINGEN – NEMEN,,,,,,
39,,BRING PLATE FROM KITCHEN,TRAZER PRATO DA COZINHA,TRAER PLATO DE LA COCINA,PORTARE IL PIATTO DALLA CUCINA,APPORTER L’ASSIETTE DE LA CUISINE,PLATTE AUS DER KÜCHE HOLEN,キッチンから皿を持ってくる,きっちんからさらをもってくる,KICCHIN KARA SARA O MOTTE KURU,TAKE PLATE VAN KEUKEN,,,,,,
39,,TAKE PLATE TO TABLE,LEVAR PRATO À MESA,LLEVAR PLATO A LA MESA,PORTARE IL PIATTO SUL TAVOLO,APPORTER L’ASSIETTE À LA TABLE,PLATTE ZUM TISCH BRINGEN,皿をテーブルに持って行く,さらをてーぶるにもっていく,SARA O TEEBURU NI MOTTE IKU,PLAAT NAAR TAFEL BRENGEN,,,,,,
39,,SIT DOWN – STAND UP,SENTAR – LEVANTAR,SENTARSE – LEVANTARSE,SEDERSI – ALZARSI,S’ASSEOIR – SE LEVER,SITZEN – AUFSTEHEN,座る / 立つ,すわる / たつ,SUWARU / TATSU,ZITTEN – OPSTAAN,,,,,,
39,,START – STOP,COMEÇAR – PARAR,EMPEZAR – PARAR,INIZIARE – FERMARE,COMMENCER – ARRÊTER,ANFANGEN – STOPPEN,始める / 止める,はじめる / とめる,HAJIMERU / TOMERU,BEGIN – STOP,,,,,,
39,,START EATING – FINISH EATING,COMEÇAR A COMER – TERMINAR DE COMER,EMPEZAR A COMER – TERMINAR DE COMER,INIZIARE A MANGIARE – FINIRE DI MANGIARE,COMMENCER À MANGER – FINIR DE MANGER,ANFANGEN ZU ESSEN – FERTIG ESSEN,食べ始める / 食べ終わる,たべはじめる / たべおわる,TABEMAHajimeru / TABEOWARU,BEGINNEN MET ETEN – KLAAR MET ETEN,,,,,,
39,,DRINK – TAKE A DRINK,BEBER – TOMAR BEBIDA,BEBER – TOMAR BEBIDA,BERE – BERE,PRENDRE UNE BOISSON – BOIRE,TRINKEN – EIN GETRÄNK,飲む / 飲む,のむ / のむ,NOMU / NOMU,DRINKEN – EEN DRINK,,,,,,
39,,FINISH MEAL,TERMINAR REFEIÇÃO,TERMINAR LA COMIDA,FINIRE IL PASTO,FINIR LE REPAS,MAHLZEIT BEENDEN,食事を終える,しょくじをおえる,SHOKUJI O OERU,MAALTIJD BEËINDIGEN,,,,,,
39,,SMILE,SORRIR,SONREÍR,SORRIDERE,SOURIRE,LÄCHELN,笑う,わらう,WARAU,GLIMLACHEN,,,,,,
40,,GRAB – GET,PEGAR – OBTER,COGER – CONSEGUIR,PRENDERE – OTTENERE,ATTRAPER – OBTENIR,GREIFEN – NEHMEN,取る / 掴む,とる / つかむ,TORU / TSUKAMU,PAKKEN – KRIJGEN,,,,,,
40,,COME – GO,VIR – IR,VENIR – IR,VENIRE – ANDARE,VENIR – ALLER,kommen – gehen,来る / 行く,くる / いく,KURU / IKU, KOMEN – GAAN,,,,,,
40,,GEAR,EQUIPAMENTO,ENGRANAJE,ATTREZZATURA,ÉQUIPEMENT,AUSRÜSTUNG,ギア,ぎあ,GEA,UITRUSTING,,,,,,
40,,CAMPING,CAMPING,CAMPAMENTO,CAMPEGGIO,CAMPING,CAMPING,キャンプ,きゃんぷ,KYANPU,CAMPEREN,,,,,,
40,,CAMPING GEAR,EQUIPAMENTO DE CAMPING,EQUIPO DE CAMPING,EQUIPAGGIAMENTO DA CAMPEGGIO,MATÉRIEL DE CAMPING,CAMPINGAUSRÜSTUNG,キャンプ用品,きゃんぷようひん,KYANPU YOUHIN,CAMPINGUITRUSTING,,,,,,
40,,PUT IN – TAKE OUT,COLOCAR – RETIRAR,PONER – SACAR,METTERE – TOGLIERE,PLACER – RETIRER,LEGEN – NEHMEN,置く / 取る,おく / とる,OKU / TORU,ZETTEN – HALEN,,,,,,
40,,BAG,BOLSA,BOLSA,BORSA,SAC,BEUTEL,バッグ,ばっぐ,BAG, TAS,,,,,,
40,,HIS BAG – HER BAG,SUA BOLSA – A BOLSA DELA,SU BOLSA – SU BOLSA,LUA BORSA – LA SUA BORSA,SON SAC – SON SAC,SIE SEINE TASCHE – IHRE TASCHE,彼のバッグ / 彼女のバッグ,かれのばっぐ / かのじょのばっぐ,KARE NO BAGGU / KANOJO NO BAGGU,ZIJN TAS – HAAR TAS,,,,,,
40,,ENGINE,MOTOR,MOTOR,MOTORE,MOTEUR,MOTOR,エンジン,えんじん,ENJIN,MOTOR,,,,,,
40,,CHECK ENGINE,VERIFICAR MOTOR,VERIFICAR MOTOR,CONTROLLARE MOTORE,VÉRIFIER LE MOTEUR,MOTOR PRÜFEN,エンジンを確認する,えんじんをかくにんする,ENJIN O KAKUNIN SURU,MOTOR CONTROLEREN,,,,,,
40,,FOOD,COMIDA,COMIDA,CIBO,NOURRITURE,ESSEN,食べ物,たべもの,TABEMONO,VOEDSEL,,,,,,
40,,WALK – RUN,ANDAR – CORRER,CAMINAR – CORRER,CAMMINARE – CORRERE,MARCHER – COURIR,GEHEN – RENNEN,歩く / 走る,あるく / はしる,ARUKU / HASHIRU,LOPEN – RENNEN,,,,,,
40,,CAMPSITE,ACAMPAMENTO,CAMPAMENTO,CAMPEGGIO,CAMPSITE,CAMPINGPLATZ,キャンプ場,きゃんぷじょう,KYANPUJOU,CAMPINGTERREIN,,,,,,
40,,LOOK AROUND,OLHAR AO REDOR,MIRAR ALREDEDOR,GUARDARE INTORNO,REGARDER AUTOUR,SICH UMSEHEN,見渡す,みわたす,MIWATASU,RONDKIJKEN,,,,,,
40,,AREA – POINT,ÁREA – PONTO,ÁREA – PUNTO,AREA – PUNTO,ZONE – POINT,BEREICH – PUNKT,場所 / ポイント,ばしょ / ぽいんと,BASHO / POINT,AREA – PUNT,,,,,,
40,,LOOK FOR – FIND,PROCURAR – ENCONTRAR,BUSCAR – ENCONTRAR,CERCARE – TROVARE,RECHERCHER – TROUVER,SUCHEN – FINDEN,探す / 見つける,さがす / みつける,SAGASU / MITSUKERU,ZOEKEN – VINDEN,,,,,,
40,,FLAT – ROUND,PLANO – REDONDO,PLANO – REDONDO,PIATTO – ROTONDO,PLAT – ROND,FLACH – RUND,平 / 丸い,たいら / まるい,TAIRA / MARUI,VLAK – ROND,,,,,,
40,,GROUND – FLOOR,CHÃO – PISO,SUELO – PISO,TERRA – PAVIMENTO,SOL – PLANCHER,BODEN – BODEN,地面 / 床,じめん / ゆか,JIMEN / YUKA,GROND – VLOER,,,,,,
40,,TENT,BARRACA,TIENDA,TENDA,TENTE,ZELT,テント,てんと,TENTO,TENT,,,,,,
40,,SET UP,MONTAR,ARMAR,MONTARE,MONTER,AUFBAUEN,設置する,せっちする,SETCHI SURU,OPZETTEN,,,,,,
40,,STRING,CORDÃO,CUERDA,CORDONE,CORDON,SCHNUR,紐,ひも,HIMO,SNOER,,,,,,
40,,TIE SHOES,AMARRAR SAPATOS,ATAR ZAPATOS,ALLACIARE LE SCARPE,ATTACHER LES CHAUSSURES,SCHUHE BINDEN,靴紐を結ぶ,くつひもをむすぶ,KUTSUHIMO O MUSUBU,SCHOENEN STRIKKEN,,,,,,
40,,TIE TENT STRINGS,AMARRAR CORDÕES DA BARRACA,ATAR CUERDAS DE LA TIENDA,LEGARE LE CORDE DELLA TENDA,ATTACHER LES CORDES DE LA TENTE,ZELTSEILE BINDEN,テントの紐を結ぶ,てんとのひもをむすぶ,TENTO NO HIMO O MUSUBU,ZELT SNOEREN BINDEN,,,,,,
40,,FIREWOOD,LENHA,LEÑA,LEGNA,BOIS DE CHAUFFAGE,FEUERHOLZ,巻き,まき,MAKI,HOUT,,,,,,
40,,GATHER – SCATTER,RECOLHER – ESPALHAR,RECOGER – ESPECIAL,TIRARE – SPARGERE,RECOLTER – DISPERSER,SAMMELN – STREUEN,集める / 散らす,あつめる / ちらす,ATSUMERU / CHIRASU,VERZAMELEN – VERSPREIDEN,,,,,,
40,,SMALL – BIG,PEQUENO – GRANDE,PEQUEÑO – GRANDE,PICCOLO – GRANDE, PETIT – GRAND,KLEIN – GROSS,小 / 大,しょう / だい,SHOU / DAI,KLEIN – GROOT,,,,,,
40,,PILE ,PILHA,PILA,PILA,PILE,STAPEL,山,やま,YAMA,STAPEL,,,,,,
40,,GATHER – SCATTER,RECOLHER – ESPALHAR,RECOGER – ESPECIAL,RACCOGLIERE – SPARGERE,RECOLTER – DISPERSER,SAMMELN – STREUEN,集める / 散らす,あつめる / ちらす,ATSUMERU / CHIRASU,VERZAMELEN – VERSPREIDEN,,,,,,
40,,START – PUT OUT,ACENDER – APAGAR,ENCENDER – APAGAR,ACCENDERE – SPEGNERE,ALLUMER – ÉTEINDRE,ANZÜNDEN – LÖSCHEN,火を点ける / 消す,ひをつける / けす,HI O TSUKERU / KESU,AANSTEKEN – UITSCHAKELEN,,,,,,
40,,FIRE  ,FOGO, FUEGO,FUOCO,FEU,FEUER,火,ひ,HI,VUUR,,,,,,
40,,START A FIRE – PUT OUT A FIRE ,ACENDER FOGO – APAGAR FOGO,ENCENDER FUEGO – APAGAR FUEGO,ACCENDERE IL FUOCO – SPEGNERE IL FUOCO,ALLUMER UN FEU – ÉTEINDRE UN FEU,FEUER ANZÜNDEN – LÖSCHEN,火を点ける / 火を消す,ひをつける / ひをけす,HI O TSUKERU / HI O KESU,VUUR AANSTEKEN – UITSCHAKELEN,,,,,,
40,,CAMPFIRE,FOGO DE CAMPING,HOGUERA,CAMPOFUOCO,FEU DE CAMP,CAMPINGFEUER,キャンプファイヤー,きゃんぷふぁいやー,KYANPU FAIY?,KAMPVUUR,,,,,,
40,,BURN,QUEIMAR,QUEMAR,BRARE,BURN,BRENNEN,燃やす,もやす,MOYASU,BRANDEN,,,,,,
40,,BRIGHT,BRILHANTE,BRILLANTE,BRILLANTE,BRILLANT,HELL,明るい,あかるい,AKARUI,BRILJANT,,,,,,
40,,BURN BRIGHT,QUEIMA BRILHANTEMENTE,QUEMA BRILLANTE,BRUCIA LUMINOSAMENTE,BRÛLE BRILLAMMENT,HELL BRENNT,明るく燃える,あかるくもえる,AKARUKU MOERU,BRAND HELDER,,,,,,
40,,FOOD,COMIDA,COMIDA,CIBO,FOOD,ESSEN,食べ物,たべもの,TABEMONO,VOEDSEL,,,,,,
40,,COOK FOOD,COZINHAR COMIDA,COCINAR COMIDA,CUOCERE IL CIBO,CUISINER LA NOURRITURE,ESSEN KOCHEN,料理する,りょうりする,RYOURI SURU,ETEN KOKEN,,,,,,
40,,UNDER – OVER,ABAIXO – ACIMA,ABAJO – ARRIBA,SOTTO – SOPRA,EN DESSOUS – AU-DESSUS,UNTEN – OBEN,下 / 上,した / うえ,SHITA / UE,ONDER – BOVEN,,,,,,
40,,MEAL,REFEIÇÃO,COMIDA,PASTO,REPAS,MAHLZEIT,食事,しょくじ,SHOKUJI,MAALTIJD,,,,,,
40,,EAT MEAL,COMER REFEIÇÃO,COMER COMIDA,MANGIARE IL PASTO,MANGER LE REPAS,ESSEN,食べる,たべる,TABERU,ETEN,,,,,,
40,,SIT – STAND UP,SENTAR – LEVANTAR,SENTARSE – LEVANTARSE,SEDERSI – ALZARSI,S’ASSEOIR – SE LEVER,SITZEN – AUFSTEHEN,座る / 立つ,すわる / たつ,SUWARU / TATSU,ZITTEN – OPSTAAN,,,,,,
40,,BY THE FIRE – BY THE DOOR,PERTO DO FOGO – PERTO DA PORTA,JUNTO AL FUEGO – JUNTO A LA PUERTA,PRESO AL FUOCO – VICINO ALLA PORTA,PRÈS DU FEU – PRÈS DE LA PORTE,NAHE AM FEUER – NAHE AN DER TÜR,火のそば / ドアのそば,ひのそば / どあのそば,HI NO SOBA / DOA NO SOBA,BIJ HET VUUR – BIJ DE DEUR,,,,,,
40,,BY – BESIDE – NEXT TO,PERTO – AO LADO – PRÓXIMO,CERCA – AL LADO – JUNTO,A LATO – VICINO,À CÔTÉ – PRÈS,NEBEN – DANEBEN,そば / 隣,そば / となり,SOBA / TONARI,BIJ – NAAST – DICHTBIJ,,,,,,
40,,STORY,HISTÓRIA,HISTORIA,STORIA,HISTOIRE,GESCHICHTE,話す,はなす,HANASHI,VERHAAL,,,,,,
40,,TELL A STORY,CONTAR HISTÓRIA,CONTAR HISTORIA,RACCONTARE UNA STORIA,RACONTER UNE HISTOIRE,GESCHICHTE ERZÄHLEN,話すをする,はなすをする,HANASHI O SURU,VERTEL EEN VERHAAL,,,,,,
40,,SIMPLE – COMPLEX,SIMPLES – COMPLEXO,SIMPLE – COMPLEJO,SEMPLICE – COMPLESSO,SIMPLE – COMPLEXE,EINFACH – KOMPLEX,簡単 / 複雑,かんたん / ふくざつ,KANTAN / FUKUZATSU,EENVOUDIG – COMPLEX,,,,,,
40,,LOOK AT,OLHAR,MIRAR,GUARDARE,REGARDER,SCHAUEN,見る,みる,MIRU,KIJKEN,,,,,,
40,,NIGHT – DAY,NOITE – DIA,NOCHE – DÍA,NOTTE – GIORNO,NUIT – JOUR,NACHT – TAG,夜 / 昼,よる / ひる,YORU / HIRU,NACHT – DAG,,,,,,
40,,WALK – RUN,ANDAR – CORRER,CAMINAR – CORRER,CAMMINARE – CORRERE,MARCHER – COURIR,GEHEN – RENNEN,歩く / 走る,あるく / はしる,ARUKU / HASHIRU,LOPEN – RENNEN,,,,,,
40,,GO – COME,IR – VIR,IR – VENIR,ANDARE – VENIRE,ALLER – VENIR,GEHEN – KOMMEN,行く / 来る,いく / くる,IKU / KURU,GAAN – KOMEN,,,,,,
40,,GO FOR A WALK,DAR UMA VOLTA,DAR UNA VUELTA,FARE UNA PASSEGGIATA,FAIRE UNE PROMENADE,EINEN SPAZIERGANG MACHEN,散歩する,さんぽする,SANPO SURU,MAKEN – WANDELEN,,,,,,
40,,GO FOR A NIGHT WALK,DAR UMA VOLTA À NOITE,DAR UNA VUELTA NOCTURNA,Fare una passeggiata notturna,FAIRE UNE PROMENADE NOCTURNE,NACHTSPAZIERGANG MACHEN,夜の散歩をする,よるのさんぽをする,YORU NO SANPO O SURU,MAKEN – NACHTWANDELING,,,,,,
40,,FALL ,CAIR,CAER,CADERE,TOMBER,FALLEN,落ちる,おちる,OCHIRU,VALLEN,,,,,,
40,,SLEEP,DORMIR,DORMIR,DORMIRE,DORMIR,SCHLAFEN,眠る,ねむる,NEMURU,SLAAP,,,,,,
40,,FALL ASLEEP,ADORMECER,DORMIRSE,ADDORMENTARSI,S’ENDORMIR,EINSCHLAFEN,眠りに落ちる,ねむりにおちる,NEMURI NI OCHIRU,INSLAAP KOMEN,,,,,,
40,,TENT,BARRACA,TIENDA,TENDA,TENTE,ZELT,テント,てんと,TENTO,TENT,,,,,,
40,,ON THE BOX – IN THE BOX,SOBRE A CAIXA – DENTRO DA CAIXA,SOBRE LA CAJA – DENTRO DE LA CAJA,SOPRA LA SCATOLA – DENTRO DELLA SCATOLA,SUR LA BOÎTE – DANS LA BOÎTE,AUF DER BOX – IN DER BOX,箱の上 / 箱の中,はこのうえ / はこのなか,HAKO NO UE / HAKO NO NAKA,OP DE DOOS – IN DE DOOS,,,,,,
40,,IN THE TENT,DENTRO DA BARRACA,DENTRO DE LA TIENDA,DENTRO DELLA TENDA,DANS LA TENTE,IN DER ZELT,テントの中,てんとのなか,TENTO NO NAKA,IN DE TENT,,,,,,
40,,WAKE UP,ACORDAR,DESPERTAR,SVEGLIARSI,RÉVEILLER,AUFWACHEN,起きる,おきる,OKIRU,WAKEN,,,,,,
40,,SUN  ,SOL,SOL,SOLEIL,SOLEIL,SONNE,太陽,たいよう,TAIY?,ZON,,,,,,
40,,SUNNY,ENSOLARADO,SOLEADO,SOLEGGIATO,ENSOLEILLÉ,SONNIG,晴れ,はれ,HARE,ZONNIG,,,,,,
40,,MORNING,MANHÃ,MAÑANA,MATTINA,MATIN,MORGEN,朝,あさ,ASA,OCHTEND,,,,,,
40,,WAKE UP TO A SUNNY MORNING,ACORDAR EM UMA MANHÃ ENSOLARADA,DESPERTAR EN UNA MAÑANA SOLEADA,SVEGLIARSI IN UNA MATTINA SOLEGGIATA,RÉVEILLER À UN MATIN ENSOLEILLÉ,AN EINEN SONNIGEN MORGEN AUFWACHEN,晴れた朝に起きる,はれたあさにおきる,HARETA ASA NI OKIRU,WAKEN IN EEN ZONNIGE OCHTEND,,,,,,
