"Book Number","Title","Author","Description","Publisher","ISBN","PRICE USED","PRICE NEW","BOX NUMBER","No. of Pages","KEEP","SELL","Notes",
1,"Action English Pictures","Noriko Takahashi & Maxine Frauman-Prickel","Activities for Total Physical Response","Alemany Press","0-88084-212-1",,,1,110,,,,
2,"The Count of Monte Cristo","Alexandre Dumas Adapted by Steven Grant and Dan Spiegle","Classics Illustrated","Berkley/First Publishing","0-425-12028-7",,,1,44,,,,
3,"A Christman Carol","Charles Dickens adapted by Joe Staton","Classics Illustrated","Berkley/First Publishing","0-425-12334-0",,,1,44,,,,
4,"Treasure Island","Robert Louis Stevenson adapted by Pat Boyette","Classics Illustrated","Berkley/First Publishing","0-425-12335-9",,,1,44,,,,
5,"Beauty and the Beast","Bobby JG Weiss adapted by Colleen Doran and Dave Hunt","Disney's Cartoon Tales/A tale of Enchantment","W.D. Publications, Inc.","1-56115-267-6",,,1,48,,,,
6,"Aesop's Fables","adapted by Eric Vincent","Classics Illustrated","First Publishing","0-915419-73-4",,,1,44,,,,
7,"Grandes Esperancas","Charles Dickens adapted by Rick Geary","Classics Illustrated","Berkley/First Publishing","None",,,1,44,,,,
8,"Wuthering Heights","Emily Bronte adapted by Rick Geary","Classics Illustrated","Berkley/First Publishing","0-425-12259-X",,,1,44,,,,
9,"Robinsoe Crusoe","Daniel Defoe adapted by Sam Wray and Pat Boyette","Classics Illustrated","Berkley/First Publishing","0-425-12664-1",,,1,44,,,,
10,"Great Expectations","Charles Dickens adapted by Rick Geary","Classics Illustrated","Berkley/First Publishing","0-425-12021-X",,,1,44,,,,
11,"The Adventures of Tom Sawyer","Mark Twain adapted by Michael Ploog","Classics Illustrated","Berkley/First Publishing","0-425-11241-7",,,1,44,,,,
12,"The Devil's Dictionary and other works","Ambrose Bierce adapted by Gahan Wilson","Classics Illustrated","Berkley/First Publishing","0-425-12523-8",,,1,44,,,,
13,"The Call of the Wild","Jack London adapted by  Charles Dixon and Ricardo Villagran","Classics Illustrated","Berkley/First Publishing","0-425-12030-9",,,1,44,,,,
14,"Ivanhoe","Sir Walter Scott adapted by Mark Wayne Harris and Ray Lago","Classics Illustrated","Berkley/First Publishing","0-425-12526-2",,,1,44,,,,
15,"The Jungle Books","Rudyard Kipling adapted by Jeffrey Busch","Classics Illustrated","Berkley/First Publishing","0-425-12762-1",,,1,44,,,,
16,"Two Years Before the Mast","R.H. Dana, JR. adapted by Elaine Kim","Regents Illustrated Classics","Regents Publishing Company, Inc.","0-88345-482-3",,,1,62,,,,
17,"The Prince and the Pauper","Sir Walter Scott adapted by Mark Wayne Harris and Ray Lago","Regents Illustrated Classics","Prentice Hall Regents","0-13-703027-4",,,1,62,,,,
18,"The Flayed Hand & Other Famous Mysteries","adapted by Elaine Kim","Regents Illustrated Classics","Ao Livro Tecnico S/A Industria e Comercio","85-215-0166-8",,,1,62,,,,
19,"Moby Dick","Herman Melville adapted by Elaine Kim","Regents Illustrated Classics","Regents Publishing Company, Inc.","0-88345-463-7",,,1,62,,,,
20,"The Moonstone","William Wilkie Collins","Regents Illustrated Classics","Regents Publishing Company, Inc.","0-88345-474-2",,,1,62,,,,
21,"Robin Hood","adapted by Elaine Kim","Regents Illustrated Classics","Prentice Hall Regents","0-13-781923-4",,,1,62,,,,
22,"Huckleberry Finn","Mark Twain adapted by Elaine Kim","Regents Illustrated Classics","Regents Publishing Company, Inc.","0-88345-464-5",,,1,62,,,,
23,"Treasure Island","Robert Louis Stevenson adapted by Elaine Kim","Regents Illustrated Classics","Prentice Hall Regents","0-13-930629-3",,,1,62,,,,
24,"The Last of the Mohicans","James Fenimore Cooper","Regents Illustrated Classics","Regents Publishing Company, Inc.","0-88345-480-7",,,1,62,,,,
25,"Treasure Island","Robert Louis Stevenson adapted by Elaine Kim","Regents Illustrated Classics","Regents Publishing Company, Inc.","0-88345-481-5",,,1,62,,,,
26,"Robin Hood","adapted by Elaine Kim","Regents Illustrated Classics","Prentice Hall Regents","0-88345-473-4",,,1,62,,,,
27,"A Connecticut Yankee in King Arthur's Court","Mark Twain adapted by Elaine Kim","Regents Illustrated Classics","Regents Publishing Company, Inc.","0-88345-478-5",,,1,62,,,,
28,"The Flayed Hand & Other Famous Mysteries","adapted by Elaine Kim","Regents Illustrated Classics","Regents Publishing Company, Inc.","0-88345-471-8",,,1,62,,,,
29,"The Flayed Hand & Other Famous Mysteries","adapted by Elaine Kim","Regents Illustrated Classics","Ao Livro Tecnico S/A Industria e Comercio","85-215-0166-8",,,1,62,,,,
30,"Huckleberry Finn","Mark Twain adapted by Elaine Kim","Regents Illustrated Classics","Prentice Hall Regents","0-13-444605-4",,,1,62,,,,
31,"Huckleberry Finn","Mark Twain adapted by Elaine Kim","Regents Illustrated Classics","Regents Publishing Company, Inc.","0-88345-464-5",,,1,62,,,,
32,"Huckleberry Finn","Mark Twain adapted by Elaine Kim","Regents Illustrated Classics","Regents Publishing Company, Inc.","0-88345-464-5",,,1,62,,,,
33,"Huckleberry Finn","Mark Twain adapted by Elaine Kim","Regents Illustrated Classics","Regents Publishing Company, Inc.","0-88345-464-5",,,1,62,,,,
34,"Dr. Jekyll and Mr. Hyde","Robert Louis Stevenson adapted by Elaine Kim","Regents Illustrated Classics","Ao Livro Tecnico S/A Industria e Comercio","85-215-0113-7",,,1,62,,,,
35,"Dr. Jekyll and Mr. Hyde","Robert Louis Stevenson adapted by Elaine Kim","Regents Illustrated Classics","Ao Livro Tecnico S/A Industria e Comercio","85-215-0113-7",,,1,62,,,,
36,"Dr. Jekyll and Mr. Hyde","Robert Louis Stevenson adapted by Elaine Kim","Regents Illustrated Classics","Regents Publishing Company, Inc.","0-88345-465-3",,,1,62,,,,
37,"Dr. Jekyll and Mr. Hyde","Robert Louis Stevenson adapted by Elaine Kim","Regents Illustrated Classics","Regents Publishing Company, Inc.","0-88345-465-3",,,1,62,,,,
38,"The Moonstone","William Wilkie Collins","Regents Illustrated Classics","Regents Publishing Company, Inc.","0-88345-474-2",,,1,62,,,,
39,"The Moonstone","William Wilkie Collins","Regents Illustrated Classics","Regents Publishing Company, Inc.","0-88345-474-2",,,1,62,,,,
40,"Gulliver's Travels","Jonathan Swift","Regents Illustrated Classics","Regents Publishing Company, Inc.","0-88345-477-7",,,1,62,,,,
41,"Gulliver's Travels","Jonathan Swift","Regents Illustrated Classics","Regents Publishing Company, Inc.","0-88345-477-7",,,1,62,,,,
42,"Robinson Crusoe","Daniel Defoe adapted by Elaine Kim","Regents Illustrated Classics","Regents Publishing Company, Inc.","0-88345-469-6",,,1,62,,,,
43,"Robin Hood ","adapted by Elaine Kim","Regents Illustrated Classics","Ao Livro Tecnico S/A Industria e Comercio","85-215-0164-1",,,1,62,,,,
44,"Robin Hood","adapted by Elaine Kim","Regents Illustrated Classics","Regents Publishing Company, Inc.","0-88345-473-4",,,1,62,,,,
45,"The Hunchback of Notredame","Victor Hugo","Regents Illustrated Classics","Ao Livro Tecnico S/A Industria e Comercio","85-215-0114-5",,,1,62,,,,
46,"Dr. Jekyll and Mr. Hyde","Robert Louis Stevenson adapted by Elaine Kim","Regents Illustrated Classics","Ao Livro Tecnico S/A Industria e Comercio","85-215-0113-7",,,1,62,,,,
47,"Robinson Crusoe","Daniel Defoe adapted by Elaine Kim","Regents Illustrated Classics","Prentice Hall Regents","0-13-781931-5",,,1,62,,,,
48,"Frankenstein","Mary Shelley","Regents Illustrated Classics","Regents Publishing Company, Inc.","0-88345-467-X",,,1,62,,,,
49,"The Hunchback of Notredame","Victor Hugo","Regents Illustrated Classics","Prentice Hall Regents","0-13-448085-6",,,1,62,,,,
50,"Huckleberry Finn","Mark Twain adapted by Elaine Kim","Regents Illustrated Classics","Ao Livro Tecnico S/A Industria e Comercio","85-215-0112-9",,,1,62,,,,
51,"Frankenstein","Mary W. Shelley","Regents Illustrated Classics","Ao Livro Tecnico S/A Industria e Comercio","85-215-0165-X",,,1,62,,,,
52,"Frankenstein","Mary Shelley","Regents Illustrated Classics","Ao Livro Tecnico S/A Industria e Comercio","85-215-0165-X",,,1,62,,,,
53,"Frankenstein","Mary W. Shelley","Regents Illustrated Classics","Regents Publishing Company, Inc.","0-88346-467-X",,,1,62,,,,
54,"The Last of the Mohicans","James Fenimore Cooper","Regents Illustrated Classics","Regents Publishing Company, Inc.","0-88345-480-7",,,1,62,,,,
55,"Moby Dick","Herman Melville adapted by Elaine Kim","Regents Illustrated Classics","Regents Publishing Company, Inc.","0-88345-463-7",,,1,62,,,,
56,"Robinsoe Crusoe","Daniel Defoe adapted by Elaine Kim","Regents Illustrated Classics","Regents Publishing Company, Inc.","0-88345-469-6",,,1,62,,,,
57,"The Hunchback of Notredame","Victor Hugo","Regents Illustrated Classics","Ao Livro Tecnico S/A Industria e Comercio","85-215-0114-5",,,1,62,,,,
58,"The Count of Monte Cristo","Alexandre Dumas adapted by Elaine Kim","Regents Illustrated Classics","Regents Publishing Company, Inc.","0-88345-472-6",,,1,62,,,,
59,"Robin Hood ","adapted by Elaine Kim","Regents Illustrated Classics","Ao Livro Tecnico S/A Industria e Comercio","85-215-0164-1",,,1,62,,,,
60,"Robin Hood ","adapted by Elaine Kim","Regents Illustrated Classics","Ao Livro Tecnico S/A Industria e Comercio","85-215-0164-1",,,1,62,,,,
61,"Frankenstein","Mary Shelley","Regents Illustrated Classics","Ao Livro Tecnico S/A Industria e Comercio","85-215-0165-X",,,1,62,,,,
62,"The Hunchback of Notredame","Victor Hugo","Regents Illustrated Classics","Ao Livro Tecnico S/A Industria e Comercio","85-215-0114-5",,,1,62,,,,
63,"The Three Musketeers","Alexandre Dumas Adapted Elaine Kim","Regents Illustrated Classics","Prentice Hall Regents","0-13-920463-6",,,1,62,,,,
64,"The Flayed Hand & Other Famous Mysteries","adapted by Elaine Kim","Regents Illustrated Classics","Prentice Hall Regents","0-13-322249-7",,,1,62,,,,
65,"Oliver Twist","Charles Dickens adapted by Elaine Kim","Regents Illustrated Classics","Regents Publishing Company, Inc.","0-88345-466-1",,,1,62,,,,
66,"Sea Wolf","Jack London adapted by Elaine Kim","Regents Illustrated Classics","Regents Publishing Company, Inc.","0-13-796798-5",,,1,62,,,,
67,"Huckleberry Finn","Mark Twain adapted by Elaine Kim","Regents Illustrated Classics","Regents Publishing Company, Inc.","0-88345-464-5",,,1,62,,,,
68,"O Conde de Monte Cristo","Alexandre Dumas","Classics Illustrated","Berkley/First Publishing","None",,,1,44,,,,
69,"Dr. Jekyll and Mr. Hyde","Robert Louis Stevenson illustrated byTudor Humphries","Longman Classics","Longman","0-582-01818-8",,,1,57,,,,
70,"The Count of Monte Cristo","Alexandre Dumas","Longman Classics","Longman","0-582-01820-X",,,1,74,,,,
71,"The Swiss Family Robinson","Johann Wyss","Longman Classics","Longman","0-582-54157-3",,,1,74,,,,
72,"The Adventures of Huckleberry Finn","Mark Twain Illustrated by Chris Molan","Longman Classics","Longman","0-582-03585-6",,,1,72,,,,
73,"Five Famous Fairy Tales","Illustrated by Gwen Tourret","Longman Classics","Longman","0-582-03510-4",,,1,58,,,,
74,"Black Beauty","Anna Sewell illustrated by Victor Ambrus","Longman Classics","Longman","0-582-54145-X",,,1,58,,,,
75,"Alice in Wonderland","Lewis Carroll","Longman Classics","Longman","0-582-52278-1",,,1,56,,,,
76,"A Tale of Two Cities","Charles Dickens ","Longman Classics","Longman","0-582-03047-1",,,1,73,,,,
77,"Tales from the Arabian Nights","illustrated by Per Dahlberg","Longman Classics","Longman","0-582-54151-4",,,1,73,,,,
78,"The Three Musketeers","Alexandre Dumas simplified by D K Swan","Longman Classics","Longman","0-582-01384-4",,,1,58,,,,
79,"King Arthur and the Knights of the Round Table","Illustrated by John James","Longman Classics","Longman","0-582-03509-0",,,1,42,,,,
80,"Heidi","Johanna Spyri","Longman Classics","Longman","0-582-01815-3",,,1,58,,,,
81,"Robin Hood","Illustrated by Chris Ryley","Longman Classics","Longman","0-582-52287-0",,,1,57,,,,
82,"King Solomon's Mines","Sir H Rider Haggard","Longman Classics","Longman","0-582-01821-8",,,1,74,,,,
83,"Tales from the Arabian Nights","Illustrated by Per Dahlberg","Longman Classics","Longman","0-582-54151-4",,,1,73,,,,
84,"The Jungle Book ","Rudyard Kipling   ","Longman Classics","Longman","0-582-03587-2",,,1,58,,,,
85,"The Canterbury Tales","Geoffrey Chaucer","Longman Classics","Longman","0-582-54150-6",,,1,74,,,,
86,"Adventures of Sinbad the Sailor","Illustrated by Andrew Brown","Longman Classics","Longman","0-582-54148-4",,,1,57,,,,
87,"King Solomon's Mines","Sir H Rider Haggard","Longman Classics","Longman","0-582-01821-8",,,1,74,,,,
88,"A Christmas Carol","Charles Dickens","Longman Classics","Longman","0-582-01382-8",,,1,56,,,,
89,"The Prince and the Pauper","Mark Twain","Longman Classics","Longman","0-582-03508-2",,,1,57,,,,
90,"Round the World in Eighty Days","Jules Verne","Longman Classics","Longman","0-582-01817-X",,,1,58,,,,
91,"Lorna Doone","R.D. Blackmore","Longman Classics","Longman","0-582-01814-5",,,1,74,,,,
92,"Gulliver's Travels","Jonathan Swift","Longman Classics","Longman","0-582-52285-4",,,1,58,,,,
93,"Kidnapped","Robert Louis Stevenson  ","Longman Classics","Longman","0-582-01383-6",,,1,72,,,,
94,"Rip Van Winkle and other stories","Washington Irving","Longman Classics","Longman","0-582-03046-3",,,1,42,,,,
95,"The Count of Monte Cristo","Alexandre Dumas   ","Longman Classics","Longman","0-582-01820-X",,,1,74,,,,
96,"Pride and Prejudice","Jane Austen","Longman Classics","Longman","0-582-03045-5",,,1,74,,,,
97,"Dr Jekyll and Mr. Hyde","Robert Louis Stevenson  ","Longman Classics","Longman","0-582-01818-8",,,1,57,,,,
98,"Robin Hood ","Illustrated by Chris Ryley","Longman Classics","Longman","0-582-52287-0",,,1,57,,,,
99,"Vanity Fair","William Thackeray","Longman Classics","Longman","0-582-01819-6",,,1,74,,,,
100,"Nosferatu","none","Comic Book","Tome Press","1055-4823",,,1,16,,,,
101,"Detectives from Scotland Yard","LG Alexander","Longman Structural Readers Stage 1","Longman","0-582-53704-5",,,1,16,,,,
102,"David Copperfield","Charles Dickens","Book-Level 3 Vocabulary Range 1000 words","Collins English Library","0-00-370084-4",,,1,96,,,,
103,"Have you got your ticket","Ian Serraillier","Longman Structural Readers Stage 2","Longman","0-582-53727-4",,,1,32,,,,
104,"Hard Times","Charles Dickens ","Book  ","Collins English Library","0-00-370121-2",,,1,127,,,,
105,"English Point","Eliana, Maria Clara, Neuza","Book 2o Grau","Saraiva","None",,,1,183,,,,
106,"Have you got your ticket","Ian Serraillier","Longman Structural Readers Stage 2","Longman","0-582-53727-4",,,1,32,,,,
107,"Simon and the Spy","Elizabeth Laird","Easy Starts","Longman","0-582-04611-4",,,1,16,,,,
108,"The Prisoners","Donn Byrne","Longman Structural Readers Stage 1","Longman","0-582-53701-0",,,1,16,,,,
109,"The Flying Spy","Alwyn Cox","Longman Structural Readers Stage 1","Longman","0-582-53709-6",,,1,16,,,,
110,"On the Road","Donn Byrne","Longman Structural Readers Stage 2","Longman","0-582-53716-9",,,1,32,,,,
111,"My dear Aunt and a morning in London","Donn Byrne","Longman Structural Readers stage 2","Longman","0-582-53725-8",,,1,72,,,,
112,"The Sheriff","Robert O'Neill","Longman Structural Readers Stage 1","Longman","0-582-52518-7",,,1,16,,,,
113,"The Sheriff","Robert O'Neill","Longman Structural Readers Stage 1","Longman","0-582-52518-7",,,1,16,,,,
114,"Amadeus Marques A Love Lesson","Amadeus Marques","Road Series","Editora Atica","85-08-03969-7",,,1,32,,,,
115,"Amadeus Marques English Book 3","Amadeus Marques","Book  ","Editora Atica","85-08-05493-9",,,1,208,,,,
116,"Thirty Nine steps","none","Longman MovieWorld easy reading edition","Longman","0-582-53046-6",,,1,31,,,,
117,"New York New York","Ingrid Freebairn","Galaxies/book","Longman","0-582-52974-3",,,1,32,,,,
118,"English for Travel","John EastWood","Teacher's Guide","Oxford University Press","0-19-451304-1",,,1,61,,,,
119,"The Troy Stone","Stephen Rabley","Easy Starts","Longman","0-582-04598-3",,,1,16,,,,
120,"Amadeus Marques The Final Test","none","Road Series","Editora Atica","85-08-03965-4",,,1,32,,,,
121,"The Prisoners","Donn Byrne","Longman Structural Readers Stage 1","Longman","0-582-53701-0",,,1,16,,,,
122,"Dino's day in London","Stephen Rabley","Easy Starts","Longman","0-582-03146-X",,,1,16,,,,
123,"The Troy Stone","Stephen Rabley","Easy Starts","Longman","0-582-04598-3",,,1,16,,,,
124,"Sherlock Holmes and The Dancing Men","A Conan Doyle- DK Swan","Fiction Longman Structural Readers Stage 1","Longman","0-582-53677-4",,,1,16,,,,
125,"On the Road","Donn Byrne","Longman Structural Readers Stage 2","Longman","0-582-53716-9",,,1,32,,,,
126,"Robin Hood ","Jones, Truman, Schenck","Comic Book","Eclipse Books","None",,,1,28,,,,
127,"The Sheriff","Robert O'Neill","Longman Structural Readers Stage 1","Longman","0-582-52518-7",,,1,16,,,,
128,"Moby Dick","Herman Melville adapted by Elaine Kim","Regents Illustrated Classics","Longman","0-88345-463-7",,,1,62,,,,
129,"What's the Story","Linda Markstein/Dorien GrunBaum","Sequential Photographs for Language Practice Student's Book 3","Longman","0-582-79785-3",,,1,54,,,,
130,"What's the Story","Linda Markstein/Dorien GrunBaum","Sequential Photographs for Language Practice Student's Book 2","Longman","0-582-79784-5",,,1,50,,,,
131,"The Eagle Has Landed","Jack Higgins","Book  ","Colllins English Library","0-00-370122-0",,,1,112,,,,
132,"The Flying Spy","Alwyn Cox","Longman Structural Readers Stage 1","Longman","0-582-53709-6",,,1,16,,,,
133,"The Prisoners","Donn Byrne","Longman Structural Readers Stage 1","Longman","0-582-53701-0",,,1,16,,,,
134,"Car Thieves","LG Alexander","Longman Structural Readers Stage 1","Longman","0-582-53705-3",,,1,16,,,,
135,"Tinkers Island","Stephen Rabley","Easy Starts","Longman","0-582-03149-4",,,1,16,,,,
136,"Hostage Tower","John Denis","Book  ","Collins English Library","0-00-370159-X",,,1,64,,,,
137,"Dr. Jekyll and Mr. Hyde","R L Stevenson","Book  ","Collins English Library","0-00-370085-2",,,1,64,,,,
138,"The Story of Macbeth from Shakespeare","none","Book  ","Collins English Library","0-00-370123-9",,,1,32,,,,
139,"The Adventures of Huckleberry Finn","Mark Twain ","Book  ","Longman","0-582-52824-0",,,1,109,,,,
140,"Wuthering Heights","Emily Bronte adapted by Rick Geary","Book  ","Collins English Library","0-00-370086-0",,,1,119,,,,
141,"In the Shadow of Man","Jane Goodall","Book  ","Collins English Library","0-00-370070-4",,,1,112,,,,
142,"Jane Eyre","Charlotte Bronte","Book  ","Collins English Library","0-00-370074-7/3-506-43243-5",,,1,95,,,,
143,"Three Sherlock Holmes Adventures","Sir Conan Doyle","Nelson Readers","Nelson","0-17-556431-0",,,1,48,,,,
144,"Inspector Thackeray Calls","Kenneth James and Lloyd Mullen","Book  ","Longman","0-582-53745-2",,,1,60,,,,
145,"The Machine Stops and other Stories","E.M. Forster","Book  ","Longman","0-582-53770-3",,,1,84,,,,
146,"Inspector Thackeray Calls","Kenneth James and Lloyd Mullen","Book  ","Longman","0-582-53745-2",,,1,60,,,,
147,"The Troy Stone","Stephen Rabley","Easy Starts","Longman","0-582-04598-3",,,1,16,,,,
148,"Tinkers Farm","Stephen Rabley","Easy Starts","Longman","0-582-04609-2",,,1,16,,,,
149,"Shakespeare Detective","S H Burton","Longman Structural Readers Stage 2","Longman","0-582-52836-4",,,1,44,,,,
150,"Operation Janus","LG Alexander","Longman Structural Readers Stage 1","Longman","0-582-53713-4",,,1,16,,,,
151,"Bush Fire and Hurricane Paula","Richard Musman","Fiction Longman Structural Readers Stage 5","Longman","0-582-53766-5",,,1,67,,,,
152,"Japanese Red and other stories","Lewis Jones","Longman Structural Readers Stage 2","Longman","0-582-52739-2",,,1,48,,,,
153,"The Battle of Newton Road","Leslie Dunkling","Longman Structural Readers Stage 1","Longman","0-582-53710-X",,,1,30,,,,
154,"It never snows in England","Peter Ferguson","Longman Structural Readers Stage 1","Longman","0-582-52614-0",,,1,16,,,,
155,"April in Moscow","Stephen Rabley","Easy Starts","Longman","0-582-06073-7",,,1,16,,,,
156,"Marcel and the White Star","Stephen Rabley","Easy Starts","Longman","0-582-04610-6",,,1,16,,,,
157,"Sherlock Holmes and The Dancing Men","A Conan Doyle- DK Swan","Longman Structural Readers Stage 1","Longman","0-58253677-4",,,1,16,,,"White out used",
158,"Inspector Thackeray Arrives","Kenneth James ","Longman Structural Readers Stage 2","Longman","0-582-53340-6",,,1,46,,,,
159,"Blue Moon Valley","Stephen Rabley","Easy Starts","Longman","0-582-04599-1",,,1,16,,,,
160,"Scotland","David Hill","Longman Structural Readers: Background","Longman","0-582-53346-5",,,1,48,,,,
161,"It never snows in England","Peter Ferguson","Longman Structural Readers Stage 1","Longman","0-582-52614-0",,,1,16,,,,
162,"Moby Dick","Herman Melville  ","Book  ","Longman","0-582-53418-6",,,1,68,,,,
163,"The Troy Stone","Stephen Rabley","Easy Starts","Longman","0-582-04598-3",,,1,16,,,,
164,"Inspector Thackeray Calls","Kenneth James and Lloyd Mullen","Plays Longman Structural Readers Stage 3","Longman","0-582-53745-2",,,1,60,,,,
165,"Inspector Holt-Cats in the Dark","John Tully","Book  ","Collins English Library","0-00-370131-X",,,1,32,,,,
166,"Dead man's River","Elizabeth Laird","Easy Starts","Longman","0-582-04612-2",,,1,16,,,,
167,"Simon and the Spy","Elizabeth Laird","Easy Starts","Longman","0-582-04611-4",,,1,16,,,,
168,"Flying Home","Stephen Rabley","Easy Starts","Longman","0-582-03151-6",,,1,16,,,,
169,"The Troy Stone","Stephen Rabley","Easy Starts","Longman","0-582-04598-3",,,1,16,,,,
170,"The Sheriff","Robert O'Neill","Longman Structural Readers Stage 1","Longman","0-582-52518-7",,,1,16,,,,
171,"Operation Janus","L G Alexander","Longman Structural Readers Stage 1","Longman","0-582-53713-4",,,1,16,,,,
172,"Tinkers Farm","Stephen Rabley","Easy Starts","Longman","0-582-04609-2",,,1,16,,,,
173,"On the Road","Donn Byrne","Longman Structural Readers Stage 2","Longman","0-582-53716-9",,,1,31,,,,
174,"Detectives from Scotland Yard","LG Alexander","Longman Structural Readers Stage 1","Longman","0-582-53704-5",,,1,16,,,,
175,"7 Sketches","Leslie Dunkling","Longman Structural Readers Stage 1","Longman","0-582-52515-2",,,1,20,,,,
176,"The house near the sea","Richard Musman","Longman Structural Readers Stage 1","Longman","0-582-53707-X",,,1,16,,,,
177,"Pop Festival","Ian Serraillier","Longman Structural Readers Stage 2","Longman","0-582-53714-2",,,1,32,,,,
176,"Green Island","Anthony Eyre","Longman Structural Readers Stage 1","Longman","0-582-53703-7",,,1,16,,,,
179,"April Fool's day","LG Alexander","Longman Structural Readers Stage 2","Longman","0-582-53719-3",,,1,31,,,,
180,"The Lost Love and other stories by Jan Carew","Jan Carew","Longman Structural Readers Stage 2","Longman","0-582-01382-8",,,1,28,,,,
181,"The Face on the Screen and other short stories ","Paul Victor","Longman Structural Readers Stage 2","Longman","0-582-53676-6",,,1,43,,,,
182,"Pele King of Football","Noel Machin","Longman Structural Readers Stage 1","Longman","0-582-52674-4",,,1,16,,,,
183,"Pele King of Football","Noel Machin","Longman Structural Readers Stage 1","Longman","0-582-52674-4",,,1,16,,,,
184,"The Mystery of the Loch Ness Monster","Leslie Dunkling","Longman Structural Readers Stage 1","Longman","0-582-52514-4",,,1,16,,,,
185,"The Battle of Newton Road","Leslie Dunkling","Longman Structural Readers Stage 1","Longman","0-582-53710-X",,,1,30,,,,
186,"Lisa in London","Paul Victor","Longman Structural Readers Stage 1","Longman","0-582-53347-3",,,1,16,,,,
187,"The Mystery of the Loch Ness Monster","Leslie Dunkling","Longman Structural Readers Stage 1","Longman","0-582-52514-4",,,1,16,,,,
188,"My dear Aunt and a morning in London","Donn Byrne","Longman Structural Readers Stage 2","Longman","0-582-53725-8",,,1,72,,,,
189,"7 Sketches","Leslie Dunkling","Longman Structural Readers Stage 1","Longman","0-582-52515-2",,,1,20,,,,
190,"Garry's First Season ","Alan C McLean","Longman Structural Readers: Fiction Stage 1","Longman","0-582-53688-X",,,1,16,,,,
191,"Elvis Presley King of Rock n' Roll","Jeremy Harmer","Longman Structural Readers Stage 1","Longman","0-582-53041-5",,,1,16,,,,
192,"Pele King of Football","Noel Machin","Longman Structural Readers Stage 1","Longman","0-582-52674-4",,,1,16,,,,
193,"Dino's day in London","Stephen Rabley","Easy Starts","Longman","0-582-03146-X",,,1,16,,,,
194,"The Prisoners","Donn Byrne","Longman Structural Readers Stage 1","Longman","0-582-53701-0",,,1,15,,,,
195,"Between Two Worlds","Stephen Rabley","Easy Starts","Longman","0-582-06074-5",,,1,16,,,,
196,"The Sheriff","Robert O'Neill","Longman Structural Readers Stage 1","Longman","0-582-52518-7",,,1,16,,,,
197,"The Last Photo","Bernard Smith","Easy Starts","Longman","0-582-03147-8",,,1,16,,,,
198,"The Storm","Richard Musman","Longman Structural Readers Stage 1","Longman","0-582-53679-0",,,1,16,,,,
199,"Worth a Fortune","LG Alexander","Longman Structural Readers Stage 2","Longman","0-582-53721-5",,,1,32,,,,
200,"April Fool's day","LG Alexander","Longman Structural Readers Stage 2 ","Longman","0-582-53719-3",,,1,32,,,,
201,"Insoector Thackeray Arrives","Kenneth James ","Longman Structural Readers Stage 2","Longman","0-582-53340-6",,,1,46,,,,
202,"Inspector Thackeray Arrives","Kenneth James ","Longman Structural Readers Stage 2","Longman","0-582-53340-6",,,1,46,,,,
203,"Seven one Act Plays","Donn Byrne","Longman Structural Readers Stage 3","Longman","0-582-53737-1",,,1,73,,,,
204,"London","Leslie Dunkling","Longman Structural Readers : Background Stage 1","Longman","0-582-74905-0",,,1,32,,,,
205,"The Fireboy","Stephen Rabley","Easy Starts","Longman","0-582-06072-9",,,1,16,,,,
206,"London","Leslie Dunkling","Longman Structural Readers: Background Stage 1","Longman","0-582-74905-0",,,1,32,,,,
207,"Blue Moon Valley","Stephen Rabley","Easy Starts","Longman","0-582-04599-1",,,1,16,,,,
208,"Kate and the Clock","Leslie Dunkling","Longman Structural Readers Stage 1","Longman","0-582-53708-8",,,1,16,,,,
209,"Garry's First Season ","Alan C McLean","Longman Structural Readers Stage 1","Longman","0-582-53688-X",,,1,16,,,,
210,"Double Fear and other stories","John Escott","Longman Structural Readers Stage 2","Longman","0-582-52786-4",,,1,45,,,,
211,"The Young Indiana Jones Chronicles The Mummy's Curse","No Author","Book  ","Random House New York","0-679-82774-9",,,1,120,,,,
212,"8 Ghost Stories","S.H. Burton","Longman Structural Readers Stage 4","Longman","0-582-54078-X",,,1,73,,,,
213,"Three Mystery Plays","Donn Byrne","Longman Structural Readers Stage 4","Longman","0-582-52700-7",,,1,52,,,,
214,"The Lost City of the Jedi Star Wars","Paul Davids and Hollace Davids","Book  ","Bantam Skylark","0-553-15888-0",,,1,98,,,,
215,"L'oreille Cassee","Herge","Tintin Book","Casterman","2-203-00105-4",,,2,62,,,,
216,"Tintin Au Congo","Herge","Tintin Book","Casterman","2-203-00101-1",,,2,62,,,,
217,"Le Temple Du Soleil","Herge","Tintin Book","Casterman","2-203-00113-5",,,2,62,,,,
218,"Muzzy Comes Back","No Author","Video Scripts","BBC English","1-85497-198-0",,,2,15,,,"Para vender",
219,"Tintim no pais do Ouro Negro","Herge","Tintin Book","Record","None",,,2,62,,,,
220,"Tintin Et Les Picaros","Herge","Tintin Book","Casterman","2-203-00123-2",,,2,62,,,,
221,"Vamos Aprender Japones","No Author","Basico I – Livro Texto","Apel Multimidia","None",,,2,187,,,,
222,"Bid For Power","A Fitzpatrick C St J Yates","English for Commerce and Industry","BBC English","1-85497-022-4",,,2,147,,,,
223,"Vamos Aprender Japones ","No Author","Basico I – Livro Texto","Apel Multimidia","None",,,2,187,,,,
224,"Le Nouveau Sans Frontieres Methode de Francais 3","No Author","French Textbook","CLE International","2-19-033471-3",,,2,239,,,,
225,"Le Nouveau San Frontieres Methode de Francais 2","No Author","French Textbook","CLE International","2-19-033460-8",,,2,223,,,,
226,"Bienvenue En France Methode de Francais Tome 1(1-13)","A Monnerie","French Textbook","Didier/Hatier","2-218-01869-1",,,2,159,,,,
227,"Bienvenue En France Methode de Francais Tome 2(14-26)","No Author","French Textbook/Guide pedagogique","Didier/Hatier","2-278-03875-3",,,2,48,,,,
228,"Bienvenue En France Methode de Francais Tome 2(14-26)","A Monnerie","French Textbook","Didier/Hatier","2-218-01870-1",,,2,191,,,,
229,"Le Nouveau San Frontieres Methode de Francais 1","Philippe Dominique, Jacky Girardet, Michele Verhelhan, Michel Verdelhan","French Textbook","CLE International","None",,,2,223,,,,
223,"Vamos Aprender Japones ","No Author","Basico I – Livro Texto","Apel Multimidia","None",,,2,187,,,,
223,"Vamos Aprender Japones ","No Author","Basico I – Livro Texto","Apel Multimidia","None",,,2,187,,,,
232,"Bienvenue En France Methode de Francais Tome 1(1-13)","No Author","French Textbook Guide Pedagogique","Didier/Hatier","2-218-02928-6",,,2,95,,,,
223,"Vamos Aprender Japones ","No Author","Basico I – Livro Texto","Apel Multimidia","None",,,2,187,,,,
234,"Le Nouveau San Frontieres Methode de Francais 1","Jacky Girardet","French Textbook Le livre du Professeur","CLE International","None",,,2,159,,,,
235,"Le Nouveau San Frontieres Methode de Francais 1","Michele Verdelha, Michel Verdelhan, Philippe Dominique, Jacky Girardet","French Textbook Cahier D'exercices","CLE International ","2-19-033453-6",,,2,175,,,,
236,"Le Nouveau San Frontieres Methode de Francais 3","No Author","French Textbook Le livre du Professeur","CLE International","None",,,2,189,,,,
237,"Le Nouveau San Frontieres Methode de Francais 2","No Author","French Textbook Cahier D'exercices","CLE International","2-19-033462-4",,,2,175,,,,
238,"Le Nouveau San Frontieres Methode de Francais 3","No Author","French Textbook Cahier D'exercices","CLE International","2-19-033472-8",,,2,175,,,,
239,"le Nouveau San Frontieres Methode de Francais 2","No Author","French Textbook Le livre du Professeur","CLE International","2-19-033465-X",,,2,159,,,,
240,"The Lost Secret","Robert O'Neill & Martin Shovel","Movie Book","BBC English","1-85497-133-6",,,2,138,,,,
240,"The Lost Secret","Robert O'Neill & Martin Shovel","Movie Book","BBC English","1-85497-133-6",,,2,138,,,,
240,"The Lost Secret","Robert O'Neill & Martin Shovel","Movie Book","BBC English","1-85497-133-6",,,2,138,,,,
240,"The Lost Secret","Robert O'Neill & Martin Shovel","Movie Book","BBC English","1-85497-133-6",,,2,138,,,,
244,"Family Album, U.S.A.","Alvin Cooperman and George Lefferts","Movie Book","Apel","0-02-332771-5",,,2,167,,,,
245,"Muzzy Comes Back","Diana Webster","Teacher's Guide","BBC English","1-85497-196-4",,,2,62,,,,
246,"Family Album, U.S.A.","No Author","Exercise Book","Apel   ","None",,,2,30,,,,
247,"Family Album, U.S.A. (episodes 14-26)","Alvin Cooperman and George Lefferts& Howard Beckerman","Viewer's Guide 1","Apel   ","0-02-332772-3",,,2,167,,,,
248,"Family Album, U.S.A. (episodes 1-13)","Alvin Cooperman and George Lefferts& Howard Beckerman","Viewer's Guide 1","Apel","0-02-332771-5",,,2,167,,,,
249,"Family Album, U.S.A. (episodes 14-26)","Alvin Cooperman and George Lefferts& Howard Beckerman","Viewer's Guide 2","Apel","0-02-332772-3",,,2,167,,,,
250,"Family Album, U.S.A. (episodes 1-13)","No Author","Exercise Book","Apel","None",,,2,29,,,,
251,"Family Album, U.S.A.(episode 14-26)","Alvin Cooperman and George Lefferts& Howard Beckerman","Viewer's Guide 2","Apel","0-02-332772-3",,,2,167,,,,
252,"Family Album, U.S.A.","Howard Beckerman , Alvin Cooperman and George Lefferts","Viewer's Guide 1","Apel   ","0-02-332771-5",,,2,167,,,,
253,"Family Album, U.S.A.  (1-5 & 7-10)","none ","Video English Course","Apel   ","N.A.",,,3,"N.A.",,,"Video Tapes",
254,"Muzzy Activity Book for Children","No Author","English Course","BBC English","None",,,3,64,,,"Para vender",
255,"Muzzy Video Storybook","No Author","English Course","BBC English","None",,,3,40,,,"Para vender",
256,"Methode Orange 1","Hachette/regents","Francais langue etrangere","Regents Publishing Company, Inc.","None",,,3,125,,,,
257,"London","No Author","Longman ELT Video tape","Longman","None",,,3,"N.A.",,,"Video Tape",
258,"Methode Orange 2","Hachette/regents","Francais Langue etrangere","Regents Publishing Company, Inc.","None",,,3,143,,,,
258,"Methode Orange 2","Hachette/regents","Francais Langue etrangere","Regents Publishing Company, Inc.","None",,,3,143,,,,
260,"Viaje al Espanol Version Internacional","Santillana","Spanish Textbook","Apel","84-294-3618-9",,,3,143,,,,
261,"Family Album, U.S.A. Exercise Book(14-26)","No Author","Family Album Exercise Textbook","Apel","None",,,3,29,,,,
262,"Family Album, U.S.A. Exercise Book(1-13)","No Author","Family Album Exercise Textbook","Apel","None",,,3,30,,,,
263,"Sherlock Holmes and Dr. Watson in the Case of the Deadly Tower","No Author","ELT Video Tape","Longman ","None",,,4,"n.a.",,,"Video Tape",
264,"Follow me O metodo de Ingles do Seculo XXI","No Author","BBC English","BBC English","None",,,4,"n.a.",,,"Video Tapes para vender",
265,"Lost Secret","Robert O'Neill & Martin Shovel","BBC English","BBC English","None",,,4,"n.a.",,,"Video Tapes",
266,"Renting A Flat","No Author","Audio tape","n.a.","None",,,4,"n.a.",,,"Audio tape",
267,"Question and answer","No Author","Audio tape","n.a.","None",,,4,"n.a.",,,"Audio tape",
268,"In the Departmente sore part 1","No Author","Audio tape","n.a.","None",,,4,"n.a.",,,"Audio tape",
269,"At the Garage","No Author","Audio tape","n.a.","None",,,4,"n.a.",,,"Audio tape",
270,"They cook a meal","No Author","Audio tape","n.a.","None",,,4,"n.a.",,,"Audio tape",
271,"At a Museum","No Author","Audio tape","n.a.","None",,,4,"n.a.",,,"Audio tape",
272,"AT the Zoo","No Author","Audio tape","n.a.","None",,,4,"n.a.",,,"Audio tape",
273,"A talk about the past","No Author","Audio tape","n.a.","None",,,4,"n.a.",,,"Audio tape",
274,"On the Farm","No Author","Audio tape","n.a.","None",,,4,"n.a.",,,"Audio tape",
275,"American Prose","No Author","Audio tape","n.a.","None",,,4,"n.a.",,,"Audio tape",
276,"Speak up(britain on film)","No Author","Audio tape","n.a.","None",,,4,"n.a.",,,"Audio tape",
277,"speak up(The golden world of Tiffany)","No Author","Audio tape","n.a.","None",,,4,"n.a.",,,"Audio tape",
278,"Speak up(The race is on)","No Author","Audio tape","n.a.","None",,,4,"n.a.",,,"Audio tape",
279,"Speak up(Difficult Demi)","No Author","Audio tape","n.a.","None",,,4,"n.a.",,,"Audio tape",
280,"Speak up(Hollywood goes to San Francisco)","No Author","Audio tape","n.a.","None",,,4,"n.a.",,,"Audio tape",
281,"speak up(Difficult Demi)","No Author","Audio tape","n.a.","None",,,4,"n.a.",,,"Audio tape",
282,"Speak up(Studying in California)","No Author","Audio tape","n.a.","None",,,4,"n.a.",,,"Audio tape",
283,"Speak up(2000: The great computer Crash)","No Author","Audio tape","n.a.","None",,,4,"n.a.",,,"Audio tape",
284,"Speak up(Still licensed to thrill?)","No Author","Audio tape","n.a.","None",,,4,"n.a.",,,"Audio tape",
285,"great Movies","No Author","Audio tape","n.a.","None",,,4,"n.a.",,,"Audio tape",
286,"Falando aluna e honey","No Author","Audio tape","n.a.","None",,,4,"n.a.",,,"Audio tape",
287,"o corcunda de notre dame","No Author","Audio tape","n.a.","None",,,4,"n.a.",,,"Audio tape",
288,"lucia","No Author","Audio tape","n.a.","None",,,4,"n.a.",,,"Audio tape",
289,"I love you henry","No Author","Audio tape","n.a.","None",,,4,"n.a.",,,"Audio tape",
290,"King Solomon's mines","H. Rider Haggard","Audio tape","Collins English Library","None",,,4,"n.a.",,,"Audio tape",
291,"class","No Author","Audio tape","n.a.","None",,,4,"n.a.",,,"Audio tape",
292,"Noam chomsky","No Author","Audio tape","n.a.","None",,,4,"n.a.",,,"Audio tape",
293,"Supergirl","No Author","Audio tape","n.a.","None",,,4,"n.a.",,,"Audio tape",
294,"Lang de business","No Author","Audio tape","n.a.","None",,,4,"n.a.",,,"Audio tape",
295,"Mogli o menino lobo","No Author","Audio tape","n.a.","None",,,4,"n.a.",,,"Audio tape",
296,"Home alone 90","No Author","Audio tape","n.a.","None",,,4,"n.a.",,,"Audio tape",
297,"Listening in and speaking out advanced","No Author","Audio tape","Longman Inc.","None",,,4,"n.a.",,,"Audio tape",
298,"Themen 1","No Author","Audio tape","Max Hueber Verlag","None",,,4,"n.a.",,,"Audio tape",
299,"Dead man's River the last photo","No Author","Audio tape/Easy starts","Longman","None",,,4,"n.a.",,,"Audio tape",
300,"no name","No Author","Audio tape","n.a.","None",,,4,"n.a.",,,"Audio tape",
301,"honey sobre ensino","No Author","Audio tape","n.a.","None",,,4,"n.a.",,,"Audio tape",
302,"learning about manners","No Author","Audio tape","n.a.","None",,,4,"n.a.",,,"Audio tape",
303,"Meditations Pierre Laederach","No Author","Audio tape","n.a.","None",,,4,"n.a.",,,"Audio tape",
304,"Walt Disney Brer Rabbit and the Tar Baby","No Author","Audio tape","n.a.","None",,,4,"n.a.",,,"Audio tape",
305,"no name","No Author","Audio tape","n.a.","None",,,4,"n.a.",,,"Audio tape",
306,"Virgem","No Author","Audio tape","n.a.","None",,,4,"n.a.",,,"Audio tape",
307,"Muzzy BBC original","No Author","Audio tape","n.a.","None",,,4,"n.a.",,,"Audio tape",
308,"On the road  Stage II Byrne","No Author","Audio tape","n.a.","None",,,4,"n.a.",,,"Audio tape",
309,"Entrevista com Jose Sobreira Agosto 2000","No Author","Audio tape","n.a.","None",,,4,"n.a.",,,"Audio tape",
310,"Take a Stand","No Author","Audio tape","n.a.","None",,,4,"n.a.",,,"Audio tape",
311,"skits(compact)","No Author","Audio tape","n.a.","None",,,4,"n.a.",,,"Audio tape",
312,"Pet practice tests cassette 2 Tests 4 and 5","No Author","Audio tape","n.a.","None",,,4,"n.a.",,,"Audio tape",
313,"Tim McCurdy and the Churchmen Quartet","No Author","Audio tape","n.a.","None",,,4,"n.a.",,,"Audio tape",
314,"propaganda","No Author","Audio tape","n.a.","None",,,4,"n.a.",,,"Audio tape",
315,"Songs ET","No Author","Audio tape","n.a.","None",,,4,"n.a.",,,"Audio tape",
316,"Sherlock Homes the Speckled Band","No Author","Audio tape","Am Retrospectives, Inc","None",,,4,"n.a.",,,"Audio tape",
317,"Photo Stories","No Author","Audio tape","Longman","None",,,4,"n.a.",,,"Audio tape",
318,"L.S.R. Stage I The house near the Sea/ Green Island","No Author","Audio tape","Longman","None",,,4,"n.a.",,,"Audio tape",
319,"Renato Russo equilibrio distante","No Author","Audio tape","n.a.","None",,,4,"n.a.",,,"Audio tape",
320,"Your Eyes","No Author","Audio tape","n.a.","None",,,4,"n.a.",,,"Audio tape",
321,"Learning about the Zoo","No Author","Audio tape","n.a.","None",,,4,"n.a.",,,"Audio tape",
322,"Lang of business","No Author","Audio tape","n.a.","None",,,4,"n.a.",,,"Audio tape",
323,"Life Styles III-k7 2","No Author","Audio tape","n.a.","None",,,4,"n.a.",,,"Audio tape",
324,"Amadeu B.1 H","No Author","Audio tape","n.a.","None",,,4,"n.a.",,,"Audio tape",
325,"My dear Aunt and a morning in London","No Author","Audio tape","Longman","None",,,4,"n.a.",,,"Audio tape",
326,"Christmas present hungry man was fed Traver's first hunt","No Author","Audio tape","n.a.","None",,,4,"n.a.",,,"Audio tape",
327,"Book one English plus","No Author","Audio tape","Scipione","None",,,4,"n.a.",,,"Audio tape",
328,"London","No Author","Audio tape","Longman","None",,,4,"n.a.",,,"Audio tape",
329,"Inspector Thackeray Investigates an Inside job more than an accident","Lloyd Mullen and Kenneth James","Audio tape","Longman","None",,,4,"n.a.",,,"Audio tape",
330,"Girl Against the Jungle","No Author","Audio tape","n.a.","0-582-52679-5",,,4,"n.a.",,,"Audio tape",
331,"English Plus","Cordelia Canabrava Arruda","Audio tape","n.a.","None",,,4,"n.a.",,,"Audio tape",
332,"Survival English Dialogs variety of Accents listening activities","No Author","Audio tape","n.a.","None",,,4,"n.a.",,,"Audio tape",
333,"Laughter is still the best medicine","No Author","Audio tape","n.a.","None",,,4,"n.a.",,,"Audio tape",
334,"David Copperfield","Charles Dickens","Audio tape","Collins English Library","None",,,4,"n.a.",,,"Audio tape",
335,"Professor Boffin's umbrella April fool's day Worth a fortune","No Author","Audio tape","Longman","None",,,4,"n.a.",,,"Audio tape",
336,"Have you got your ticket pop festival","No Author","Audio tape","Longman","None",,,4,"n.a.",,,"Audio tape",
337,"English Junior","No Author","Audio tape","n.a.","None",,,4,"n.a.",,,"Audio tape",
338,"Happy holidays, volume 20","No Author","Audio tape","n.a.","None",,,4,"n.a.",,,"Audio tape",
339,"Noah and the ark the superscope tele-story","No Author","Audio tape","n.a.","None",,,4,"n.a.",,,"Audio tape",
340,"Toefl Building Skills for the Toefl","Carol King and Nancy Stanley","Audio tape","n.a.","None",,,4,"n.a.",,,"Audio tape",
341,"Somewhere in time","No Author","Audio tape","n.a.","None",,,4,"n.a.",,,"Audio tape",
342,"The wizard of Oz Walt Disney Story teller","No Author","Audio tape","n.a.","None",,,4,"n.a.",,,"Audio tape",
343,"Dr. Jekyll and mr. Hyde","R L Stevenson","Audio tape","n.a.","None",,,4,"n.a.",,,"Audio tape",
344,"Grupo limite","No Author","Audio tape","n.a.","None",,,4,"n.a.",,,"Audio tape",
345,"no name","No Author","Audio tape","n.a.","None",,,4,"n.a.",,,"Audio tape",
346,"The superscope tele-story Moses in Egypt","No Author","Audio tape","n.a.","None",,,4,"n.a.",,,"Audio tape",
347,"Rapunzel/the gingerbread man","No Author","Audio tape","n.a.","None",,,4,"n.a.",,,"Audio tape",
348,"Follow me to S. Francisco","No Author","Audio tape","n.a.","None",,,4,"n.a.",,,"Audio tape",
349,"Think First Certificate Coursebook Cassette","No Author","Audio tape","n.a.","None",,,4,"n.a.",,,"Audio tape",
350,"Longman Preparation course for the TOEFL cassette 2","Deborah Phillips","Audio tape","n.a.","None",,,4,"n.a.",,,"Audio tape",
351,"Tele-story Learning about the Zoo","No Author","Audio tape","n.a.","None",,,4,"n.a.",,,"Audio tape",
352,"Operation Janus Car thieves, Detectives from Scotland Yard, Mr Punch","No Author","Audio tape","n.a.","None",,,4,"n.a.",,,"Audio tape",
353,"Samson and Delilah-the superscope tele-story","No Author","Audio tape","n.a.","None",,,4,"n.a.",,,"Audio tape",
354,"Six American Stories wakefield, The murders in the rue morgue, the Aspern Papers","edited by Norman Wymer","Audio tape","n.a.","None",,,4,"n.a.",,,"Audio tape",
355,"Pele King of Football – Garry's First Season","No Author","Audio tape","n.a.","None",,,4,"n.a.",,,"Audio tape",
356,"Sleeping beauty, the superscope tele-story","No Author","Audio tape","n.a.","None",,,4,"n.a.",,,"Audio tape",
357,"Export English","No Author","Audio tape","BBC English","None",,,4,"n.a.",,,"Audio tape",
358,"It never snows in England","No Author","Audio tape","Longman","None",,,4,"n.a.",,,"Audio tape",
359,"K's First Case","No Author","Audio tape","Longman  ","None",,,4,"n.a.",,,"Audio tape",
360,"blue moon valley/marcel and the white star/tinker farm/the troy stone","No Author","Audio tape","Longman","None",,,4,"n.a.",,,"Audio tape",
361,"Survival English Cassette Two dialogs variety of accents listening activities","No Author","Audio tape","n.a.","None",,,4,"n.a.",,,"Audio tape",
362,"New Covenant","No Author","Audio tape","n.a.","None",,,4,"n.a.",,,"Audio tape",
363,"PET Practice tests cassette 1 tests 1-3","No Author","Audio tape","n.a.","None",,,4,"n.a.",,,"Audio tape",
364,"Basic survival Cassette one","No Author","Audio tape","n.a.","None",,,4,"n.a.",,,"Audio tape",
365,"Inspector Thackeray Calls","No Author","Audio tape","Longman","None",,,4,"n.a.",,,"Audio tape",
366,"Think First certificate self-study guide cassette","No Author","Audio tape","Longman","None",,,4,"n.a.",,,"Audio tape",
367,"The thirty nine steps","John Buchan","Audio tape","n.a.","None",,,4,"n.a.",,,"Audio tape",
368,"Learning my 123's a treasure hunt","No Author","Audio tape","n.a.","None",,,4,"n.a.",,,"Audio tape",
369,"More Funny stories","No Author","Audio tape","Ao Livro Tecnico S/A Industria e Comercio","None",,,4,"n.a.",,,"Audio tape",
370,"Bambi walt disney","No Author","Audio tape","n.a.","None",,,4,"n.a.",,,"Audio tape",
371,"Laughter is still the best medicine","No Author","Audio tape","n.a.","None",,,4,"n.a.",,,"Audio tape",
372,"The house near the sea/green island/the prisoners/the flying spy","No Author","Audio tape","n.a.","0-582-79050-6",,,4,"n.a.",,,"Audio tape",
373,"lucia rp.1","No Author","Audio tape","n.a.","None",,,4,"n.a.",,,"Audio tape",
374,"Carolyn graham jazz chant fairy tales cassette 2","No Author","Audio tape","n.a.","None",,,4,"n.a.",,,"Audio tape",
375,"lucia rp.","No Author","Audio tape","n.a.","None",,,4,"n.a.",,,"Audio tape",
376,"The fox and the hound walt disney story teller","No Author","Audio tape","n.a.","None",,,4,"n.a.",,,"Audio tape",
377,"Funny stories","No Author","Audio tape","n.a.","None",,,4,"n.a.",,,"Audio tape",
378,"Tape 2 toefl Cambridge","No Author","Audio tape","n.a.","None",,,4,"n.a.",,,"Audio tape",
379,"Mother Goose jazz chants","No Author","Audio tape","n.a.","None",,,4,"n.a.",,,"Audio tape",
380,"The loch ness monster 7 sketches","No Author","Audio tape","n.a.","None",,,4,"n.a.",,,"Audio tape",
381,"Thumbelina walt disney storyteller","No Author","Audio tape","n.a.","None",,,4,"n.a.",,,"Audio tape",
382,"Snow white and the seven dwarfs","No Author","Audio tape","n.a.","None",,,4,"n.a.",,,"Audio tape",
383,"Book three english plus","Cordelia canabrava arruda","Audio tape","n.a.","None",,,4,"n.a.",,,"Audio tape",
384,"lisa in london","paul victor","Audio tape","n.a.","None",,,4,"n.a.",,,"Audio tape",
385,"growing up english in a yound context 3","No Author","Audio tape","n.a.","None",,,4,"n.a.",,,"Audio tape",
386,"main tape part B orig.","No Author","Audio tape","n.a.","None",,,4,"n.a.",,,"Audio tape",
387,"on the road island of the volcanoes","No Author","Audio tape","n.a.","None",,,4,"n.a.",,,"Audio tape",
388,"David copperfield","Charles Dickens","Audio tape","n.a.","None",,,4,"n.a.",,,"Audio tape",
389,"Five Star  English for the hotel and tourist industry","No Author","Audio tape","n.a.","None",,,4,"n.a.",,,"Audio tape",
390,"Experiences of Terror","edited by Roland John","Audio tape","n.a.","None",,,4,"n.a.",,,"Audio tape",
391,"Music 95","No Author","Audio tape","n.a.","None",,,4,"n.a.",,,"Audio tape",
392,"basic survival cassette two","No Author","Audio tape","n.a.","None",,,4,"n.a.",,,"Audio tape",
393,"new dynamic english 1","No Author","Audio tape","n.a.","None",,,4,"n.a.",,,"Audio tape",
394,"4 honey falando ate sidney(honey angela)","No Author","Audio tape","n.a.","None",,,4,"n.a.",,,"Audio tape",
395,"music  ","No Author","Audio tape","n.a.","None",,,4,"n.a.",,,"Audio tape",
396,"music tape 1 copy 1","No Author","Audio tape","n.a.","None",,,4,"n.a.",,,"Audio tape",
397,"Muzzy The BBC language course for children","No Author","Video Tape","n.a.","None",,,5,"n.a.",,,"Video Tape para vender",
398,"Muzzy Comes back Level II","No Author","Video Tape","n.a.","None",,,5,"n.a.",,,"Video Tape para vender",
399,"Muzzy Comes back Level II","No Author","Video Tape","n.a.","None",,,5,"n.a.",,,"Video Tape para vender",
400,"Methode Orange 3 ","Hachette ","Book Francais Langue etrangere","francais langue etrangere","2.01.003359.0",,,5,159,,,,
400,"Methode Orange 3 ","Hachette ","Book Francais Langue etrangere","francais langue etrangere","2.01.003359.0",,,5,159,,,,
400,"Methode Orange 3 ","Hachette ","Book Francais Langue etrangere","francais langue etrangere","2.01.003359.0",,,5,159,,,,
403,"In Italiano A handbook for Comparison and Constrast for English Speaking students","Laura Alcini/Marilyn Melchiori Rossi & A Chiuchiu-F. Minciarelli-M. Silvestrini","Italian Textbook","Edizioni Guerra – Perugia","88-7715-060-2",,,5,251,,,,
404,"In Italiano corso Multimediale di lingua e civilta a livello elementare e avanzato 1","Angelo chiuchiu- Fausto Minciarelli- Marcello Silvestrini","Italian Textbook","Edizioni Guerra – Perugia","88-7715-013-0",,,5,"272 plus ap. & In.",,,,
404,"In Italiano corso Multimediale di lingua e civilta a livello elementare e avanzato 2","Angelo chiuchiu- Fausto Minciarelli- Marcello Silvestrini","Italian Textbook","Edizioni Guerra – Perugia","88-7715-013-0",,,5,"556 plus ap. & In.",,,,
406,"Muzzy Original tape","No Author","Video Tape","BBC English","None",,,5,"n.a.",,,"Video Tape para vender",
407,"In Italiano corso di lingua e civilta a livello inizialle e avanzato 1","A chiuchiu- F Minciarelli-M. Silvestrini","Audio tape","Edizioni guerra – Perugia","None",,,5,"n.a.",,,"Audio tape",
408,"In Italiano corso di lingua e civilta a livello inizialle e avanzato 2","A chiuchiu- F Minciarelli-M. Silvestrini","Audio tape","Edizioni guerra – Perugia","None",,,5,"n.a.",,,"Audio tape",
409,"In Italiano corso di lingua e civilta a livello inizialle e avanzato 3","A chiuchiu- F Minciarelli-M. Silvestrini","Audio tape","Edizioni guerra – Perugia","None",,,5,"n.a.",,,"Audio tape",
410,"In Italiano corso di lingua e civilta a livello inizialle e avanzato 4","A chiuchiu- F Minciarelli-M. Silvestrini","Audio tape","Edizioni guerra – Perugia","None",,,5,"n.a.",,,"Audio tape",
411,"Book Four English Plus","Cordelia Canabrava Arruda","Audio tape","Editora Scipione","None",,,5,"n.a.",,,"Audio tape",
412," Skits/ Fly Soup etc.","none","Audio tape","none","None",,,5,"n.a.",,,"Audio tape",
413,"Around town  1-44","none","Audio tape","none","None",,,5,"n.a.",,,"Audio tape",
414,"Skits H-End","none","Audio tape","none","None",,,5,"n.a.",,,"Audio tape",
415,"Chariots of Fire Level 2","W J Weatherby","Audio tape","Collins English Library","None",,,5,"n.a.",,,"Audio tape",
416,"Songs and Rhymes for the Teaching of English","Dakin","Audio tape","Ao Livro Tecnico S/A Industria e Comercio","None",,,5,"n.a.",,,"Audio tape",
417,"Around town 1-44 original","none","Audio tape","Longman","None",,,5,"n.a.",,,"Audio tape",
418,"Follow me to S. Francisco","none","Audio tape","none","None",,,5,"n.a.",,,"Audio tape",
419,"Daniel in the Lions Den The superscope tele-story","none","Audio tape","superscope, Inc.","None",,,5,"n.a.",,,"Audio tape",
420,"So far...(cover will show sleeping beauty/emperor's new clothes)","none","Audio tape","none","None",,,5,"n.a.",,,"Audio tape",
421,"Skits 1-86","none","Audio tape","none","None",,,5,"n.a.",,,"Audio tape",
422,"speak up March 1988","none","Audio tape","none","None",,,5,"n.a.",,,"Audio tape",
423,"Around town  1-44","none","Audio tape","Longman Inc.","None",,,5,"n.a.",,,"Audio tape",
424,"Everyday Dialogs 1-25","none","Audio tape","none","None",,,5,"n.a.",,,"Audio tape",
425,"LSR Stage I Detectives From Scotland Yard Mr. Punch","none","Audio tape","Longman group Ltd.","None",,,5,"n.a.",,,"Audio tape",
426,"PET Preparation and Practice ","Ann Ward","Audio tape","Oxford","0-19-453448-0",,,5,"n.a.",,,"Audio tape",
427,"Listening in and speaking out intermediate","none","Audio tape","longman Inc.","None",,,5,"n.a.",,,"Audio tape",
428,"LSR – Adventure – Stage 2 Girl Against the Jungle","none","Audio tape","Ao Livro Tecnico S/A Industria e Comercio","None",,,5,"n.a.",,,"Audio tape",
429,"Propaganda 1995","none","Audio tape","none","None",,,5,"n.a.",,,"Audio tape",
430,"Family Album Lucia N de Sa Sauerbrunn 1a 3b","none","Audio tape","none","None",,,5,"n.a.",,,"Audio tape",
431,"Dippitydoo  ","Shila Ward","Audio tape Songs 1-23 ","Ao Livro Tecnico S/A Industria e Comercio","None",,,5,"n.a.",,,"Audio tape",
432,"The Toirtoise and the Hare","none","Audio tape","Superscope, Inc.","None",,,5,"n.a.",,,"Audio tape",
433,"Tell Tale Heart/Bolinas Plain 12","none ","Audio tape","none","None",,,5,"n.a.",,,"Audio tape",
434,"Higher English Learning Program Units 3 and 4","none","Audio tape","none","None",,,5,"n.a.",,,"Audio tape",
435,"Time for English ","Amadeus Marques","Audio Tape cancoes","Editora Atica","None",,,5,"n.a.",,,"Audio tape",
436,"no name","none","Audio tape","none","None",,,5,"n.a.",,,"Audio tape",
437,"Love Henry's voice HL","Henry Sauerbrunn","Audio tape","English Toefl","None",,,5,"n.a.",,,"Audio tape",
438,"Nightmare tape 2","none","Audio tape","none","None",,,5,"n.a.",,,"Audio tape",
439,"The wizard of OZ Spellbinder Tapes","none","Audio tape","The cutting studios, inc 1974","None",,,5,"n.a.",,,"Audio tape",
440,"Communicate test to end","none","Audio tape","none","None",,,5,"n.a.",,,"Audio tape",
441,"Hallowed be Thy name","Dr. Schaup","Audio tape","none","None",,,5,"n.a.",,,"Audio tape",
442,"lucia","none","Audio tape","none","None",,,5,"n.a.",,,"Audio tape",
443,"Read 6 a.m.","Henry Sauerbrunn","Audio tape","none","None",,,5,"n.a.",,,"Audio tape",
444,"LSR-Stage I The Mystery of the Loch Ness Monster Seven Sketches","none","Audio tape","none","None",,,5,"n.a.",,,"Audio tape",
445,"sometimes","none ","Audio tape","none","None",,,5,"n.a.",,,"Audio tape",
446,"no name","none ","Audio tape","none","None",,,5,"n.a.",,,"Audio tape",
447,"Curso BBC Follow Me Boxes 1-8","none","Video Tape-O metodo de Ingles do seculo XXI","none","None",,,6,"n.a.",,,"Video Tape para vender",
448,"Die Schwarze Insel","Herge","Tintin Book","Carlsen Comics","3-551-01515-5",,,7,62,,,,
449,"Die Zigarren des Pharaos","Herge","Tintin Book","Carlsen Comics","3-551-01505-8",,,7,62,,,,
450,"Tim in Amerika","herge","Tintin Book","Carlsen Comics","3-551-01519-3",,,7,62,,,,
451,"Im Reiche des Schwarzen Goldes","Herge","Tintin Book","Carlsen Comics","3-551-01506-6",,,7,62,,,,
452,"Flug 714 Nach Sydney","herge","Tintin Book","Carlsen Comics","3-551-01516-3",,,7,62,,,,
453,"Tim in Tibet","Herge","Tintin Book","Carlsen Comics","3-551-01509-0",,,7,62,,,,
454,"Das Geheimnis Einhorn","Herge","Tintin Book","Carlsen Comics","3-551-01511-2",,,7,62,,,,
455,"Der Fall Bienlein","Herge","Tintin Book","Carlsen Comics","3-551-01510-4",,,7,62,,,,
456,"Der Schatz Rackhams des Roten","Herge","Tintin Book","Carlsen comics","3-551-01512-0",,,7,62,,,,
457,"Tim und der Haifischsee","Herge","Tintin Book","Carlsen Comics","3-551-01530-9",,,7,62,,,,
458,"Konig Ottokars Zepter","Herge","Tintin Book","Carlsen Comics","3-551-01502-3",,,7,62,,,,
459,"Tim Im Kongo","Herge","Tintin Book","Carlsen Comics","3-551-01521-X",,,7,62,,,,
460,"Schritte Auf Dem Mond","Herge","Tintin Book","Carlsen Comics","3-551-01508-2",,,7,62,,,,
461,"Der Arumbaya Fetisch","Herger","Tintin Book","Carlsen Comics","3-551-01518-X",,,7,62,,,,
462,"Die Sieben Kristallkugeln","Herge","Tintin Book","Carlsen Comics","3-551-01503-1",,,7,62,,,,
463,"Kohle An Bord","Herge","Tintin Book","Carlsen Comics","3-551-01513-9",,,7,62,,,,
464,"Reiseziel Mond","Herge","Tintin Book","Carlsen Comics","3-551-01507-4",,,7,62,,,,
465,"Der Sonnentempel","Herge","Tintin Book","Carlsen comics","3-551-01504-X",,,7,62,,,,
466,"Die Juwelen Der Sangerin","Herge","Tintin Book","Carlsen Comics","3-551-01514-7",,,7,62,,,,
467,"Die Krabbe mit den Goldenen Scheren","Herge","Tintin Book","Carlsen Comics","3-551-01517-1",,,7,62,,,,
468,"O caranguejo das Tenazes de Ouro","Herge","Tintin Book","Carlsen Comics","None",,,7,62,,,,
469,"Les 7 Boules De Cristal","Herge","Tintin Book","Casterman","2-203-00112-7",,,7,62,,,,
470,"Tim und die Picaros","Herge","Tintin Book","Carlsen Comics","3-551-01522-8",,,7,62,,,,
471,"Stock de Coque","Herge","Tintin Book","Juventud","84-261-1003-7",,,7,62,,,,
472,"Der Blaue Lotos","Herge","Tintin Book","Carlsen Comics","3-551-01520-1",,,7,62,,,,
473,"Geheimnisvolle Stern","herge","Tintin Book","Carlsen Comics","3-551-01501-5",,,7,62,,,,
474,"La Estrella Misteriosa","Herge","Tintin Book","Juventud","84-261-0965-9",,,7,62,,,,
475,"El Secreto del Unicornio","Herge","Tintin book","Juventud","84-261-0276-X",,,7,62,,,,
476,"El Cangrejo de las pinzas de Oro","Herge","Tintin Book","Juventud","84-261-1046-0",,,7,62,,,,
477,"El Tesoro de Rackham El Rojo","Herge","Tintin Book","Juventud","84-261-1036-3",,,7,62,,,,
478,"Le Crabe Aux Pinces D'Or","Herge","Tintin Book","Casterman","2-203-00108-9",,,7,62,,,,
479,"Vol 714 Pour Sydney","Herge","Tintin Book","Casterman","2-203-00121-6",,,7,62,,,,
480,"El Asunto Tornasol","Herge","Tintin Book","Juventud","84-261-0381-2",,,7,62,,,,
481,"Tintin en el Tibet","Herge","Tintin Book","Juventud","84-261-0382-0",,,7,62,,,,
482,"El Loto Azul","Herge","Tintin Book","Juventud","84-261-0926-8",,,7,62,,,,
483,"El Templo del Sol","Herge","Tintin Book","Juventud","84-261-0837-7",,,7,62,,,,
484,"Las Joyas de la Castafiore","Herge","Tintin Book","Juventud","84-261-0383-9",,,7,62,,,,
485,"Vuelo 714 Para Sidney","Herge","Tintin Book","Juventud","84-261-1007-X",,,7,62,,,,
486,"Tintin en el Congo","Herge","Tintin Book","Juventud","84-261-0778-8",,,7,62,,,,
487,"L'ile Noire","Herge","Tintin Book","Casterman","2-203-00106-2",,,7,62,,,,
488,"Les Cigares du Pharaon","Herge","Tintin Book","Casterman","2-203-00103-8",,,7,62,,,,
489,"En El Pais del Oro Negro","Herge ","Tintin Book","Juventud","84-261-0278-6",,,7,62,,,,
490,"La Isla Negra","Herge","Tintin Book","Juventud","84-261-5527-8",,,7,62,,,,
491,"Las 7 Bolas de Cristal","Herge","Tintin Book","Juventud","84-261-0277-8",,,7,62,,,,
492,"La Oreja Rota","Herge","Tintin Book","Juventud","84-261-0274-3",,,7,62,,,,
493,"Methode Orange 3 ","Hachette ","Francais Langue etrangere","Francais langue etrangere","2-01-007406-8",,,7,128,,,,
494,"Mom's Funeral","none ","Personal Video Tape ","none","None",,,8,"n.a.",,,"Video Tape",
494,"Carnaval e Hino Nacional","none ","Personal Video Tape ","none","None",,,8,"n.a.",,,"Video Tape",
496,"Students-1987-88/Stand Deliver","none ","Personal Video Tape ","none","None",,,8,"n.a.",,,"Video Tape",
497,"Viaje Al Espanol 47-55","none ","Personal Video Tape ","none","None",,,8,"n.a.",,,"Video Tape",
498,"Viaje Al Espanol 11-19","none ","Personal Video Tape ","none","None",,,8,"n.a.",,,"Video Tape",
499,"MP Spanish Mark and Pablo 3o ano","none ","Personal Video Tape ","none","None",,,8,"n.a.",,,"Video Tape",
500,"Class-IST-3/4/97 -1o","none ","Personal Video Tape ","none","None",,,8,"n.a.",,,"Video Tape",
501,"English Toefl 'original' Date: 18.05.90","none ","Personal Video Tape ","none","None",,,8,"n.a.",,,"Video Tape",
502,"Eugenia- English Programs","none ","Personal Video Tape ","none","None",,,8,"n.a.",,,"Video Tape",
503,"A little Something about Edowado Sensei","none ","Personal Video Tape ","none","None",,,8,"n.a.",,,"Video Tape",
504,"Family 1984-1991","none ","Personal Video Tape ","none","None",,,8,"n.a.",,,"Video Tape",
505,"Viaje Al Espanol 20-28","none ","Personal Video Tape ","none","None",,,8,"n.a.",,,"Video Tape",
506,"4/5/95 – Aula Recup 1o","none ","Personal Video Tape ","none","None",,,8,"n.a.",,,"Video Tape",
507,"no name","none ","Personal Video Tape ","none","None",,,8,"n.a.",,,"Video Tape",
508,"Trip to U.S, I","none ","Personal Video Tape ","none","None",,,8,"n.a.",,,"Video Tape",
509,"KGR 8/ L.A. 48/BE 3.2/SPN 12L/FR 27 B5","none ","Personal Video Tape ","none","None",,,8,"n.a.",,,"Video Tape",
510,"1992 Certificates","none ","Personal Video Tape ","none","None",,,8,"n.a.",,,"Video Tape",
511,"Prof. Henrique Guia Politico","none ","Personal Video Tape ","none","None",,,8,"n.a.",,,"Video Tape",
512,"Petrolina Rio S. Fran/Imigrantes","none ","Personal Video Tape ","none","None",,,8,"n.a.",,,"Video Tape",
513,"Alles Gute","none ","Personal Video Tape ","none","None",,,8,"n.a.",,,"Video Tape",
514,"Action Stories/Children's Course","none ","Personal Video Tape ","none","None",,,8,"n.a.",,,"Video Tape",
515,"E.T. 1989","none ","Personal Video Tape ","none","None",,,8,"n.a.",,,"Video Tape",
516,"Trip to U.S. II","none ","Personal Video Tape ","none","None",,,8,"n.a.",,,"Video Tape",
517,"19 May 2000 E.T. Party 26 years/19 may 2000","none ","Personal Video Tape ","none","None",,,8,"n.a.",,,"Video Tape",
518,"no name","none ","Personal Video Tape ","none","None",,,8,"n.a.",,,"Video Tape",
519,"ET – English + TOEFL [lyrics] Video clips- Music Selection","none ","Personal Video Tape ","none","None",,,8,"n.a.",,,"Video Tape",
520,"Ter/Qui/ Manha 1o ano The kid/P. Pup etc","none ","Personal Video Tape ","none","None",,,8,"n.a.",,,"Video Tape",
521,"Natal, Ano Novo e muito mais does seus filhos querido. Pablo, Eugenia, Mark","none ","Personal Video Tape ","none","None",,,8,"n.a.",,,"Video Tape",
522,"Family III","none ","Personal Video Tape ","none","None",,,8,"n.a.",,,"Video Tape",
523,"E.T.  ","none ","Personal Video Tape ","none","None",,,8,"n.a.",,,"Video Tape",
524,"Lucia Nunes Sa Sauerbrunn","none ","Personal Video Tape ","none","None",,,8,"n.a.",,,"Video Tape",
525,"Family I ","none ","Personal Video Tape ","none","None",,,8,"n.a.",,,"Video Tape",
526,"Muzzy II- compact","none ","Personal Video Tape ","none","None",,,8,"n.a.",,,"Video Tape",
527,"no name","none ","Personal Video Tape ","none","None",,,8,"n.a.",,,"Video Tape",
528,"Todos nos tambem/15 anos de Milena filha de Fatima Dr Mucio/ Juazeiro BA","none ","Personal Video Tape ","none","None",,,8,"n.a.",,,"Video Tape",
529,"Sherlock Holmes the Woman in Green Starring Basil Rathbone/Nigel Bruce","none ","Personal Video Tape ","none","None",,,8,"n.a.",,,"Video Tape",
530,"Modern Times ","none ","Personal Video Tape ","none","None",,,8,"n.a.",,,"Video Tape",
531,"Viaje Al Espanol 56-64","none ","Personal Video Tape ","none","None",,,8,"n.a.",,,"Video Tape",
532,"Entrega Diplomas-English Toefl-Original 15/05/92","none ","Personal Video Tape ","none","None",,,8,"n.a.",,,"Video Tape",
533,"Festa dos Destaques","none ","Personal Video Tape ","none","None",,,8,"n.a.",,,"Video Tape",
534,"Family II (tou horrivel aqui)","none ","Personal Video Tape ","none","None",,,8,"n.a.",,,"Video Tape",
535,"Viaje al espanol 65","none ","Personal Video Tape ","none","None",,,9,"n.a.",,,"Video Tape",
536,"Muzzy   German","none ","Video Tape","BBC English","None",,,9,"n.a.",,,"Video Tape para vender",
537,"Muzzy II German","none ","Video Tape","none","None",,,9,"n.a.",,,"Video Tape para vender",
538,"Muzzy Italian","none ","Video Tape","none","None",,,9,"n.a.",,,"Video Tape para vender",
539,"Muzzy II Italian","none ","Video Tape","none","None",,,9,"n.a.",,,"Video Tape para vender",
540,"Connect With English 1-48 (7 tapes)","none ","Personal Video Tape ","none","None",,,9,"n.a.",,,"Book",
541,"Petite Histoire de la Langue Francaise Des Origines a la Revolution","Armand Colin","Book  ","Librairie Armand Colin","None",,,9,292,,,"Book",
542,"Themen 2 Lerhwerk fur Deutsch als Fremdsprache","Hueber","Book  ","Editora Pedagogica e universitaria","3-19-021372-0",,,9,143,,,"Book",
543,"Follow Through","Nick McIver","Book  ","BBC English","0-946675-05-8",,,9,168,,,,
544,"Family U.S.A Video English Course 14-17","none","Video Tape","Apel","None",,,10,"n.a.",,,"Video Tape",
545,"Follow Through ( 4 video tape boxes)","none","Video Tape","BBC English","None",,,10,"n.a.",,,"Video Tape (4)",
546,"Bid For Power BBC English Video Course (4 video tape boxes)","none","Video Tape","BBC English","None",,,10,"n.a.",,,"Video Tape(4)",
547,"The Learnables English Book 3/Book 4","Harris Winitz","Audio Tape  ","International Linguistics Corporation","None",,,11,"n.a.",,,"Audio Tape(10)",
548,"The Learnables English Book 1/Book 2","Harris Winitz","Audio Tape  ","International Linguistics Corporation","None",,,11,"n.a.",,,"Audio Tape(11)",
549,"As Ideias de Chomsky","John Lyons","Book  ","Mestres da modernidade","None",,,11,121,,,"Para vender",
550,"Primary Level A Bridge to communication","none","Folder","Santillana","1-56014-251-0",,,11,50,,,"folder",
551,"Man the Tool-Maker","Kenneth P. Oakley","Book  ","Phoenix Books","None",,,11,159,,,"Para vender",
552,"The Command Book","Stephen Mark Silvers","Book  ","Sky Oaks Production, Inc.","0-940296-58-6",,,11,312,,,"Book",
553,"Dicionario de Giria e Ingles coloquial","Fernando B Ximenes","Book  ","Ediouro","None",,,11,109,,,"Book",
554,"The Kon-tiki Expedition","Thor Heyerdahl","Longman Structural Readers Stage 6","Longman","0-582-53776-2",,,11,95,,,"Book",
555,"Dicionario de Linguistica e Gramatica","J. Mattosa Camara Jr.","Book  ","Vozes","None",,,11,266,,,,
556,"The Thirty-Nine Steps","John Buchan","Longman Structural Readers Stage 4","Longman","0-582-53752-5",,,11,90,,,,
557,"Maise and the Dolphin(2 BOOKS)","Stephen Rabley","Easy Starts","Longman","0-582-03148-6",,,11,16,,,"2 BOOKS",
558,"Elvis Presley King of Rock n' Roll","Jeremy Harmer","Longman Structural Readers Stage 1","Longman","0-582-53041-5",,,11,16,,,,
559,"The Mystery of the Lock Ness Monster","Leslie Dunkling","Longman Structural Readers Stage 1","Longman","0-582-52514-4",,,11,16,,,,
560,"Lado English Series","Robert Lado","New Edition Lado English Series","Prentice Hall Regents","0-13-522004-1",,,11,172,,,,
561,"Around Town   ","Michael Ockenden/Timothy Jones","Situational Conversation Practice","Longman","0-582-79769-1",,,11,96,,,,
562,"Mogli O menino lobo","none","Disney ","Abril","None",,,11,24,,,,
563,"Frankenstein","none","Regents Illustrated Classics","Regents Publishing Company, Inc.","0-88345-467-X",,,11,62,,,,
564,"A Christmas Carol","Charles Dickens","Reading and Training","Editora Scipione","85-262-3213-4",,,11,128,,,,
565,"The Scottish Curse","Susan Hulley","English Readers","FTD","None",,,11,32,,,,
566,"Um Beija Flor Mora na Lua","Fernando Lobo","Book  ","Arco da Velha","None",,,11,43,,,"Para vender",
567,"Cabra das Rocas","Homero Homem","Book  ","Eclipse Books","85-08-00095-2",,,11,94,,,"Para vender",
568,"A Pata da Onca","Jannart Moutinho Ribeiro","Book  ","Edicoes Melhoramentos","None",,,11,31,,,,
569,"The Super Fly","Susan Hulley","Book  ","English FTD Readers","None",,,11,32,,,,
570,"The Creation of Guarana","Steve and Maria Yolen","Brazilian Legends Series","FTD","None",,,11,24,,,,
571,"Skull Friends","Amadeus Marques","Livro do professor","Shakespeare Road","85-08-04251-5",,,11,32,,,,
572,"Contos Divertidos","Guillerme Tell","Book  ","AGIR","None",,,11,27,,,,
573,"The Sea Star","Celia Wolff","Book  ","FTD","None",,,11,16,,,,
574,"Rudolph and Rocky","Celia Wolff","Book  ","FTD","None",,,11,32,,,,
575,"The Haunted River","Steve and Maria Yolen","Book  ","FTD","None",,,11,32,,,,
576,"Take a Stand","Alexander, Kingsbury, Chapman","Book  ","Longman, Inc","0-582-79721-7",,,11,62,,,,
577,"Cordial 5 Essential","Correcteur Grammatical de la langue Francaise","Book  ","Synapse Development","None",,,11,15,,,,
578,"Worth a Fortune","LG Alexander","Longman Structural Readers Stage 2","Longman","0-582-53721-5",,,11,32,,,,
579,"Pop Festival","Ian Serraillier","Longman Structural Readers Stage 2","Longman","0-582-53174-2",,,11,32,,,,
580,"Who Wants to be a Star","Margaret Iggulden","Easy Starts","Longman","0-582-03150-8",,,11,16,,,,
581,"Lisa in london","Paul Victor","Longman Structural Readers Stage 1","Longman","0-582-53347-3",,,11,16,,,,
582,"Marcel and the White Star","Stephen Rabley","Easy Starts","Longman","0-582-04610-6",,,11,16,,,,
583,"General Science","Martin Bates/Tony Dudley-Evans","Nucleus English for Science and Technology","Longman","0-582-51300-6",,,11,122,,,"Para vender",
584,"Girl Against the Jungle","Monica Vincent","Book  ","Longman","0-582-53729-0",,,11,32,,,,
585,"Tinkers Island","Stephen Rabley","Easy Starts","Longman","0-582-03149-4",,,11,16,,,,
586,"A pequena Princesa","Frances H. Burnett","Book  ","Edicoes de Ouro","None",,,11,141,,,"Para vender",
587,"The Swiss Family Robinson","Jonathan Wyss","Book  ","Longman","0-582-53445-3",,,11,76,,,,
588,"Wuthering Heights","Emily Bronte  ","Book  ","Collins English Library","0-00-370086-0",,,11,119,,,,
589,"Where Eagles Dare","Alistair MacLean","Book  ","Collins English Library","0-00-370096-8",,,11,96,,,,
590,"True or Not","G.C. Thornley","Book  ","Longman","0-582-53191-8",,,11,90,,,,
591,"The Lost Love and other stories ","Jan Carew","Longman Structural Readers Stage 2","Longman","0-582-53690-1",,,11,28,,,,
592,"Green Island","Anthony Eyre","Longman Structural Readers Stage 1","Longman","0-582-53703-7",,,11,16,,,,
593,"Have you got your ticket?","Ian Serraillier","Longman Structural Readers Stage 2","Longman","0-582-53727-4",,,11,32,,,,
594,"K's First Case","LG Alexander","Longman Structural Readers Stage 2","Longman","0-582-53730-4",,,11,61,,,,
595,"On the road  ","Donn Byrne","Longman Structural Readers Stage 2","Longman","0-582-53716-9",,,11,31,,,,
596,"Sherlock Holmes and the Dancing Men","A conan Doyle- DK Swan","Longman Structural Readers Stage 1","Longman","0-582-53677-4",,,11,16,,,,
597,"Crescer em Comunhao com o pai","none ","Caderno da crianca","Vozes","85-326-0125-1",,,11,95,,,"Para vender",
598,"The Gold Bug and other Tales","Edgar Allan Poe","Regents Illustrated Classics","Regents Publishing Company, Inc.","0-88345-476-9",,,11,62,,,,
599,"April Fool's Day ","LG Alexander","Longman Structural Readers Stage 2","Longman","0-582-53719-3",,,11,31,,,,
600,"Danger Underground","Alwyn Cox","Ranger Fiction","Macmilan Education","None",,,11,32,,,,
601,"More Funny Stories","L.A. Hill","More funny stories","Oxford University Press","0-19-421772-8",,,11,48,,,,
602,"Guimaraes Rosa","beth Braith","Literatura comentada","Nova Cultural","85-13-00197-X",,,11,146,,,"Para vender",
603,"O morro dos ventos Uivantes","Emily Bronte  ","Imortais da literatura universal","Nova Cultural","85-351-0494-1",,,11,288,,,,
604,"Cartoon Network Precious Pup","none","none","none","None",,,12,"n.a.",,,"Video Tape",
605,"Mark and Pablo Spanish/Henry 3o ano manha","none","none","none","None",,,12,"n.a.",,,"Video Tape",
606,"15 anos de Ana Paula 10/10/1993","none","none","none","None",,,12,"n.a.",,,"Video Tape",
607,"German-Action Stories","none","none","none","None",,,12,"n.a.",,,"Video Tape",
608,"Class 17/4/97 1o","none","none","none","None",,,12,"n.a.",,,"Video Tape",
609,"Bienvenue en France","none","none","none","None",,,12,"n.a.",,,"Video Tape",
610,"Howard's House","none","none","none","None",,,12,"n.a.",,,"Video Tape",
611,"EMP Japanese(after CriancasTerca Feira 51:47","none","none","none","None",,,12,"n.a.",,,"Video Tape",
612,"Entrega do certificado do E.T.","none","none","none","None",,,12,"n.a.",,,"Video Tape",
613,"EMP- compact Spanish, German, Japanese orig.","none","none","none","None",,,12,"n.a.",,,"Video Tape",
614,"Muzzy II Complete","none","none","none","None",,,12,"n.a.",,,"Video Tape",
615,"EPCOT/Disney L/This is my country","none","none","none","None",,,12,"n.a.",,,"Video Tape",
616,"Newweds night court 1o half 12","none","none","none","None",,,12,"n.a.",,,"Video Tape",
617,"Family July 1992","none","none","none","None",,,12,"n.a.",,,"Video Tape",
618,"Painting","none","none","none","None",,,12,"n.a.",,,"Video Tape",
619,"Eugenia Espanhol (copia)","none","none","none","None",,,12,"n.a.",,,"Video Tape",
620,"Classes 1/04/92 (3)","none","none","none","None",,,12,"n.a.",,,"Video Tape",
621,"Amigos 96","none","none","none","None",,,12,"n.a.",,,"Video Tape",
622,"Fita-de limpar Cabecotes em 26-08-03","none","none","none","None",,,12,"n.a.",,,"Video Tape",
623,"IST -Henry (feito)","none","none","none","None",,,12,"n.a.",,,"Video Tape",
624,"Class 1o 10/4/97","none","none","none","None",,,12,"n.a.",,,"Video Tape",
625,"Muzzy I Complete","none","none","none","None",,,12,"n.a.",,,"Video Tape",
626,"Visit to U.S. Compact","none","none","none","None",,,12,"n.a.",,,"Video Tape",
627,"Murphysboro Homecoming 1998 (Pablo)","none","none","none","None",,,12,"n.a.",,,"Video Tape",
628,"Action Stories 1-15/Precious Pup 1998","none","none","none","None",,,12,"n.a.",,,"Video Tape",
629,"Eugenia Spanish orig.","none","none","none","None",,,12,"n.a.",,,"Video Tape",
630,"Family July 1992 Orig.","none","none","none","None",,,12,"n.a.",,,"Video Tape",
631,"Interactive Stories old Version 1-40 Complete","none","none","none","None",,,12,"n.a.",,,"Video Tape",
632,"Tom and Jerry 2 Class","none","none","none","None",,,12,"n.a.",,,"Video Tape",
633,"Murphysboro High School Graduation-class of 1999, 6/10/99","none","none","none","None",,,12,"n.a.",,,"Video Tape",
634,"Precious Pup/The kid/Tom and Jerry/1o Ano(Wed/Mon)Afternoon 15:30-17:00","none","none","none","None",,,12,"n.a.",,,"Video Tape",
635,"Gold Rush/Payday class B","none","none","none","None",,,12,"n.a.",,,"Video Tape",
636,"Classes Eugenia Teach 7/03/1996","none","none","none","None",,,12,"n.a.",,,"Video Tape",
637,"Video in the English Class","none","none","none","None",,,12,"n.a.",,,"Video Tape",
638,"Eugenia Dancando Mark e Pablo Fazendo varias apresentacoes e Vitoria Entrevista","none","none","none","None",,,12,"n.a.",,,"Video Tape",
639,"Love Story Lucia/Henry","none","none","none","None",,,12,"n.a.",,,"Video Tape",
640,"Trip to U.S. III","none","none","none","None",,,12,"n.a.",,,"Video Tape",
641,"Mark -Pablo German Muzzy I Original","none","none","none","None",,,12,"n.a.",,,"Video Tape",
642,"Japanese-Yan Copy 1-14","none","none","none","None",,,12,"n.a.",,,"Video Tape",
643,"Horario Politico Prof Henrique NTSC","none","none","none","None",,,12,"n.a.",,,"Video Tape",
644,"Interactive Stories Copy I","none","none","none","None",,,12,"n.a.",,,"Video Tape",
645,"Muzzy I compact","none","none","none","None",,,12,"n.a.",,,"Video Tape",
646,"Tom and Jerry O festival 2","none","none","none","None",,,12,"n.a.",,,"Video Tape",
647,"O cerebro Humano","none","none","none","None",,,12,"n.a.",,,"Video Tape",
648,"Entre. Certif. 1989","none","none","none","None",,,13,"n.a.",,,"Video Tape",
649,"Precious Pup NTSC Master","none","none","none","None",,,13,"n.a.",,,"Video Tape",
650,"Music 2000 8","none","none","none","None",,,13,"n.a.",,,"Video Tape",
651,"Ray Conniff Henry","none","none","none","None",,,13,"n.a.",,,"Audio Tape ",
652,"The 3 Tenors in Concert 1994","none","none","none","None",,,13,"n.a.",,,"Audio Tape ",
653,"Wish you Were here tonight ","Ray charles","none","none","None",,,13,"n.a.",,,"Audio Tape ",
654,"Musics 4","none","none","none","None",,,13,"n.a.",,,"Audio Tape ",
655,"Music -Lucia","none","none","none","None",,,13,"n.a.",,,"Audio Tape ",
656,"O golpe de mestre","none","none","none","None",,,13,"n.a.",,,"Audio Tape ",
657,"os grandes sucessos de Charles aznavour","none","none","none","None",,,13,"n.a.",,,"Audio Tape ",
658,"Meditacao por Mirna Grzich","none","none","none","None",,,13,"n.a.",,,"Audio Tape ",
659,"Kenny G Breathless","none","none","none","None",,,13,"n.a.",,,"Audio Tape ",
660,"Music No 3","none","none","none","None",,,13,"n.a.",,,"Audio Tape ",
661,"E.T. Musics III","none","none","none","None",,,13,"n.a.",,,"Audio Tape ",
662,"Treasure of 100 Best Loved Hymns","none","none","none","None",,,13,"n.a.",,,"Audio Tape ",
663,"Music -1999 (mast)","none","none","none","None",,,13,"n.a.",,,"Audio Tape ",
664,"Tennessee Ernie Ford.Spirituals","none","none","none","None",,,13,"n.a.",,,"Audio Tape ",
665,"Tamba Tape music","none","none","none","None",,,13,"n.a.",,,"Audio Tape ",
666,"Young English Series-Yes","none","none","none","None",,,13,"n.a.",,,"Audio Tape ",
667,"Reading Literature","none","none","none","None",,,13,"n.a.",,,"Audio Tape ",
668,"Anjos Meditacao por Mirna Grzich","none","none","none","None",,,13,"n.a.",,,"Audio Tape ",
669,"Ray Conniff/Julio Iglesias","none","none","none","None",,,13,"n.a.",,,"Audio Tape ",
670,"Music 3-Master 2","none","none","none","None",,,13,"n.a.",,,"Audio Tape ",
671,"Luciano Pavarotti in Brazil","none","none","none","None",,,13,"n.a.",,,"Audio Tape ",
672,"Anjos Meditacao por Mirna Grzich","none","none","none","None",,,13,"n.a.",,,"Audio Tape ",
673,"Ray Conniff Henry","none","none","none","None",,,13,"n.a.",,,"Audio Tape ",
674,"Top Model music","none","none","none","None",,,13,"n.a.",,,"Audio Tape ",
675,"Maria Betania","none","none","none","None",,,13,"n.a.",,,"Audio Tape ",
676,"Cara e Coroa (int.) music","none","none","none","None",,,13,"n.a.",,,"Audio Tape ",
677,"Mommy Rhymes Mrs Hulda/Lucia/last count 78","none","none","none","None",,,13,"n.a.",,,"Audio Tape ",
678,"Children's Songs","none","none","none","None",,,13,"n.a.",,,"Audio Tape ",
679,"Sing. Rain","none","none","none","None",,,13,"n.a.",,,"Audio Tape ",
680,"Hino Americano","none","none","none","None",,,13,"n.a.",,,"Audio Tape ",
681,"Cyndi Lauper","none","none","none","None",,,13,"n.a.",,,"Audio Tape ",
682,"Movie Greats","none","none","none","None",,,13,"n.a.",,,"Audio Tape ",
683,"Music Tape 3 – Original","none","none","none","None",,,13,"n.a.",,,"Audio Tape ",
684,"E.T. Musics 1","none","none","none","None",,,13,"n.a.",,,"Audio Tape ",
685,"Music – 1994 (A)","none","none","none","None",,,13,"n.a.",,,"Audio Tape ",
686,"Soft Rock 2","none","none","none","None",,,13,"n.a.",,,"Audio Tape ",
687,"A casual conversation","none","none","none","None",,,13,"n.a.",,,"Audio Tape ",
688,"Dr. Augusto Coelho","none","none","none","None",,,13,"n.a.",,,"Audio Tape ",
689,"If you feel like singing","none","none","none","None",,,13,"n.a.",,,"Audio Tape ",
690,"Cert. Music","none","none","none","None",,,13,"n.a.",,,"Audio Tape ",
691,"Musica Orq.","none","none","none","None",,,13,"n.a.",,,"Audio Tape ",
692,"Music I Main file","none","none","none","None",,,13,"n.a.",,,"Audio Tape ",
693,"Treasury of 100 Best loved Hymns","none","none","none","None",,,13,"n.a.",,,"Audio Tape ",
694,"Meditacao por Mirna Grzich","none","none","none","None",,,13,"n.a.",,,"Audio Tape ",
695,"Every Breth","none","none","none","None",,,13,"n.a.",,,"Audio Tape ",
696,"Willie N.","none","none","none","None",,,13,"n.a.",,,"Audio Tape ",
697,"Feelings","none","none","none","None",,,13,"n.a.",,,"Audio Tape ",
698,"Nat King Cole","none","none","none","None",,,13,"n.a.",,,"Audio Tape ",
699,"Getulio Vargas","none","none","none","None",,,13,"n.a.",,,"Audio Tape ",
700,"Gabasha Reessie","none","none","none","None",,,13,"n.a.",,,"Audio Tape ",
701,"Richard Clayd.","none","none","none","None",,,13,"n.a.",,,"Audio Tape ",
702,"Cristy Lane/Christmas Gold","none","none","none","None",,,13,"n.a.",,,"Audio Tape ",
703,"Music  ","none","none","none","None",,,13,"n.a.",,,"Audio Tape ",
704,"Music III Main File Orig.","none","none","none","None",,,13,"n.a.",,,"Audio Tape ",
705,"Thank God for Heaven (Side 1)","none","none","none","None",,,13,"n.a.",,,"Audio Tape ",
706,"Beatles Hits","none","none","none","None",,,13,"n.a.",,,"Audio Tape ",
707,"Family Album","none","none","none","None",,,13,"n.a.",,,"Audio Tape ",
708,"Music Sel. 1","none","none","none","None",,,13,"n.a.",,,"Audio Tape ",
709,"empty eat fish","none","none","none","None",,,13,"n.a.",,,"Audio Tape ",
710,"Children's Songs","none","none","none","None",,,13,"n.a.",,,"Audio Tape ",
711,"My Pillow","none","none","none","None",,,13,"n.a.",,,"Audio Tape ",
712,"Music  ","none","none","none","None",,,13,"n.a.",,,"Audio Tape ",
713,"Religious","none","none","none","None",,,13,"n.a.",,,"Audio Tape ",
714,"New Horizons in English","none","none","none","None",,,13,"n.a.",,,"Audio Tape ",
715,"Music  ","none","none","none","None",,,13,"n.a.",,,"Audio Tape ",
716,"New Horizons in English","none","none","none","None",,,13,"n.a.",,,"Audio Tape ",
717,"Music Program","none","none","none","None",,,13,"n.a.",,,"Audio Tape ",
718,"Young English Series-Yes","none","none","none","None",,,13,"n.a.",,,"Audio Tape ",
719,"New Horizons in English unit 2","none","none","none","None",,,13,"n.a.",,,"Audio Tape ",
720,"English For Children Yes B p. 32","none","none","none","None",,,13,"n.a.",,,"Audio Tape ",
721,"Young English Series – Yes Book D","none","none","none","None",,,13,"n.a.",,,"Audio Tape ",
722,"New Horizons in English unit 11","none","none","none","None",,,13,"n.a.",,,"Audio Tape ",
723,"New Horizons in English unit 4a","none","none","none","None",,,13,"n.a.",,,"Audio Tape ",
724,"New Horizons in English Unit 1 ","none","none","none","None",,,13,"n.a.",,,"Audio Tape ",
725,"Young English Series. Yes book F","none","none","none","None",,,13,"n.a.",,,"Audio Tape ",
726,"New Horizons in English units 3-4","none","none","none","None",,,13,"n.a.",,,"Audio Tape ",
727,"New Horizons in English units 1-2","none","none","none","None",,,13,"n.a.",,,"Audio Tape ",
728,"New Horizons in English unit 6","none","none","none","None",,,13,"n.a.",,,"Audio Tape ",
729,"New Horizons in English unit 9","none","none","none","None",,,13,"n.a.",,,"Audio Tape ",
730,"Young English Series – Yes Book E","none","none","none","None",,,13,"n.a.",,,"Audio Tape ",
731,"Young English Series – Yes C","none","none","none","None",,,13,"n.a.",,,"Audio Tape ",
732,"New Horizons in English unit 2","none","none","none","None",,,13,"n.a.",,,"Audio Tape ",
733,"New Horizons in English unit 9","none","none","none","None",,,13,"n.a.",,,"Audio Tape ",
734,"Young English Series – Yes Book D","none","none","none","None",,,13,"n.a.",,,"Audio Tape ",
735,"New Horizons in English Unit 3b","none","none","none","None",,,13,"n.a.",,,"Audio Tape ",
736,"Management 1-3","none","none","none","None",,,13,"n.a.",,,"Audio Tape ",
737,"New Horizons in English","none","none","none","None",,,13,"n.a.",,,"Audio Tape ",
738,"Linda","none","none","none","None",,,13,"n.a.",,,"Audio Tape ",
739,"Songs- Tape one ('lat it be')","none","none","none","None",,,13,"n.a.",,,"Audio Tape ",
740,"Bellcrest 13","none","none","none","None",,,13,"n.a.",,,"Audio Tape ",
741,"New Horizons in English unit 11","none","none","none","None",,,13,"n.a.",,,"Audio Tape ",
742,"New Horizons in English units 7-8","none","none","none","None",,,13,"n.a.",,,"Audio Tape ",
743,"A Christmas Carol ","Charles Dickens","none","none","None",,,13,"n.a.",,,"Audio Tape ",
744,"Cristy Lane White Christmas","none","none","none","None",,,13,"n.a.",,,"Audio Tape ",
745,"English For Children Yes B  ","none","none","none","None",,,13,"n.a.",,,"Audio Tape ",
746,"English For Children Yes B  ","none","none","none","None",,,13,"n.a.",,,"Audio Tape ",
747,"Young English Series Yes Book F","none","none","none","None",,,13,"n.a.",,,"Audio Tape ",
748,"New Horizons in English unit 6","none","none","none","None",,,13,"n.a.",,,"Audio Tape ",
749,"Young English Series Yes Book F","none","none","none","None",,,13,"n.a.",,,"Audio Tape ",
750,"New Horizons in English Unit 5","none","none","none","None",,,13,"n.a.",,,"Audio Tape ",
751,"At the Theatre","none","none","none","None",,,13,"n.a.",,,"Audio Tape ",
752,"Yes! English for Children Book A Cassette 1 p.3.","none","none","none","None",,,13,"n.a.",,,"Audio Tape ",
753,"Grease 2","none","none","none","None",,,13,"n.a.",,,"Audio Tape ",
754,"Music  ","none","none","none","None",,,13,"n.a.",,,"Audio Tape ",
755,"Treasury of 100 Best loved Hymns","none","none","none","None",,,13,"n.a.",,,"Audio Tape ",
756,"Music (loves it)","none","none","none","None",,,13,"n.a.",,,"Audio Tape ",
757,"Your life in your hands (part one/part two)","none","none","none","None",,,13,"n.a.",,,"Audio Tape ",
758,"Musica americana","none","none","none","None",,,13,"n.a.",,,"Audio Tape ",
759,"Indy Orig.","none","none","none","None",,,13,"n.a.",,,"Audio Tape ",
760,"New Horizons in English unit 11","none","none","none","None",,,13,"n.a.",,,"Audio Tape ",
761,"Pavarotti 1995","none","none","none","None",,,13,"n.a.",,,"Audio Tape ",
762,"New Horizons in English unit 8","none","none","none","None",,,13,"n.a.",,,"Audio Tape ",
763,"New Horizons in English unit 5b","none","none","none","None",,,13,"n.a.",,,"Audio Tape ",
764,"New Horizons in English Unit 5c","none","none","none","None",,,13,"n.a.",,,"Audio Tape ",
765,"Music 2 copy 3","none","none","none","None",,,13,"n.a.",,,"Audio Tape ",
766,"Endless love music","none","none","none","None",,,13,"n.a.",,,"Audio Tape ",
767,"music ","none","none","none","None",,,13,"n.a.",,,"Audio Tape ",
768,"Video Clips I-Orig","none","none","none","None",,,13,"n.a.",,,"Audio Tape ",
769,"music( I just called)","none","none","none","None",,,13,"n.a.",,,"Audio Tape ",
770,"Caught in the Act/Daily rout/friday night ritual","none","none","none","None",,,13,"n.a.",,,"Audio Tape ",
771,"Honey Interview excelent/Henry's voice","none","none","none","None",,,13,"n.a.",,,"Audio Tape ",
772,"J.S. Bach","none","none","none","None",,,13,"n.a.",,,"Audio Tape ",
773,"Music 2  ","none","none","none","None",,,13,"n.a.",,,"Audio Tape ",
774,"Yes! English for children Book A Cassette 3 p.50","none","none","none","None",,,13,"n.a.",,,"Audio Tape ",
775,"Young English Series Yes! C p. 75","none","none","none","None",,,13,"n.a.",,,"Audio Tape ",
776,"Young English Series Yes! C  ","none","none","none","None",,,13,"n.a.",,,"Audio Tape ",
777,"New Horizons in English Unit 10","none","none","none","None",,,13,"n.a.",,,"Audio Tape ",
778,"Music – 1994 A","none","none","none","None",,,13,"n.a.",,,"Audio Tape ",
779,"Tortoise & Hare/Rumplestiltskin","none","none","none","None",,,13,"n.a.",,,"Audio Tape ",
780,"Music Selection 2","none","none","none","None",,,13,"n.a.",,,"Audio Tape ",
781,"So far 2","none","none","none","None",,,13,"n.a.",,,"Audio Tape ",
782,"Music  ","none","none","none","None",,,13,"n.a.",,,"Audio Tape ",
783,"Air Supply","none","none","none","None",,,13,"n.a.",,,"Audio Tape ",
784,"Tudo Bem II ","Raaquel Ramalhete","none","none","None",,,13,"n.a.",,,"Audio Tape ",
785,"Music H.","none","none","none","None",,,13,"n.a.",,,"Audio Tape ",
786,"Mastruz c/ leite","none","none","none","None",,,13,"n.a.",,,"Audio Tape ",
787,"Anjos meditacao por Mirna Grzich","none","none","none","None",,,13,"n.a.",,,"Audio Tape ",
788,"How much and how many?","none","none","none","None",,,13,"n.a.",,,"Audio Tape ",
789,"Zhivago","none ","none","none","None",,,13,"n.a. ",,,"Audio Tape ",
790,"Italian Restaurant/Univer. mall (beta video tape 1992)","none ","none","none","None",,,13,"n.a. ",,,"Video Tape",
791,"Bruno e Luciano Primo-colega (beta video tape 1992)","none ","none","none","None",,,13,"n.a. ",,,"Video Tape",
792,"Natal de 1993 familia Sa Sauerbrunn Hungarians","none ","none","none","None",,,13,"n.a. ",,,"Video Tape",
793,"4 de Julho 1993","none ","none","none","None",,,13,"n.a. ",,,"Video Tape",
794,"Family Reunion's Mary Ann's","none ","none","none","None",,,13,"n.a. ",,,"Video Tape",
795,"Mary Lou's Reunion- Pool","none ","none","none","None",,,13,"n.a. ",,,"Video Tape",
796,"Conversation Mark-Pablo-Jim","none ","none","none","None",,,13,"n.a. ",,,"Video Tape",
797,"Giant city Park Lodge Restaurant","none ","none","none","None",,,13,"n.a. ",,,"Video Tape",
798,"Blank beta tape","none ","none","none","None",,,13,"n.a. ",,,"Video Tape",
799,"4th July","none ","none","none","None",,,13,"n.a. ",,,"Video Tape",
800,"USA – BRASIL","none ","none","none","None",,,13,"n.a. ",,,"Video Tape",
801,"New Year 2000-2001","none ","none","none","None",,,13,"n.a. ",,,"Video Tape",
802,"Crab Orchard, Boat docks etc.","none ","none","none","None",,,13,"n.a. ",,,"Audio Tape ",
803,"Louco Amor- the end","none ","none","none","None",,,13,"n.a. ",,,"Audio Tape ",
804,"Pinocchio","none ","none","none","None",,,13,"n.a. ",,,"Audio Tape ",
805,"New Horizons in English Unit 3b","none ","none","none","None",,,13,"n.a. ",,,"Audio Tape ",
806,"Tennessee Ernie  Ford Hymns","none ","none","none","None",,,13,"n.a. ",,,"Audio Tape ",
807,"John Lennon 7-9","none ","none","none","None",,,13,"n.a. ",,,"Audio Tape ",
808,"Songs/kids","none ","none","none","None",,,13,"n.a. ",,,"Audio Tape ",
809,"Radio Music","none ","none","none","None",,,13,"n.a. ",,,"Audio Tape ",
810,"Snow White/Jack and the Beanstalk","none ","none","none","None",,,13,"n.a. ",,,"Audio Tape ",
811,"Music Program – Main","none ","none","none","None",,,13,"n.a. ",,,"Audio Tape ",
812,"Fisica Music","none ","none","none","None",,,13,"n.a. ",,,"Audio Tape ",
813,"Supergirl","none ","none","none","None",,,13,"n.a. ",,,"Audio Tape ",
814,"let it be/'hei-ju'","none ","none","none","None",,,13,"n.a. ",,,"Audio Tape ",
815,"Amor sem fim","none ","none","none","None",,,13,"n.a. ",,,"Audio Tape ",
816,"TDK 8mm Tape blank?","none ","none","none","None",,,13,"n.a. ",,,"Video Tape",
817,"Yes! English for children Book A Cassette 2 p.28","none ","none","none","None",,,13,"n.a. ",,,"Audio Tape ",
818,"L'amour Toujour L'amour","none ","none","none","None",,,13,"n.a. ",,,"Audio Tape ",
819,"Music  ","none ","none","none","None",,,13,"n.a. ",,,"Audio Tape ",
820,"new Horizons in English unit 5a","none ","none","none","None",,,13,"n.a. ",,,"Audio Tape ",
821,"Depoimentos Augusto Coelho","none ","none","none","None",,,13,"n.a. ",,,"Audio Tape ",
822,"Music  ","none ","none","none","None",,,13,"n.a. ",,,"Audio Tape ",
823,"New Horizons in English unit 2b","none ","none","none","None",,,13,"n.a. ",,,"Audio Tape ",
824,"Young English Series. Yes! Book E","none ","none","none","None",,,13,"n.a. ",,,"Audio Tape ",
825,"Michele-formatura 3o 32 min","none ","none","none","None",,,14,"n.a. ",,,"Video Tape",
826,"Viaje Al Espanol 1-10","none ","none","none","None",,,14,"n.a. ",,,"Video Tape",
827,"Hungaros 1 ½ mos copy","none ","none","none","None",,,14,"n.a. ",,,"Video Tape",
828,"Viaje Al Espanol 36-46","none ","none","none","None",,,14,"n.a. ",,,"Video Tape",
829,"1o Ano night (Mon Wed) 18:45-20:15","none ","none","none","None",,,14,"n.a. ",,,"Video Tape",
830,"Internet presentation 9/Mar/98","none ","none","none","None",,,14,"n.a. ",,,"Video Tape",
831,"Kid-1999 Complete/Best 1999","none ","none","none","None",,,14,"n.a. ",,,"Video Tape",
832,"Action Stories pt. 1,2,3/Precious pup","none ","none","none","None",,,14,"n.a. ",,,"Video Tape",
833,"EMP Japanese/German copy","none ","none","none","None",,,14,"n.a. ",,,"Video Tape",
834,"EMP Japanese(copia)","none ","none","none","None",,,14,"n.a. ",,,"Video Tape",
835,"Action Stories 1-15/3 parts/precious pup","none ","none","none","None",,,14,"n.a. ",,,"Video Tape",
836,"Follow me to San Francisco/Your life in your hands","none ","none","none","None",,,14,"n.a. ",,,"Video Tape",
837,"Music  ","none ","none","none","None",,,14,"n.a. ",,,"Audio Tape ",
838,"Bandinha","none ","none","none","None",,,14,"n.a. ",,,"Audio Tape ",
839,"Pop Music no 1","none ","none","none","None",,,14,"n.a. ",,,"Audio Tape ",
840,"Jazz chants for Children","none ","none","none","None",,,14,"n.a. ",,,"Audio Tape ",
841,"Interview -J Cidade","none ","none","none","None",,,14,"n.a. ",,,"Audio Tape ",
842,"Raza Inca Edicao Especial antologia dos Beatles","none ","none","none","None",,,14,"n.a. ",,,"Audio Tape ",
843,"Time for English cancoes Book 2","Amadeus Marques","none","none","None",,,14,"n.a. ",,,"Audio Tape ",
844,"Gone w the wind-Final Scene","none ","none","none","None",,,14,"n.a. ",,,"Audio Tape ",
845,"Music -Novelas","none ","none","none","None",,,14,"n.a. ",,,"Audio Tape ",
846,"Only, you've got a friend Carol King","none ","none","none","None",,,14,"n.a. ",,,"Audio Tape ",
847,"John Denver(cont.) Original Gold","none ","none","none","None",,,14,"n.a. ",,,"Audio Tape ",
848,"Toefl -listening Comprehension","none ","none","none","None",,,14,"n.a. ",,,"Audio Tape ",
849,"Teach us to pray-Dr. Schaap Baptist","none ","none","none","None",,,14,"n.a. ",,,"Audio Tape ",
850,"Indios Acoma/Joe Vallo/Novo Mexico 1967","none ","none","none","None",,,14,"n.a. ",,,"Audio Tape ",
851,"Acorde Curso rapido de violao e guitarra","none ","none","none","None",,,14,"n.a. ",,,"Audio Tape ",
852,"Good morning dad/country dad","none ","none","none","None",,,14,"n.a. ",,,"Audio Tape ",
853,"Fera ferida","none ","none","none","None",,,14,"n.a. ",,,"Audio Tape ",
854,"Cristy Lane Christmas Gold","none ","none","none","None",,,14,"n.a. ",,,"Audio Tape ",
855,"Skits 1-38 flying soup","none ","none","none","None",,,14,"n.a. ",,,"Audio Tape ",
856,"John Bon Jovi","none ","none","none","None",,,14,"n.a. ",,,"Audio Tape ",
857,"Acorde Curso rapido de violao e guitarra","none ","none","none","None",,,14,"n.a. ",,,"Audio Tape ",
858,"Acorde curso rapido de violao e guitarra","none ","none","none","None",,,14,"n.a. ",,,"Audio Tape ",
859,"Musica em Frances","none ","none","none","None",,,14,"n.a. ",,,"Audio Tape ",
860,"Barriga de aluguel Int.","none ","none","none","None",,,14,"n.a. ",,,"Audio Tape ",
861,"Acorde Curso rapido de violao e guitarra","none ","none","none","None",,,14,"n.a. ",,,"Audio Tape ",
862,"Jon Secada Selecao","none ","none","none","None",,,14,"n.a. ",,,"Audio Tape ",
863,"Yes B “E” 24-58","none ","none","none","None",,,14,"n.a. ",,,"Audio Tape ",
864,"Over you, Only you","none ","none","none","None",,,14,"n.a. ",,,"Audio Tape ",
865,"Missing you","none ","none","none","None",,,14,"n.a. ",,,"Audio Tape ",
866,"Cristy Lane Christmas is the man from Galilee","none ","none","none","None",,,14,"n.a. ",,,"Audio Tape ",
867,"Anjos Meditacao por Mirna Grzich","none ","none","none","None",,,14,"n.a. ",,,"Audio Tape ",
868,"Paster-Kevin Sunday-Morning","none ","none","none","None",,,14,"n.a. ",,,"Audio Tape ",
869,"Painho falando Alemao","none ","none","none","None",,,14,"n.a. ",,,"Audio Tape ",
870,"Cancoes de mamae","none ","none","none","None",,,14,"n.a. ",,,"Audio Tape ",
871,"6-21-87 Father Lou? Songs Music Lucia","none ","none","none","None",,,14,"n.a. ",,,"Audio Tape ",
872,"Famous British & American Songs Papa and Lantorno","none ","none","none","None",,,14,"n.a. ",,,"Audio Tape ",
873,"Entrevista Jose Sobreira 1 Agosto 2000","none ","none","none","None",,,14,"n.a. ",,,"Audio Tape ",
874,"Music Lucia","none ","none","none","None",,,14,"n.a. ",,,"Audio Tape ",
875,"Mus. Orq.","none ","none","none","None",,,14,"n.a. ",,,"Audio Tape ",
876,"De Mark","none ","none","none","None",,,14,"n.a. ",,,"Video Tape",
877,"4th July – End parade","none ","none","none","None",,,14,"n.a. ",,,"Video Tape",
878,"Rob. Rheba, sue ann conver Lucia, Eugenia, Rheba","none ","none","none","None",,,14,"n.a. ",,,"Video Tape",
879,"Dungeons and Dragons II","none ","none","none","None",,,14,"n.a. ",,,"Video Tape",
880,"SIU Comunic Bldg.","none ","none","none","None",,,14,"n.a. ",,,"Video Tape",
881,"Jim Mertz(michael Drawing talking)","none ","none","none","None",,,14,"n.a. ",,,"Video Tape",
882,"Kroger's 4th July parade begin","none ","none","none","None",,,14,"n.a. ",,,"Video Tape",
883,"Dungeons and Dragons III","none ","none","none","None",,,14,"n.a. ",,,"Video Tape",
884,"Mother(quick)/Daisy May's dog house family","none ","none","none","None",,,14,"n.a. ",,,"Video Tape",
885,"Downtown M'boro","none ","none","none","None",,,14,"n.a. ",,,"Video Tape",
886,"Mom's House","none ","none","none","None",,,14,"n.a. ",,,"Video Tape",
887,"Language of Business pages 1-77","none ","none","none","None",,,14,"n.a. ",,,"Audio Tape ",
888,"Master Orq.","none ","none","none","None",,,14,"n.a. ",,,"Audio Tape ",
889,"Getting Ready","none ","none","none","None",,,14,"n.a. ",,,"Audio Tape ",
890,"Flavio Jose 97","none ","none","none","None",,,14,"n.a. ",,,"Audio Tape ",
891,"Solace ","Mike Rowland","none","none","None",,,14,"n.a. ",,,"Audio Tape ",
892,"Let me Music","none ","none","none","None",,,14,"n.a. ",,,"Audio Tape ",
893,"Music A Eug.","none ","none","none","None",,,14,"n.a. ",,,"Audio Tape ",
894,"Music 2 copy 1","none ","none","none","None",,,14,"n.a. ",,,"Audio Tape ",
895,"hoffman lutheran","none ","none","none","None",,,14,"n.a. ",,,"Audio Tape ",
896,"Sounds","none ","none","none","None",,,14,"n.a. ",,,"Audio Tape ",
897,"Simone","none ","none","none","None",,,14,"n.a. ",,,"Audio Tape ",
898,"Anjos Meditacao por Mirna Grzich","none ","none","none","None",,,14,"n.a. ",,,"Audio Tape ",
899,"Music  ","none ","none","none","None",,,14,"n.a. ",,,"Audio Tape ",
900,"MCA Louis Armstrong","none ","none","none","None",,,14,"n.a. ",,,"Audio Tape ",
901,"Frank Sinatra","none ","none","none","None",,,14,"n.a. ",,,"Audio Tape ",
902,"Laughter is still the best medicine(empty box)","none ","none","none","None",,,14,"n.a. ",,,"Audio Tape ",
903,"1990 -Eugenia Lucia Blade Runner","none ","none","none","None",,,14,"n.a. ",,,"Audio Tape ",
904,"100 Best Loved Hymns","none ","none","none","None",,,14,"n.a. ",,,"Audio Tape ",
905,"Cristy Lane White Christmas","none ","none","none","None",,,14,"n.a. ",,,"Audio Tape ",
906,"Acorde Curso Rapido de violao e guitarra","none ","none","none","None",,,14,"n.a. ",,,"Audio Tape ",
907,"Anjos meditacao por Mirna Grzich","none ","none","none","None",,,14,"n.a. ",,,"Audio Tape ",
908,"Kim Mezer: Flutes/ Lars Trier: Guitars","none ","none","none","None",,,14,"n.a. ",,,"Audio Tape ",
909,"Music I copy I","none ","none","none","None",,,14,"n.a.",,,"Audio Tape ",
910,"De Pedro Mel para o English Toefl com carinho","none ","none","none","None",,,14,"n.a.",,,"Audio Tape ",
911,"Listen & Perform by S.M. Silvers(All rights reserved)","none ","none","none","None",,,14,"n.a.",,,"Audio Tape ",
912,"Carnaval do Circulo Militar","none ","none","none","None",,,14,"n.a.",,,"Video Tape",
913,"The Definitive Encyclopedia of Sound Effects Volume 1-6 ","none ","none","none","None",,,14,"n.a.",,,"Audio Tape ",
914,"Esperanto","none ","none","none","None",,,14,"n.a.",,,"Audio Tape ",
915,"Festa no Interior","none ","none","none","None",,,14,"n.a.",,,"Audio Tape ",
916,"Henry  and Lucia Lindo","none ","none","none","None",,,14,"n.a.",,,"Audio Tape ",
917,"Happy Holidays","none ","none","none","None",,,14,"n.a.",,,"Audio Tape ",
918,"H.","none ","none","none","None",,,14,"n.a.",,,"Audio Tape ",
919,"Paulo Sergio","none ","none","none","None",,,14,"n.a.",,,"Audio Tape ",
920,"Acorde Curso Rapido de violao e guitarra","none ","none","none","None",,,14,"n.a.",,,"Audio Tape ",
921,"Cid Moreira Quem e Jesus","none ","none","none","None",,,14,"n.a.",,,"Audio Tape ",
922,"Acorde Curso Rapido de violao e guitarra","none ","none","none","None",,,14,"n.a.",,,"Audio Tape ",
923,"Richard Clayderman my classic collection","none ","none","none","None",,,14,"n.a.",,,"Audio Tape ",
924,"Grover Goes to school","none ","none","none","None",,,14,"n.a.",,,"Audio Tape ",
925,"Gandhi","none ","none","none","None",,,14,"n.a.",,,"Audio Tape ",
926,"Farmer in the Dell among others","none ","none","none","None",,,14,"n.a.",,,"Audio Tape ",
927,"The police/simple minds/u2(empty box)","none ","none","none","None",,,14,"n.a.",,,"Audio Tape ",
928,"Young Harry Houdini no.1","none ","none","none","None",,,14,"n.a.",,,"Audio Tape ",
929,"Hymns of our Fathers","Michelle Leonard/Janette King","none","none","None",,,14,"n.a.",,,"Audio Tape ",
930,"Sony box of tapes(when shall I see you again? -among others) 8 tapes","none ","none","none","None",,,14,"n.a.",,,"Audio Tape ",
931,"In Touch 3 Side C: Units 7-9 Side D: Units 10-12","none ","none","none","None",,,15,"n.a.",,,"Audio Tape ",
932,"Methode Orange III-k7 3","none ","none","none","None",,,15,"n.a.",,,"Audio Tape ",
933,"In touch 2 Oscar Castro/Victoria Kimbrough","none ","none","none","None",,,15,"n.a.",,,"Audio Tape ",
934,"Every Dialogues in English Robert J Dixson","none ","none","none","None",,,15,"n.a.",,,"Audio Tape ",
935,"In Touch 1 Oscar Castro/Victoria Kimbrough","none ","none","none","None",,,15,"n.a.",,,"Audio Tape ",
936,"Methode Orange III – K7 2","none ","none","none","None",,,15,"n.a.",,,"Audio Tape ",
937,"Every Dialogues In English Cassette 3","none ","none","none","None",,,15,"n.a.",,,"Audio Tape ",
938,"Every Dialogues in English Cassette 2","none ","none","none","None",,,15,"n.a.",,,"Audio Tape ",
939,"Methode Orange III – k7 1","none ","none","none","None",,,15,"n.a.",,,"Audio Tape ",
940,"Methode Orange III- k7 4","none ","none","none","None",,,15,"n.a.",,,"Audio Tape ",
941,"Every dialogues in English Cassette 4","none ","none","none","None",,,15,"n.a.",,,"Audio Tape ",
942,"The Case of Harry Rigby-Sherlock Holmes","none ","none","none","None",,,15,"n.a.",,,"Video Tape",
943,"The Case of The Perfect Crime - Sherlock Holmes","none ","none","none","None",,,15,"n.a.",,,"Video Tape",
944,"The Case of Magruder's Millions- Sherlock Holmes","none ","none","none","None",,,15,"n.a.",,,"Video Tape",
945,"Blind man's Bluff- Sherlock Holmes","none ","none","none","None",,,15,"n.a.",,,"Video Tape",
946,"The case of The body in the case - Sherlock Holmes","none ","none","none","None",,,15,"n.a.",,,"Video Tape",
947,"The Case of The Travelling Killer","none ","none","none","None",,,15,"n.a.",,,"Video Tape",
948,"The Case of The Sitting Target","none ","none","none","None",,,15,"n.a.",,,"Video Tape",
949,"Longman Inc. Communicate, Set 1 Vol 1 8 tapes","none ","none","none","None",,,15,"n.a.",,,"Video Tape",
950,"Your Life in your hands, II Joseph J Delison Longman 2 tapes","none ","none","none","None",,,15,"n.a.",,,"Video Tape",
951,"Sherlock Holmes and Dr. Watson in The Case of the Body in the Case","Terry Tomscha","English by Video","Longman ","0-582-54107-7",,,15,16,,,,
952,"Sherlock Holmes and Dr. Watson in The Case of the Body in the Case-Videoscript","none ","English by Video","none","0-582-54105-0",,,15,14,,,,
953,"Sherlock Holmes and Dr. Watson in the Case of the Magruder's Millions","none ","Videoscript","Longman ","0-582-54089-5",,,15,14,,,,
954,"Sherlock Holmes and Dr. Watson in the Case of the Magruder's Millions-Student's workbook","David Cobb & Jan Dalley","English by Video","Longman","0-582-54091-7",,,15,8,,,,
955,"Sherlock Holmes and Dr. Watson in the case of the Sitting Target -videoscript ","none ","English by Video","Longman","0-582-53075-X",,,15,12,,,,
956,"Sherlock Holmes and Dr. Watson in the case of the Sitting Target -Student's workbook","David Cobb & Jan Dalley","none","Longman","0-582-53054-7",,,15,8,,,,
957,"Sherlock Holmes and Dr. Watson in the Case of Harry Rigby-Student's Workbook","David Cobb & Jan Dalley","English by Video","Longman","0-582-54099-2",,,15,8,,,,
958,"Sherlock Holmes and Dr. Watson in the Case of Harry Rigby-Student's Workbook","David Cobb & Jan Dalley","English by Video","Longman","0-582-54099-2",,,15,8,,,,
959,"Sherlock Holmes and Dr. Watson in the Case of Harry Rigby-Student's Workbook","David Cobb & Jan Dalley","English by Video","Longman","0-582-54097-6",,,15,13,,,,
960,"Sherlock Holmes and Dr. Watson in Blind Man's Bluff","Sherry White","English by Video","Longman","0-582-54111-5",,,15,16,,,,
961,"Sherlock Holmes and Dr. Watson in The Case of The Travelling Killer","D'arcy Adrian-vallance","English by Video","Longman","0-582-54103-4",,,15,16,,,,
962,"Sherlock Holmes and Dr. Watson in The Case of The Travelling Killer-videoscript","D'arcy Adrian-vallance","English by Video","Longman","0-582-54101-8",,,15,14,,,,
963,"Sherlock Holmes and Dr. Watson in Blind Man's Bluff","none ","English by Video","Longman","0-582-54109-3",,,15,16,,,,
964,"Sherlock Holmes and Dr. Watson in The Case of the perfect Crime- Student's Workbook","Terry Tomscha","English by Video","Longman","0-582-54095-X",,,15,15,,,,
965,"Sherlock Holmes and Dr. Watson in The Case of the Perfect Crime- Videoscript","none","English by Video","Longman","0-582-54093-3",,,15,15,,,,
966,"Communicate a Video course in English","Terence L Carroll, Joseph Helms, Miram Espeseth, Nancy Butler","Viewer's Guide 2 Intermediate","Pace International Research, Inc.","0-582-90704-7",,,15,68,,,,
967,"Communicate a Video course in English","Terence L Carroll, Joseph Helms, Miram Espeseth, Nancy Butler","Viewer's Guide 1 Beginning","Pace International Research, Inc.","0-582-90703-9",,,15,86,,,,
968,"In Touch A beginning American English Series","Oscar Castro, Victoria Kimbrough, Kathleen Zane","Workbook 1","Longman","0-582-79744-6",,,15,60,,,,
969,"New Wave Teacher's Resource Book 1","Robert Maple","Teacher's book","Longman ","0-582-01292-9",,,15,161,,,,
970,"In Touch A beginning American English Series","Oscar Castro, Victoria Kimbrough ","Student's Book","Longman","0-582-79750-0",,,15,122,,,,
971,"In Touch A beginning American English Series","Oscar Castro, Victoria Kimbrough ","Student's Book","Longman","0-582-79750-0",,,15,122,,,,
972,"In Touch A beginning American English Series","Oscar Castro, Victoria Kimbrough ","Student's Book","Longman","0-582-79742-X",,,15,106,,,,
973,"In Touch A beginning American English Series","Oscar Castro, Victoria Kimbrough ","Workbook 2","Longman","0-582-79748-9",,,15,60,,,,
974,"In Touch A beginning American English Series","Oscar Castro, Victoria Kimbrough ","Student's Book 1","Longman","0-582-79742-X",,,15,106,,,,
975,"In Touch A beginning American English Series","Oscar Castro, Victoria Kimbrough ","Student's Book 2","Longman","0-582-79746-2",,,15,122,,,,
976,"In Touch A beginning American English Series","Oscar Castro, Victoria Kimbrough ","Student's Book 2","Longman","0-582-79746-2",,,15,122,,,,
977,"In Touch A beginning American English Series","Oscar Castro, Victoria Kimbrough ","Workbook 3","Longman","0-582-79752-7",,,15,68,,,,
978,"Muzzy I","none ","A video English course for Children BBC English","Apel   ","None",,,16,"n.a.",,,"Video Tape para vender",
979,"Muzzy and the great Gondoland games","none","Audio Tape ","BBC English","None",,,16,"n.a."," ",,"Audio Tape ",
980,"Muzzy and the Energy Crisis","none","Audio Tape ","BBC English","1-85497-260-X",,,16,"n.a.",,,"Audio Tape ",
981,"Muzzy and the Backwards Clock","none","Audio Tape ","BBC English","1-85497-261-8",,,16,"n.a.",,,"Audio Tape ",
982,"Muzzy and Car Rally","none","Audio Tape ","BBC English","1-85497-262-6",,,16,"n.a.",,,"Audio Tape ",
983,"Muzzy and the Kings Birthday","none","Audio Tape ","BBC English","1-85497-232-4",,,16,"n.a.",,,"Audio Tape ",
984,"Muzzy and the Gondoland Disco","none","Audio Tape ","BBC English","1-85497-233-2",,,16,"n.a.",,,"Audio Tape ",
985,"Fale Ingles Porta cassetes 11 audio tapes (missing one)","none","Audio Tape ","Editora Abril","None",,,16,"n.a.",,,"Audio tapes",
986,"The Learnables Book 2","Harris Winitz","Book  ","International Linguistics Corporation","0-939990-02-4",,,16,50,,,,
987,"The Learnables Book 1","Harris Winitz","Book  ","International Linguistics Corporation","0-939990-01-6",,,16,50,,,,
988,"Streamline English","Bernard Hartley & Peter Viney","Connections Part B: Units 41-80","Oxford University Press ","0-19-432254-8",,,16,"n.a.",,,,
989,"The Learnables Book 3","Harris Winitz","Book  ","International Linguistics Corporation","0-939990-03-2",,,16,50,,,,
990,"The Learnables Book 4","Harris Winitz","Book  ","International Linguistics Corporation","0-939990-04-0",,,16,50,,,,
991,"The Broken Ear","Herge","Book  ","Joy Street-Little, Brown","0-316-35850-9",,,16,62,,,,
992,"Tintin and the Picaros","Herge","Book  ","Joy Street-Little, Brown","0-316-35849-5",,,16,62,,,,
993,"The Castafiore Emerald","Herge ","Book  ","Joy Street-Little, Brown","0-316-35842-8",,,16,62,,,,
994,"Prisoners of the Sun","herge","Book  ","Joy Street-Little, Brown","0-316-35843-6",,,16,62,,,,
995,"The Black Island","Herge","Book  ","Joy Street-Little, Brown","0-316-35835-5",,,16,62,,,,
996,"Cigars of the Pharaoh","herge","Book  ","Joy Street-Little, Brown","0-316-35836-3",,,16,62,,,,
997,"The Red Sea Sharks","Herge","Book  ","Joy Street-Little, Brown","0-316-35848-7",,,16,62,,,,
998,"Prisoners of the Sun","Herge","Book  ","Joy Street-Little, Brown","0-7497-0459-4",,,16,62,,,,
999,"King Ottokar's Sceptre","Herge","Book  ","Joy Street-Little, Brown","0-316-35831-2",,,16,62,,,,
1000,"The blue lotus","Herge","Book  ","Joy Street-Little, Brown","0-316-35856-8",,,16,62,,,,
1001,"The Calculus Affair","Herge","Book  ","Joy Street-Little, Brown","0-316-35847-9",,,16,62,,,,
1002,"Land of Black Gold","Herge","Book  ","Joy Street-Little, Brown","0-316-35844-4",,,16,62,,,,
1003,"Red Rackham's Treasure","Herge","Book  ","Joy Street-Little, Brown","0-316-35834-7",,,16,62,,,,
1004,"Tintin in America","Herge","Book  ","Joy Street-Little, Brown","0-316-35852-5",,,16,62,,,,
1005,"The Seven Crystal Balls","Herge","Book  ","Joy Street-Little, Brown","0-316-35840-1",,,16,62,,,,
1006,"Destination Moon","Herge","Book  ","Joy Street-Little, Brown","0-316-35845-2",,,16,62,,,,
1007,"The Secret of The Unicorn","Herge","Book  ","Joy Street-Little, Brown","0-316-35832-0",,,16,62,,,,
1008,"Explorers on the Moon","herge","Book  ","Joy Street-Little, Brown","0-316-35846-0",,,16,62,,,,
1009,"Tintin en America","Herge","Book  ","Joy Street-Little, Brown","84-261-0816-4",,,16,62,,,,
1010,"The Crab with the Golden Claws","Herge","Book  ","Joy Street-Little, Brown","0-316-35833-9",,,16,62,,,,
1011,"The Shooting Star","Herge","Book  ","Joy Street-Little, Brown","0-316-35851-7",,,16,62,,,,
1012,"Flight 714","Herge","Book  ","Joy Street-Little, Brown","0-316-35837-1",,,16,62,,,,
1013,"Tintin in Tibet","herge","Book  ","Joy Street-Little, Brown","0-316-35839-8",,,16,62,,,,
1014,"Skits in English As A Second Language","Mary Elizabeth Hines","4 tapes","Regents Publishing Company, Inc.","None",,,16,"n.a.",,,,
1015,"Think First Certificate","Jon Naunton and Richard Acklam","Teacher's book","Longman","0-582-55981-2",,,16,86,,,,
1016,"Yes English for children","Lars Mellgren Michael Walker","Teacher's Guide","Addison-Wesley Publishing company","0-201-04943-0",,,16,70,,,,
1017,"Bridge to communication","Santillana","Primary Level A- Student Language book","Santillana Publishing Co. Inc.","1-56014-230-8",,,16,147,,,,
1018,"Guia do Curso Vocabulario Essencial","none","Seleccoes do Reader's digest","Lisgrafica SARL","None",,,16,68,,,,
1019,"New Wave 2","Robert Maple","Teacher's Resource Book","Longman","0-582-01293-7",,,16,162,,,,
1020,"New Wave 3","Robert maple/Marcia Fisk Ong","Textbook","Longman","0-582-01290-2",,,16,78,,,,
1021,"New Wave Activity Book 2","Robert Maple","Textbook","Longman","0-582-01297-X",,,16,46,,,,
1022,"Life Style Students Book","Francisco Lozano, Jane Sturtevant","Student's Book","Longman","0-582-79754-3",,,16,122,,,,
1023,"Photo Dictionary","Marilyn S. Rosenthal Daniel B Freeman","Dictionary/picdic","Longman","0-8013-0004-5",,,16,91,,,,
1024,"Growing Up English in a young context","Tania Branco Cavaignac/Maria Lucia Rocha Fiuza","Student's Book 3","CCBEU Santos","0-07-450261-1",,,16,176,,,,
1025,"Third Dimension Course Book","Robert O'neill and Patricia Mugglestone","Textbook","Longman","0-582-01719-X",,,16,122,,,,
1026,"Grammaire pratique du francais d'aujourd'hui","G. Mauger","Langue parlee langue ecrite","Librairie Hachette","2-01-002134-7",,,16,420,,,,
1027,"Dialogos em Portugues Regras Gramaticais","none","O frances de hoje selecoes readers digest","Lisgrafica SARL","84-7142-146-1",,,16,270,,,,
1028,"Five Star English for the Hotel and tourist industry","Rod Revell Chris Stott","Five star english book","Oxford English","0-19-437641-9",,,16,201,,,,
1029,"Look Ahead Classroom course","Bob Marsden","Classroom course Longman ELT video","Longman ","0-582-25420-5",,,16,94,,,,
1030,"Bridge to Communication-English for limited English Proficient Students","Santillana","Primary Level C","Santillana Publishing Company, Inc.","0-88272-911-X",,,16,72,,,,
1031,"Bridge to Communication-Student Language book","Santillana","Primary Level B","Santillana Publishing Co. Inc.","1-56014-231-6",,,16,147,,,,
1032,"Blues for Julie","Joseph Greene & Andy Martin","Photo Stories Book 1","Reading and Conversation Practice for Beginners","0-582-79806-X",,,16,46,,,,
1033,"Wonder Woman","none","DC Comics","Andrew Helfer","None",,,16,61,,,"Para vender",
1034,"Cassell's Beyond The Dictionary in Spanish","A Bryson Gerrard and Jose de Heras Heras","Book  ","Minerva Press","None",,,16,160,,,"Para vender",
1035,"Magyar-Angol Zsebszotar","Edward Weiss","Dictionary ","Paprikas","None",,,16,100,,,"Para vender",
1036,"Seven Little Plays","J G and M Endicott","Book  ","Longman","0-582-53403-8",,,16,64,,,,
1037,"Five-Minute Activities- A Resource book of short Activities","Penny Ur Andrew Wright","Book  ","Cambridge Handbooks for Language Teachers","0-521-39781-2",,,16,105,,,,
1038,"Sherlock Holmes and Dr. Watson in the Case of the Deadly Tower-Videoscript","none","English by Video","Longman","0-582-54113-1",,,16,11,,,,
1039,"Sherlock Holmes and Dr. Watson in the case of the Deadly Tower- Student's Workbook","David Cobb & Jan Dalley","English by Video","Longman","0-582-54115-8",,,16,8,,,,
1040,"Think First Certificate-Self Study Guide","Richard Acklam","Self-study guide","Longman","0-582-55984-7",,,16,111,,,,
1041,"Look Ahead Classroom Course-Workbook 1","Carolyn Jones, Andy Hopkins, Jocelyn Potter","classroom course  ","Longman","0-582-09834-3",,,16,64,,,,
1042,"Look Ahead Classroom Course- Teacher's Guide Video Workbooks","Andy Hopkins, Jocelyn Potter","Textbook","Longman","0-582-25421-3",,,16,94,,,,
1043,"Look Ahead Classroom Course- Student's Book","Andy Hopkins, Jocelyn Potter","Classroom Course   ","Longman","0-582-09830-0",,,16,128,,,,
1044,"What's the story- Sequential Photographs for Language Practice","Linda Markstein/Dorien Grunbaum","Student's book 4","Longman","0-582-79786-1",,,16,66,,,,
1045,"Word by word Picture dictionary","Steven J Molinsky, Bill Bliss","picture Dictionary","Prentice Hall Regents","0-13-278235-9",,,16,138,,,,
1046,"Listening in & Speaking out","Sharon Bode, Charles G Whitley, Gary James","Advanced","Longman","0-582-79737-3",,,16,99,,,,
1047,"Kids' big Book of Games","Edited by Karen C Anderson","Games Junior","Workman Publishing New York","0-89480-657-2",,,16,173,,,,
1048,"Doris Diamond Private Eye","Andy Martin, Joseph Greene","Reading and Conversation Practice for Beginners","Longman","0-582-79810-8",,,16,46,,,,
1049,"ABC der starken Verben","Klare Meil, Margit Arndt","German Textbook","Max Hueber Verlag","3-19-001058-7",,,17,142,,,,
1050,"Themen 2 Lehrwerk fur Deutsch als Fremdsprache","none","German Textbook","Hueber","3-19-001372-1",,,17,167,,,,
1051,"Themen 1 Lehrwerk Deutsch als Fremdsprache","none","German Textbook","Hueber","3-19-001371-3",,,17,152,,,,
1052,"Themen neu 1 Lehrwerk fur Deutsch als Fremdsprache","Kursbuch","German Textbook","Hueber","3-19-001521-X",,,17,160,,,,
1053,"Themen 3 Lehrwerk fur Deutsch als Fremdsprache","none","German Textbook","Hueber","3-19-031373-3",,,17,108,,,,
1054,"Themen neu 1 Lehrwerk fur Deutsch als Fremdsprache","none","German Textbook","Hueber","85-12-51440-X",,,17,143,,,,
1055,"Themen 1 Lehrwerk Deutsch als Fremdsprache","Karl-Heinz Eisfeld","German Textbook","Hueber","3-19-021371-2",,,17,128,,,,
1056,"Langenscheidts Verb-Tabellen Deutsch","Heinz Wendt","German Textbook","Langenscheidt","3-468-34110-5",,,17,71,,,,
1057,"Spanish in 10 minutes a day","Kristine Kershul","Spanish Textbook","A sunset series","0-944502-51-2",,,17,112,,,,
1058,"Langenscheidts Taschen-worterbuch","Friedrich Irmen","German Textbook","Langenscheidt","3-468-11271-8",,,17,1246,,,,
1059,"English Grammar for Students of Italian","Sergio Adorni, Karen Primorac","German Textbook","University of Windsor","0-934034-04-4",,,17,189,,,,
1060,"Muzzy songbook","none","songbook BBC","BBC English","None",,,17,36,,,"Para vender",
1061,"Muzzy BBC","none","muzzy book","BBC English","None",,,17,20,,,"Para vender",
1062,"Muzzy BBC Livro de Musicas","none","muzzy book","BBC English","None",,,17,61,,,"Para vender",
1063,"Muzzy BBC","none","muzzy book","BBC English","None",,,17,20,,,"Para vender",
1064,"Muzzy BBC","none","muzzy book","BBC English","None",,,17,20,,,"Para vender",
1065,"Muzzy BBC","none","muzzy book","BBC English","None",,,17,20,,,"Para vender",
1066,"Muzzy BBC","none","muzzy book","BBC English","None",,,17,20,,,"Para vender",
1067,"Young English Series Yes!","Lars Mellgren Michael Walker","Workbook  ","Addison-Wesley Publishing company","0-201-04992-9",,,17,46,,,,
1068,"Young English Series Yes!","Lars Mellgren Michael Walker","Book  ","Addison-Wesley Publishing company","0-201-04991-0",,,17,96,,,,
1069,"Muzzy BBC Songbook","none","Book  ","BBC English","None",,,17,36,,,,
1070,"London Workbook","Francis, Hallawell","Longman  ","Longman","0-582-02575-3",,,17,32,,,,
1071,"Themen 1 Lehrwerk Deutsch als Fremdsprache","none ","German Textbook","E.P.U.","85-12-51240-7",,,17,107,,,,
1072,"Bienvenue en France Methode de Francais Tome 2 episodes 14-26","Annie Monnerie-goarin","French Textbook","Hatier/Didier","2-218-03684-X",,,17,96,,,,
1073,"Bienvenue en France corrige des exercises des episodes 14 a 26","Annie Monnerie-goarin","French Correction book","Hatier/Didier","None",,,17,16,,,,
1074,"Muzzy BBC  ","none","BBC book","BBC English","None",,,17,64,,,"Para vender",
1075,"Wie Sag Ich's Auf deutsch","Gerhard Kaufmann","German Textbook","Hueber","None",,,17,80,,,,
1076,"Training Deutsch 60 Wortschatz-und Strukturubungen","Joachim Busse","German Textbook","Hueber","3-19-001313-6",,,17,60,,,,
1077,"Ubungen zu prapositionen und synonymen Verben","Werner Schmitz","German Textbook","Hueber","3-19-001094-3",,,17,80,,,,
1078,"Themen Lehrwerk fur Deutsch als Fremdsprache","Dagmar Paleit","German Textbook","Hueber","3-19-131371-0",,,17,119,,,,
1079,"Ti ho sposato per allegria","Natalia  Ginzburg","Italian Textbook","Natalia Ginzburg","87-429-7652-9",,,17,48,,,,
1080,"Themen 3 Lehrwerk fur Deutsch als Fremdsprache","Harmut aufderstrasse","German Textbook","Hueber","3-19-001373-X",,,17,179,,,,
1081,"German in 10 minutes a day","kristine Kershul","German Textbook","A sunset series","0-944502-55-5",,,17,112,,,,
1082,"Themen 1 Lehrwerk Deutsch als Fremdsprache","Karl-Heinz Eisfeld","German Textbook","Hueber","3-19-021371-2",,,17,128,,,,
1083,"Themen 3 Lehrwerk fur Deutsch als Fremdsprache","Haiko bock and Jutta muller","German Textbook","Hueber","3-19-011373-4",,,17,166,,,,
1084,"Themen 1 Lehrwerk Deutsch als Fremdsprache","Harmut aufderstrasse","German Textbook","Hueber","3-19-001371-3",,,17,152,,,,
1085,"Themen 1 Lehrwerk Deutsch als Fremdsprache","Mechthild Gerdes","German Textbook","Hueber","3-19-031371-7",,,17,170,,,,
1086,"Marcovaldo","Italo Calvino","Book  ","Easy Reader's","87-11-07559-7",,,17,84,,,,
1087,"I giovedi della signora Giulia","Piero Chiara","Book  ","Easy Reader's","87-429-7793-2",,,17,94,,,,
1088,"Themen 1 Lehrwerk Deutsch als Fremdsprache","Mechthild Gerdes","German Textbook","Hueber","3-19-031371-7",,,17,170,,,,
1089,"Themen Neu 1 Lehrwerk fur Deutsch als Fremdsprache","Heiko bock","German Textbook","Hueber","3-19-011521-4",,,17,144,,,,
1090,"ABC der Schwachen Verben","klare Meil, Margit Arndt","German Textbook","Hueber","3-19-001091-9",,,17,179,,,,
1091,"Ubungen zum Gebrauch von Perfekt und prateritum im Deutschen","Sigbert Latzel","German Textbook","Hueber","3-19-001059-5",,,17,82,,,,
1092,"Richtiges Deutsch Sprachubungen fur Fortgeschrittene","Hilmar Kormann","German Textbook","Hueber","3-19-001235-0"," ",,17,90,,,,
1093,"Themen 2 Lehrwerk fur Deutsch als Fremdsprache","Harmut aufderstrasse","German Textbook","Hueber","3-19-031372-5",,,17,144,,,,
1094,"Themen 2 Lehrwerk fur Deutsch als Fremdsprache","Maria Helena Voorsluys","German Textbook","Hueber","85-12-51340-3",,,17,144,,,,
1095,"Vamos Aprender Japones Basico I – livro texto","none ","Japanese textbook","Hueber","None",,,17,187,,,,
1096,"Sprechen von sprechen uber? Ubungen zu sinnverwandten Prapositionalverben","Sigbert Latzel","German Textbook","Hueber","3-19-001368-3",,,17,127,,,,
1097,"Follow me to San Francisco","Suzanne Griffing","English textbook","BBC Longman","0-582-79794-2",,,17,100,,,,
1098,"ABC Deutschen Nebensatze","Wolf-Dietrich Zielinski","German Textbook","Hueber","3-19-001340-3",,,17,191,,,,
1099,"Follow me to San Francisco – Teacher's Manual","Susan Cole, Suzanne Griffin","German Textbook","BBC Longman","0-582-79795-0",,,17,54,,,,
1100,"Cours de Francais Methode Structurale","Starling e Maciel","French Textbook","Editora vigilia LTDA","None",,,17,118,,,,
1101,"Cours de Francais Methode Structurale","Starling e Maciel","French Textbook","Editora Vigilia LTDA","None",,,17,166,,,,
1102,"Vamos Aprender japones Basico I – Livro Texto","none","Japanese textbook","Eigo Centre and kenkyusha publishing co.","None",,,17,187,,,,
1103,"Destinos An Introduction to Spanish – Workbook/Study Guide I Lecciones 1-26","VanPatten, Marks, Teschner","Spanish Textbook","The Annenbert/CPB Collection","0-07-002072-8",,,17,313,,,,
1104,"Destinos An Introduction to Spanish  ","VanPatten, Marks, Teschner","Spanish Textbook","The Annenbert/CPB Collection","0-07-002069-8",,,17,558,,,,
1105,"Follow me to San Francisco   ","none ","Video Tape  ","BBC Longman","None",,,17,"n.a.",,,,
1106,"London  ","Leslie Dunkling","Book  ","Longman","0-582-74905-0",,,18,32,,,,
1107,"Where Eagles Dare","Alistair MacLean","Book  ","Collins English Library","0-00-370096-8",,,18,96,,,,
1108,"Wuthering Heights","Emily Bronte  ","Book  ","Longman","0-582-01822-6",,,18,74,,,,
1109,"Wuthering Heights","Emily Bronte  ","Book  ","Collins English Library","0-00-370086-0",,,18,119,,,,
1109,"Wuthering Heights","Emily Bronte  ","Book  ","Collins English Library","0-00-370086-0",,,18,119,,,,
1111,"King Solomon's Mines","H. Rider Haggard","Book  ","Collins English Library","0-00-370077-1",,,18,96,,,,
1112,"Bosch","Anthony Bosman","Book  ","Barnes and noble, Inc.","None",,,18,90,,,,
1113,"Spanish Level one","Harcourt, Brace & world","Book  ","Harcourt, Brace & world Inc.","None",,,18,131,,,,
1114,"K's First Case","LG Alexander","Longman Structural Readers Stage 2","Longman","0-582-53730-4",,,18,61,,,,
1115,"Six American Stories","Edited by Norman Wymer","Book  ","Collins English Library","0-00-370149-2",,,18,62,,,,
1107,"Where Eagles Dare","Alistair MacLean","Book  ","Collins English Library","0-00-370096-8",,,18,96,,,,
1117,"Middlemarch","George Eliot","Book  ","Collins English Library","0-00-370130-1",,,18,96,,,,
1118,"Ivanhoe","Sir Walter Scott","Book  ","Webster Division, Mcgraw Hill book company","07-033741-1",,,18,133,,,,
1119,"Wuthering Heights","Emily Bronte  ","Longman Movieworld easy reading edition","Longman","0-582-54124-7",,,18,32,,,,
1120,"Japanese Red and other short stories","none","Longman Structural Readers Stage 2","Longman","0-582-52739-2",,,18,48,,,,
1121,"Island of the Volcanoes","Donn Byrne","Longman Structural Readers Stage 2","Longman","0-582-53715-0",,,18,47,,,,
1122,"The storm ","Richard Musman","Longman Structural Readers Stage 1","Longman","0-582-53679-0",,,18,16,,,,
1123,"Pele King of Football","Noel Machin","Longman Structural Readers Stage 1","Longman","0-582-52674-4",,,18,16,,,,
1124,"Lisa in London","Paul Victor","Longman Structural Readers Stage 1","Longman","0-582-53347-3",,,18,16,,,,
1125,"Pop Festival","Ian Serraillier","Longman Structural Readers Stage 2","Longman","0-582-53714-2",,,18,32,,,,
1126,"Have you got your ticket","Ian Serraillier","Longman Structural Readers Stage 2","Longman","0-582-53727-4",,,18,32,,,,
1127,"It never snows in England","Peter Ferguson","Longman Structural Readers stage 1","Longman","0-582-52614-0",,,18,16,,,,
1128,"The mystery of the Loch Ness Monster","Leslie Dunkling","Longman Structural Readers Stage 1","Longman","0-582-52514-4",,,18,16,,,,
1129,"Pop festival ","Ian Serraillier","Longman Structural Readers Stage 2","Longman","0-582-53714-2",,,18,32,,,,
1130,"Marcel and the Mona Lisa","Stephen Rabley","Easy Starts","Longman","0-582-06075-3",,,18,16,,,,
1131,"Professor Boffin's umbrella","LG Alexander","Longman Structural Readers Stage 2","Longman","0-582-53724-X",,,18,32,,,,
1132,"Between two worlds","Stephen Rabley","Easy Starts","Longman","0-582-06074-5",,,18,16,,,,
1133,"The Battle of Newton Road","Leslie Dunkling","Longman Structural Readers Stage 1","Longman","0-582-53710-X",,,18,30,,,,
1134,"The Sheriff","Robert O'Neill","Longman Structural Readers Stage 1","Longman","0-582-52518-7",,,18,16,,,,
1135,"Worth a Fortune","LG Alexander","Longman Structural Readers Stage 2","Longman","0-582-53721-5",,,18,32,,,,
1136,"It never snows in England","Peter Ferguson","Longman Structural Readers Stage 1","Longman","0-582-52614-0",,,18,16,,,,
1137,"Sherlock Holmes and the Dancing Men","A conan Doyle- DK Swan","Longman Group Limited","Longman","0-582-53677-4",,,18,16,,,,
1138,"London  ","Leslie Dunkling","Longman Structural Readers : Background ","Longman","0-582-74905-0",,,18,32,,,,
1139,"The last photo","bernard Smith","Easy Starts","Longman","0-582-03147-8",,,18,16,,,,
1140,"The Lost Love and other stories by Jan Carew","none","Longman Structural Readers Stage 2","Longman","0-582-53690-1",,,18,28,,,,
1141,"Mr Punch","LG Alexander","Longman Structural Readers stage 1","Longman","0-582-53706-1",,,18,16,,,,
1142,"The blue Lagoon","H de Vere Stacpoole","Book  ","Longman","0-582-53540-9",,,18,60,,,,
1143,"Irish Short Stories ","various","Longman Simplified English Series","Longman","0-582-52908-5",,,18,110,,,,
1144,"Doctor Zhivago","Boris Pasternak","Book  ","Collins English Library","0-00-370097-6",,,18,120,,,,
1145,"The storm ","Richard Musman","Longman Structural Readers Stage 1","Longman","0-582-53679-0",,,18,16,,,,
1146,"Island of the Volcanoes","Donn Byrne","Longman Structural Readers Stage 2","Longman","0-582-53715-0",,,18,47,,,,
1147,"The House near the Sea","Richard Musman","Longman Structural Readers Stage 1","Longman","0-582-53707-X",,,18,16,,,,
1148,"Teaching English As a Second or Foreign Language","Marianne Celce-Murcia","Book  ","HH","0-8384-2860-6",,,18,567,,,,
1149,"Star Wars Episode I The phantom Menace","Terry Brooks","Audio book","Ballantine books","0-345-42765-3",,,18,324,,,"Para vender",
1150,"Book Three English","Cordelia Canabrava Arruda","Textbook","Editora Scipione","85-262-2712-2",,,18,190,,,,
1151,"Lado English Series-teacher's manual 2","Roberto Lado","Textbook","A regents Publication","0-88345-341-X",,,18,185,,,,
1152,"Lado English Series – Teacher's Manual 5","Roberto lado","Textbook","A regents Publication","0-88345-344-4",,,18,233,,,,
1153,"Contemporary Linguistics An Introduction","William O'Grady, Michael Dobrovolsky, Mark Aronoff","Book  ","St. Martin's Press","0-312-01878-9",,,18,490,,,,
1154,"Tarzan and his friends","none","children's book","kid stuff","None",,,18,15,,,,
1155,"The Saggy Baggy Elephant","none","Children's book","Disneyland records","None",,,18,20,,,,
1156,"Pete's Dragon","none","Book  ","Walt disney productions","None",,,18,24,,,,
1157,"The little Engine that could","none","a little golden book & cassette","Disneyland records","None",,,18,24,,,,
1158,"E.T. The Extraterrestrial as told by Gertie","none","children's book","Universal city studios","None",,,18,24,,,,
1159,"Tawny Scrawny Lion","none","Children's book","Disneyland records","None",,,18,24,,,,
1160,"Scuffy the tugboat","none","Children's book","Disneyland records","None",,,18,24,,,,
1161,"Baby Animals","none","Children's book","Disney Discovery series","None",,,18,24,,,,
1162,"Pinocchio","none","Children's book","Walt disney  ","None",,,18,24,,,,
1163,"Bambi","none","children's book","Walt disney  ","None",,,18,24,,,,
1164,"The Poky","none","children's book","Walt disney  ","None",,,18,24,,,,
1165,"Brer Rabbit and the tar baby","none","children's book","Walt disney  ","None",,,18,24,,,,
1166,"There's no such thing as  a Dragon","none","Children's book","A little Golden Book & cassette","None",,,18,24,,,,
1167,"The story of the Wizard of OZ","none","children's book","walt disney storyteller","None",,,18,24,,,,
1168,"Winnie the pooh and the Honey tree","none","children's book","Walt disney  ","None",,,18,24,,,,
1169,"Rumpelstiltskin","none","children's book","Walt disney  ","None",,,18,24,,,,
1170,"The Jungle Book","none","children's book","Walt disney  ","None",,,18,23,,,,
1171,"jack and the beanstalk","none","children's book","Tele-story presents","None",,,18,28,,,,
1172,"Sleeping beauty","none","children's book","Superscope, Inc.","None",,,18,28,,,,
1173,"The Tortoise and the Hare","none","children's book","Tele-story presents","None",,,18,28,,,,
1174,"Noah and the Ark","none","children's book","Tele-story presents","None",,,18,28,,,,
1175,"Goldilock and the three bears/the three little pigs","none","children's book","Tele-story presents","None",,,18,28,,,,
1176,"Samson and Delilah ","none","children's book","The superscope story teller","None",,,18,28,,,,
1177,"David and Goliath","none","children's book","Tele-story presents","None",,,18,28,,,,
1178,"Moses in Egypt","none","children's book","The superscope story teller","None",,,18,28,,,,
1179,"Moses in Egypt","none","children's book","The superscope story teller","None",,,18,28,,,,
1180,"Learning shapes and colors rainbow land","none","children's book","Tele-story presents","None",,,18,26,,,,
1181,"Learning my a treasure hunt","none","children's book","tele-story presents","None",,,18,26,,,,
1182,"Learning my a treasure hunt","none","children's book","tele-story presents","None",,,18,26,,,,
1183,"Learning about the zoo","none","children's book","tele-story presents","None",,,18,26,,,,
1184,"Learning about the zoo","none","children's book","Tele-story presents","None",,,18,26,,,,
1185,"Mickey Mouse and the second wish","none","Children's book","A Tell a tale book","None",,,18,26,,,,
1186,"Learning about manners what do you say","none","children's book","tele-story presents","None",,,18,26,,,,
1187,"Learning shapes and colors rainbow land","none","children's book","Tele-story presents","None",,,18,26,,,,
1188,"David copperfield","Charles Dickens","Book  ","Collins English Library","0-00-370084-4",,,18,96,,,,
1189,"Oil","Norman Wymer","Non-fiction Longman Structural Readers Stage 4","Longman","0-582-53755-X",,,18,74,,,,
1190,"Portuguese for Foreigners","S.M. Philbert","Book  ","Edicoes de Ouro","None",,,18,220,,,"Para vender",
1191,"The Eagle has landed","Jack Higgins","Book  ","Collins English Library","0-00-370122-0",,,18,112,,,,
1192,"Rapunzel/The gingerbread man","none","children's book","superscope, Inc.","None",,,18,26,,,,
1193,"The selfish giant","none","children's book","Tele-story presents","None",,,18,26,,,,
1194,"Rumpelstiltskin","none","children's book","the story teller","None",,,18,26,,,,
1195,"Daniel in the Lion's den","none","children's book","tele-story presents","None",,,18,26,,,,
1196,"Samson and delilah ","none","children's book","tele-story presents","None",,,18,26,,,,
1197,"Joshua and the battle of jericho","none","children's book","The superscope story teller","None",,,18,26,,,,
1198,"Daniel in the Lion's den","none","children's book","tele-story presents","None",,,18,26,,,,
1199,"Moses in Egypt","none","children's book","The superscope story teller","None",,,18,26,,,,
1200,"Noah and the Ark","none","children's book","tele-story presents","None",,,18,26,,,,
1201,"The emperor's new clothes","none","children's book","tele-story presents","None",,,18,26,,,,
1202,"Learning about manners what do you say","none","children's book","Tele-story presents","None",,,18,26,,,,
1203,"the Jungle  ","Upton Sinclair","Classics Illustrated","classics illustrated","0-915419-74-2",,,18,44,,,,
1204,"Gotham city","Mike Mignola","Comic Book","Abril jovem","None",,,18,47,,,,
1205,"the invisible man","H.G. Wells","Comic Book","classics illustrated","None",,,18,44,,,,
1206,"Cyrano de Bergerac ","Edmond Rostand","Comic Book","Clssic illustrated","0-425-12528-9",,,18,44,,,,
1207,"Dr. Jekyll & Mr. Hyde","Robert Louis Stevenson","Comic Book","classics illustrated","0-425-12025-2",,,18,44,,,,
1208,"The secret Agent","Joseph Conrad","Comic Book","classics illustrated","0-425-12524-6",,,18,44,,,,
1209,"Aesop's Fables","adapted by Eric vincent","Comic Book","classics illustrated","0-915419-73-4",,,18,44,,,,
1210,"The secret Agent","Joseph Conrad","Comic Book","classics illustrated","0-425-12524-6",,,18,44,,,,
1211,"Fafhrd and the Gray Mouser","Chaykin/Mignola/Williamson/van Valkenburgh and Fritz Lieber","Comic Book","Epic comics","0-87135-722-4",,,18,47,,,,
1212,"The Vampire Lestat","Anne Rice's","Comic Book","Innovation","None",,,18,32,,,,
1213,"Fafhrd and the Gray Mouser","chaykin/Mignola/Williamson/van Valkenburgh and Fritz Lieber","Comic Book","Epic comics","None",,,18,47,,,,
1214,"The Island of Dr. Moreau","H.G. Wells","Comic Book","classics illustrated","0-425-12029-5",,,18,44,,,,
1215,"Fafhrd and the Gray Mouser","chaykin/Mignola/Williamson/van Valkenburgh and Fritz Lieber","Comic Book","Epic comics","None",,,18,47,,,,
1216,"Seleccoes do Reader's Digest Lectures","none","none","none","None",,,18,142,,,,
1217,"A origem da vida","none","Book  ","biblioteca Salvat de grandes temas(gt)","84-401-0209-7",,,18,142,,,"Para vender",
1218,"Muzzy Level II","none","a video english course parts 4-6","BBC  ","None",,,18,62,,,"Para vender",
1219,"Muzzy BBC","none","video storybook","BBC  ","None",,,18,40,,,"Para vender",
1220,"Muzzy Level II ","none","level II","BBC  ","84-87299-16-4",,,18,62,,,"Para vender",
1221,"Muzzy BBC guia de curso","none","muzzy book","BBC  ","84-7638-028-5",,,18,64,,,"Para vender",
1222,"Muzzy BBC","none","muzzy book","BBC  ","84-7638-028-5",,,18,20,,,"Para vender",
1223,"Muzzy BBC","none","muzzy book","BBC  ","84-7638-028-5",,,18,20,,,"Para vender",
1224,"Muzzy BBC guia de curso","none","muzzy book","BBC  ","84-7638-028-5",,,18,64,,,"Para vender",
1225,"Muzzy BBC","none","muzzy book","BBC  ","84-7638-028-5",,,18,20,,,"Para vender",
1226,"Muzzy BBC","none","muzzy book","BBC  ","84-7638-028-5",,,18,24,,,"Para vender",
1227,"Story of Robin Hood","none","walt disney productions","Walt disney  ","None",,,18,24,,,,
1228,"Password English","Amadeus Marques","livro gramatica","Editora Atica","85-08-03890-8",,,18,152,,,,
1229,"Password English","Amadeus Marques","livro gramatica","Editora Atica","85-08-03892-5",,,18,151,,,,
1230,"Password English","Amadeus Marques","livro gramatica","Editora atica","85-08-03894-1",,,18,176,,,,
1231,"Muzzy BBC","none","muzzy book","BBC  ","84-7638-028-5",,,18,20,,,"Para vender",
1232,"Muzzy BBC","none","muzzy book","BBC  ","None",,,18,64,,,"Para vender",
1233,"Muzzy BBC","none","muzzy book","BBC  ","84-7638-028-5",,,18,20,,,"Para vender",
1234,"Muzzy BBC","none","muzzy book","BBC  ","None",,,18,36,,,"Para vender",
1235,"Muzzy BBC","none","muzzy book","BBC  ","84-7638-028-5",,,18,24,,,"Para vender",
1234,"Muzzy BBC","none","muzzy book","BBC  ","None",,,18,36,,,"Para vender",
1237,"English Grammar through actions","Eric J Schessler","muzzy book","BBC  ","0-940296-27-6",,,18,96,,,"Para vender",
1238,"The Sheriff","Robert O'Neill","Longman Structural Readers Stage 1","Longman","0-582-52518-7",,,18,16,,,,
1239,"Giria Americana comteporanea","Donald E. Collins/Luiz L Gomes","A dictionary of contemporary American Slang","Pioneira","None",,,18,250,,,,
1240,"Listening in & Speaking out -Intermediate","Gary James/Charles G Whitley/Sharon Bode","Book  ","Longman","0-582-79735-7",,,18,102,,,,
1241,"A case for English","Diana Hicks/Michel Pote/Armel Esnol/Derek Wright","Book  ","Cambridge University Press","0-521-22291-5",,,18,80,,,,
1242,"Hotel Personnel Book 1","Vivien Worsdall","Office Managers, Clerks, Cashiers, Telephone Operators","Collier-Macmillan International","None",,,18,122,,,,
1243,"Wuthering Heights","Emily Bronte  ","Longman Classics","Longman","0-582-01822-6",,,18,74,,,,
1244,"Girl Against the Jungle","Monica Vincent","Book  ","Longman","0-582-53729-0",,,18,32,,,,
1245,"Modern American English","Robert J Dixson","Book  ","Educom Editora LTDA. Sao Paulo","None",,,18,89,,,,
1246,"New Happy Book 3","Tania Moraes Gaspar","Textbook","Editora Scipione","85-262-3336-X",,,18,40,,,"Para vender",
1247,"If you Feel like singing","Alice H Osman/Jean McConochie","Textbook","Longman, Inc.","0-582-79724-1",,,18,92,,,"Para vender",
1248,"Operation Janus ","LG Alexander","Longman Structural Readers Stage 1","Longman","0-582-53713-4",,,19,16,,,,
1249,"The Mystery of the Loch Ness Monster","Leslie Dunkling","Longman Structural Readers Stage 1","Longman","0-582-52514-4",,,19,16,,,,
1250,"Sherlock Holmes and the Dancing Men","A conan Doyle- DK Swan","Fiction Longman Structural Readers Stage 1","Longman","0-582-53677-4",,,19,14,,,,
1251,"The Troy Stone","Stephen Rabley","Easy Starts","Longman","0-582-04598-3",,,19,16,,,,
1252,"Dead Man's River","Elizabeth Laird","Easy Starts","Longman","0-582-04612-2",,,19,16,,,,
1253,"Tinkers Island","Stephen Rabley","Easy Starts","Longman","0-582-03149-4",,,19,16,,,,
1254,"Flying Home","Stephen Rabley","Easy Starts","Longman","0-582-03151-6",,,19,16,,,,
1255,"Tinkers Farm","Stephen Rabley","Easy Starts","Longman","0-582-04609-2",,,19,16,,,,
1256,"Girl Against the Jungle","Monica Vincent","LSR Adventure Stage 2","Longman","0-582-53729-0",,,19,32,,,,
1257,"K's First Case","LG Alexander","Longman Structural Readers Stage 2","Longman","0-582-53730-4",,,19,61,,,,
1258,"The flying Spy","Alwyn Cox","Longman Structural Readers Stage 1","Longman","0-582-53709-6",,,19,16,,,,
1259,"April Fool's Day","LG Alexander","Longman Structural Readers Stage 2","Longman","0-582-53719-3",,,19,32,,,,
1260,"On the Road","Donn Byrne","Longman Structural Readers Stage 2","Longman","0-582-53716-9",,,19,32,,,,
1261,"Worth a Fortune","LG Alexander","Longman Structural Readers Stage 2","Longman","0-582-53721-5",,,19,32,,,,
1262,"Island of the Volcanoes","Donn Byrne","Longman Structural Readers Stage 2","Longman","0-582-53715-0",,,19,47,,,,
1263,"Green Island","Anthony Eyre","Longman Structural Readers Stage 1","Longman","0-582-53703-7",,,19,16,,,,
1264,"The Sheriff","Robert O'Neill","Longman Structural Readers Stage 1","Longman","0-582-52518-7",,,19,16,,,,
1265,"Detectives from Scotland Yard","LG Alexander","Longman Structural Readers Stage 1","Longman","0-582-53704-5",,,19,16,,,,
1266,"Car Thieves","L G Alexander","Longman Structural Readers Stage 1","Longman","0-582-53705-3",,,19,16,,,,
1267,"Graded English Puzzles Book Five","Lewis Jones","Puzzle book","Collins English Library","0-00-370304-5",,,19,46,,,,
1268,"Lost Secret Teacher's Guide","Robert O'Neill","Textbook","BBC English","1-85497-138-7",,,19,112,,,,
1269,"German for Travelers","Lewis Robins and Staff","Textbook","Collier Books","None",,,19,128,,,,
1270,"A new time for English Book 3","Amadeus Marques","Textbook","Editora Atica","85-08-03113-0",,,19,112,,,,
1271,"Teacher's Manual","none","text manual","Prentice Hall Regents","0-13-770967-6",,,19,60,,,,
1272,"Action Games","Cyndi Turtledove","game book","Delti","968-6820-04-3",,,19,121,,,,
1273,"Italian in 10 Minutes a day","Kristine Kershul","italian textbook","A sunset series","0-944502-31-8",,,19,128,,,,
1274,"An Illustrated history of the USA","Bryn O'Callaghan","English textbook","Longman","0-582-74921-2",,,19,144,,,"Para vender",
1275,"Fun and Games in English","Carla Chaves, Aileen Graham, Wendy Superfine","English textbook","Delta publishing","1-900783-34-7",,,19,95,,,,
1276,"Children's Games","Maria Toth","English textbook","Macmillan Heinemann","0-435-29466-0",,,19,96,,,,
1277,"Puzzlemania","none","English textbook","none","87534-703-7",,,19,50,,,,
1278,"Lado English Series – A complete course in English as a second language","Roberto Lado","English textbook","none","0-88345-340-1",,,19,179,,,,
1279,"Teacher's Manual","none","English textbook","Regents Illustrated Classics","0-13-770959-5",,,19,75,,,,
1280,"Teacher's Manual","none","English textbook","Regents Illustrated Classics","0-13-770967-6",,,19,60,,,,
1281,"Teacher's Manual","none","English textbook","Regents Illustrated Classics","0-13-770959-5",,,19,76,,,,
1282,"Muzzy and the funfair adventure","none","muzzy book","BBC English","1-85497-224-3",,,19,31,,,"Para vender",
1283,"Muzzy and the Great Gondoland Games","none","muzzy book","BBC English","1-85497-221-9",,,19,31,,,"Para vender",
1284,"French in 10 minutes a day","none","French Textbook","A sunset series","0-944502-15-6",,,19,112,,,,
1285,"Through the looking glass","Lewis Carroll","Classics Illustrated","classics illustrated","0-425-12022-8",,,19,44,,,,
1286,"Toulouse-Lautrec","Taschen","painting book","none","3-8228-0484-3",,,19,95,,,"Para vender",
1287,"TOEFL Tapescript and key","Carol King and Nancy Stanley","Book  ","Nelson","0-17-555730-6",,,19,114,,,"Para vender",
1288,"The Missing Habits","Rosana Telles and Charlyne Haden","Book  ","FTD","None",,,19,31,,,"Para vender",
1289,"The Hummingbird's Punishment","Steve and Maria Yolen","Book  ","FTD","None",,,19,23,,,"Para vender",
1290,"Streamline English Departures part A Units 1-40","Bernard hartley & Peter Viney","Book  ","Oxford University Press","0-19-432251-3",,,19,40,,,,
1291,"The Marvelous Fantastic Amazing Kite","Rosana Telles and Charlyne Haden","Book  ","FTD","None",,,19,15,,,,
1292,"Longman Preparation for the TOEFL","Deborah Phillips","Book  ","Longman","0-582-03747-6",,,19,282,,,"Para vender",
1293,"Chessmen","A.E.J. Mackett-Beeson","Book  ","Octopus books","0-7064-0050-X",,,19,97,,,"Para vender",
1294,"Building Skills for the TOEFL","Carol King and Nancy Stanley","Book  ","Nelson","0-17-555729-2",,,19,522,,,"Para vender",
1295,"As Linguas do Mundo","Charles Berlitz","Book  ","Editora Nova Fronteira","85-209-0086-0",,,19,316,,,"Para vender",
1296,"Book Four English Plus","Cordelia Canabrava Arruda","Textbook","Editora Scipione","85-262-2717-9",,,19,206,,,,
1297,"Basic Survival- International Communication for Professional People","Peter Viney","Text book","heinemann ELT","0-435-29688-4",,,19,103,,,,
1298,"Very Easy Crossword Puzzles Grades 1-2","none","Textbook","Whitman","None",,,19,62,,,,
1299,"Life Styles- Student's book 2","Francisco Lozano, Jane Sturtevant","Textbook","Longman/imnrc","0-582-79757-8",,,19,121,,,,
1300,"Psycholinguistics","Jean Berko Gleason, Nan Bernstein Ratner","Textbook","Harcourt Brace college publishers","0-15-504106-1",,,19,481,,,,
1301,"Toon The Cartoon Roleplaying Game","designed by Greg Costikyan","game book","Steve Jackson games","1-55634-197-0",,,19,208,,,,
1302,"Star Wars The Roleplaying Game","none","roleplaying game book","West End Games","0-87431-065-2",,,19,108,,,,
1303,"English 2","Amadeus Marques","Grammar book","Editora Atica","None",,,19,208,,,,
1304,"A concise English Grammar for foreign Students","C.E. Eckersley","Grammar book","Longman","0-582-52010-X",,,19,149,,,,
1305,"A university Grammar of English Workbook","Randolph Quirk, Signey Greenbaum","Workbook  ","Longman","0-582-52280-3",,,19,174,,,,
1306,"Estruturas Linguisticas do Portugues","Bernard Pottier/Albert Audubert/Cidmar Teodoro pais","Linguistics book","DIFEL","None",,,19,138,,,,
1307,"Metodologia Cientifica Guia para eficiencia nos estudos","Joao Alvaro Ruiz","Language teaching book","atlas","85-224-0753-3",,,19,177,,,,
1308,"The Natural Approach","Stephen Krashen","Language teaching book","Alemany Press","0-88084-005-6",,,19,191,,,,
1309,"Psycholinguistics","Michael Garman","Linguistics book","Cambridge Textbooks in Linguistics","0-521-27641-1",,,19,512,,,,
1310,"Puzzles Book six Graded English","Lewis Jones","Puzzle book","Collins English Library","0-00-370305-3",,,19,48,,,,
1311,"The sleeping River","Steve and Maria Yolen","Brazilian Legends Series","FTD","None",,,19,23,,,,
1312,"Passages","Isabel L Beck","HRW Reading","Holt, Rinehart and Winston","0-15-718120-0",,,20,596,,,"Para vender",
1313,"Superman From Krypton to Metropolis","E Nelson Bridwell","Comic Book","DC Comics","None",,,20,61,,,"Para vender",
1314,"Introductory Linguistics","Robert A Hall Jr.","Book  ","Hall","None",,,20,508,,,,
1315,"Novissimo Dizionario","none","Book  ","Lello & Irmao – Editores Porto","None",,,20,484,,,,
1316,"Introduction Theorical Linguistics","John Lyons","Book  ","Cambridge University Press","None",,,20,519,,,"Para vender",
1317,"Introducao a linguistica descritiva","H.A. Gleason, Jr","Book  ","Fundacao Calouste","None",,,20,533,,,,
1318,"What about Learning 2 English grammar","Arnon Hollaeder, Vidal Varella Filho","Book  ","Edicao Saraiva","None",,,20,232,,,,
1319,"Elements of Acoustic Phonetics","Peter Ladefoged","Book  ","The university of Chicago Press","0-226-46785-6",,,20,120,,,,
1320,"Dictionnaire Du Vocabulaire Essentiel","George Matore","Les 5000 Mots Fondamentaux","Larousse","84-7142-146-1",,,20,359,,,,
1321,"Funny Stories","none","Structurally graded","OGR","0-19-421762-0",,,20,32,,,,
1322,"English 2 Course 20 grau","Abel de Oliveira","Book  ","one","85-262-1834-4",,,20,240,,,,
1323,"Language Introductory readings","Virginia p. Clark","Book  ","St. Martin's press, New York","None",,,20,558,,,,
1324,"25 Centuries of Language Teaching 500 BC-1969","L.G Kelly","Book  ","Newbury House Publishers","None",,,20,474,,,,
1325,"Mother Goose","Illustrated by Hilda Offen","Book  ","Simon & Schuster books","0-671-50118-6",,,20,157,,,,
1326,"A new time for English Book 3","Amadeus Marques","Grammar book","Editora Atica","85-08-03113-0",,,20,112,,,,
1327,"Time for English Book 4 ","Amadeus Marques","Grammar book","Editora Atica","85-08-00454-0",,,20,128,,,,
1328,"Que eh Linguistica","Suzette/Haden/Elgin","Curso de Linguistica Moderna","Zahar Editores","None",,,20,159,,,,
1329,"Dicionario Basico Japones-Portugues","Massao Ohno ","Alianca Cultural Brasil-Japao","Fundacao Japao","4-89358-004-3",,,20,957,,,,
1330,"A University Grammar of English  ","Randolph Quirk, Sidney Greenbaum","A university grammar of English","Longman","0-582-55207-9",,,20,484,,,,
1331,"Second Book in English","Robert J Dixson","Revised Edition","Dixson English Series","None",,,20,116,,,,
1332,"Modern American English","Robert J Dixson","Modern American English New Edition","Educom Editora LTDA. Sao Paulo","None",,,20,167,,,,
1333,"Lado English Series – A complete course in English as a second language","Robert Lado","Teacher's manual","Regents Publishing Company, Inc.","None",,,20,127,,,,
1334,"Lado English Series – A complete course in English as a second language","Robert Lado","Book 6","Regents Publishing Company, Inc.","None",,,20,308,,,,
1335,"The Ear Book","Al Perkins","Bright and early books for beginning beginners","A Bright and Early book","None",,,20,20,,,"Para vender",
1336,"Snow White and the Seven Dwarfs","none","Walt disney  ","Disney  ","None",,,20,39,,,"Para vender",
1337,"You're the Greatest Charlie Brown","Charles Schulz","Walt disney  ","Charlie brown Special","None",,,20,36,,,"Para vender",
1338,"Pequena Historia da Linguistica","R.H. Robins","Linguistica e filologia","ao livro Tecnico S/A Industria e Comercio","None",,,20,202,,,,
1339,"1 English course 2o grau","Abel de Oliveira","livro do professor","Editora Scipione","85-262-1833-6",,,20,230,,,,
1340,"Nihongo Kaiwa/Curso de conversacao","Keiko furukawa e neida kokubo","Alianca Cultural Brasil-Japao","Alianca cultural Brasil-japao","None",,,20,170,,,,
1341,"Play and Practice","Anthony Bosman/Kurt Stenberg","Communicative activies and games for building English language Skills","National Textbook Company","None",,,20,20,,,,
1342,"Mother Goose Jazz Chants","Carolyn Graham","Jazz chants","Oxford American English","0-19-434001-5",,,20,56,,,,
1343,"Role Play in Language Learning","Carol Livingstone","Longman Handbooks for Language Teachers","Longman","0-582-74611-6",,,20,94,,,,
1344,"Materials for Language Teaching 2 Interaction package B","Donn Byrne","Interaction Package B","Modern English Publications","0-906149-03-7",,,20,32,,,,
1345,"Materials for Language Teaching 3 ","Donn Byrne","Book  ","Modern English Publications","0-906149-04-5",,,20,28,,,,
1346,"Materials for Language Teaching 1 Interaction package A","Donn Byrne","book new edition","Modern English Publications","0-906149-11-8",,,20,36,,,,
1347,"Guia do curso Vocabulario Essencial","none","o frances de hoje selecoes readers digest","Seleccoes do reader's digest","84-7142-146-1",,,20,82,,,,
1348,"Talk it Over","Alexander, Vincent, Chapman","Discussion Topics for Intermediate Students","Longman","0-582-7971-95",,,20,62,,,,
1349,"New Horizons in English 6 Second Edition","Mellgren/Walker","Grammar textbook","Addison-Wesley Publishing company","0-201-05025-0",,,20,144,,,,
1350,"Lado English Series – A complete course in English as a second language","Robert Lado","Grammar book","Regents Publishing Company, Inc.","0-88345-307-X",,,20,198,,,,
1351,"Say it Naturally verbal strategies for Authentic Communication","Allie Patricia Wall","Book  ","HOLT ESL/EFL","0-03-002873-6",,,21,304,,,,
1352,"Yes! English For Children","Lars Mellgren Michael Walker","Textbook","Addison-Wesley Publishing company","0-201-04942-2",,,21,64,,,"Para vender",
1353,"Yes! English For Children","Lars Mellgren Michael Walker","Textbook","Addison-Wesley Publishing company","0-201-04940-6",,,21,64,,,"Para vender",
1354,"Yes! English For Children","Lars Mellgren Michael Walker","teachers guide","Addison-Wesley Publishing company","0-201-04941-4",,,21,69,,,"Para vender",
1355,"Yes! English For Children","Lars Mellgren Michael Walker","Textbook","Addison-Wesley Publishing company","0-201-04945-9",,,21,96,,,"Para vender",
1356,"Book Two English Plus","Cordelia Canabrava Arruda","Textbook","Editora Scipione","85-262-2710-6",,,21,182,,,,
1357,"Easy Vocabulary Games for beginning English Language Learners","Blackline Masters","Textbook","Linda Schinke-Llano","0-8442-7394-5",,,21,32,,,,
1358,"Pair Activities for Language Development","Adrian  S. Palmer/Theodor S. Rodgers/Judy Winn-Bell Olsen","Back and forth Textbook","Alemany press","0-88084-219-9",,,21,110,,,,
1359,"Growing up English in a young context","Tania Branco Cavaignac/Maria Lucia Rocha Fiuza","english textbook","McGraw Hill","0-07-450260-3",,,21,174,,,,
1360,"English Through Video mime sketches","Sarah K Silverson/Mark Landa/Jan Smith","Book  ","BBC/Longman","0-582-79891-4",,,21,57,,,,
1361,"Longman Picture Wordbook","Brian Abbs","Picture book","Longman","0-582-02239-8",,,21,63,,,"Para vender",
1362,"O ingles por imagens","Richards/Gibson","apostila de livro (copia)","Hemus","85-289-0144-0",,,21,292,,,,
1363,"English Plus book one","Cordelia Canabrava Arruda","Textbook","editora scipione","85-262-2708-4",,,21,167,,,,
1364,"Fourth Dimension Coursebook","Robert O'Neill","Textbook","Longman","0-582-03180-X",,,21,128,,,,
1365,"Growing up English in a young context","Tania Branco Cavaignac/Maria Lucia Rocha Fiuza","teacher's manual 2","Tania Branco Cavaignac, Maria Lucia Rocha Fiuza","0-07-450257-3",,,21,171,,,,
1366,"Growing up English in a young context","none","booklet","tania Branco Cavaignac, Maria Lucia Rocha Fiuza","None",,,21,26,,,,
1367,"First steps in phonics","none","Grade 2","Whitman","0-307-01444-4",,,21,64,,,"Para vender",
1368,"Yes! English For Children","Lars Mellgren Michael Walker","Teacher's Guide","Addison-Wesley Publishing company","0-201-04946-5",,,21,135,,,,
1369,"Young English Series Yes!","Lars Mellgren Michael Walker","Textbook","Addison-Wesley Publishing company","0-201-04953-8",,,21,93,,,,
1370,"English Point","Eliana, Maria Clara, Neuza","Textbook","Editora Saraiva","None",,,21,128,,,,
1371,"Bugs bunny and his friends","none","drawing book","GB Golden Press","0-307-06450-6",,,21,48,,,"Para vender",
1372,"Young English Series Yes!","Lars Mellgren Michael Walker","Text book","Addison-Wesley Publishing company","0-201-04950-3",,,21,96,,,"Para vender",
1373,"Young English Series Yes!","Lars Mellgren Michael Walker","Text book","Addison-Wesley Publishing company","0-201-04951-1",,,21,48,,,,
1374,"Young English Series Yes!","Lars Mellgren Michael Walker","Text book","Addison-Wesley Publishing company","0-201-04993-7",,,21,92,,,,
1375,"Puzzlemania","none","game book","Highlights","87534-701-0",,,21,50,,,,
1376,"Young English Series Yes!","Lars Mellgren Michael Walker","Teacher's Guide","Addison-Wesley Publishing company","0-201-04955-4",,,21,93,,,,
1377,"Everyday English spelling","Dinorah M de Pous","Book  ","McGraw Hill","968-451-609-6",,,21,110,,,"Para vender",
1378,"The Fox and the Hound","none","Book  ","Walt disney  ","None",,,21,24,,,,
1379,"Young English Series Yes!","lars Mellgren Michael Walker","Teacher's Guide","Addison-Wesley Publishing company","0-201-04952-X",,,21,91,,,,
1380,"Mastering Arabic numerals","Irving Adler Ph.D.","A workbook with Self-teaching text and learning exercises","Golden","0-307-05973-1",,,21,96,,,"Para vender",
1381,"Ways of Mankind","Lister sinclair","apostila de livro (copia)","The Beacon press","None",,,21,211,,,,
1382,"Cassell's Beyond the dictionary in French","Levieux","Book  ","FW ","None",,,21,156,,,"Para vender",
1383,"English Made Simple","none","Book  ","Made simple books","None",,,21,196,,,"Para vender",
1384,"Je Parle Francais","Antonio Siqueira e Silva","French Textbook","IBEP","None",,,21,128,,,,
1385,"Who What when where","William L Coleman","Book about the bible","chariot books","0-89191-291-6",,,21,121,,,"Para vender",
1386,"jazz Chant Fairy Tales","Carolyn Graham","Textbook","Oxford American English","0-19-434298-0",,,21,120,,,,
1387,"Growing up English in a young context","Tania Branco Cavaignac/Maria Lucia Rocha Fiuza","Teacher's manual","CCBEU Santos","0-07-450254-9",,,21,142,,,,
1388,"Famous British & American Songs and their cultural background","Mario Papa/Giuliano Lantorno","Book  ","Longman","0-582-79088-3",,,21,73,,,"Para vender",
1389,"What's the story? ","Linda Markstein/Dorien Grunbaum","Student's Book","Longman","0-582-79783-7",,,21,45,,,,
1390,"Dialogos em Ingles Gramatica Ilustrada","none","Book  ","Seleccoes do reader's digest","None",,,21,181,,,,
1391,"Methode Orange carnet du professeur 2","Hachette","Book  ","francais langue etrangere","2-01-006032-6",,,21,103,,,,
1392,"Rei Oscar e o Pernilongo","Mary Buarque","Book  ","Editora do Brasil","None",,,22,25,,,"Para vender",
1393,"O bonequinho de massa ","Mary Buarque","Book  ","Editora do Brasil","None",,,22,30,,,"Para vender",
1394,"Contos de Perrault","none","Book  ","Editora do brasil","None",,,22,29,,,"Para vender",
1395,"Aventuras de uma Gota d'agua","Samuel Murgel Branco","Book  ","Editora Moderna","None",,,22,40,,,"Para vender",
1396,"O burrinho e a agua","Walmir Ayala","Book  ","Melhoramentos","None",,,22,30,,,"Para vender",
1397,"Ze dos bichos","Virginia Lefevre","Book  ","Editora do Brasil","None",,,22,64,,,"Para vender",
1398," A ilha das cobras","M.C. Silva","Book  ","Editora do Brasil","None",,,22,79,,,"Para vender",
1399,"An outline of American Literature","Peter B High","Book  ","Longman","0-582-74502-0",,,22,254,,,,
1400,"Murders in the Rue Morgue and the Gold Bug Book 3","Robert J Dixson","Book  ","Regents Publishing Company, Inc.","None",,,22,102,,,,
1401,"The adventures of Huckleberry Finn","Robert J Dixson","Book  ","Regents Publishing Company, Inc.","0-88345-205-7",,,22,115,,,"Para vender",
1402,"The adventures of Huckleberry Finn","Mark Twain","Book  ","Regents Publishing Company, Inc.","0-88345-205-7",,,22,116,,,,
1403,"On Jungle trails","Frank Buck","Book  ","Regents Publishing Company, Inc.","07-009286-9",,,22,106,,,,
1404,"The Hoosier Schoolmaster","Robert Dixson","Book  ","Regents Publishing Company, Inc.","None",,,22,112,,,,
1405,"Wild animals I have known","Ernest/thomson/seton","Book  ","Webster Everyreaders","07-009288-5",,,22,138,,,,
1406,"Men of Iron","Howard Pyle","Book  ","Webster everyreaders","07-033744-6",,,22,136,,,,
1407,"Three Sherlock Holmes Adventures","Sir A Conan Doyle","Book  ","Nelson Readers","0-17-556431-0",,,22,48,,,,
1408,"Dictionary of Comtemporary English","none","New edition book specimen section","Longman","None",,,22,853,,,,
1409,"Easy Reading Selections in English","Robert J Dixson","New revised Edition","Regents Publishing Company, Inc.","None",,,22,137,,,,
1410,"Robin Hood Stories","none","Book  ","webster everyreaders","07-033731-4",,,22,153,,,,
1411,"Greek and Roman Myths","none","Book  ","none","07-033738-1",,,22,138,,,,
1412,"Sing and celebrate","none","Book  ","word","None",,,22,92,,,,
1413,"Live and Learn","Alair Alves de Carvalho","Book  ","editora atica","85-08-04044-4",,,22,16,,,,
1414,"Wuthering Heights","Emily Bronte  ","Book  ","Longman","0-582-54124-7",,,22,31,,,,
1415,"Jaws 2","none","Movie Book","Longman","0-582-53547-6",,,22,31,,,,
1415,"Jaws 2","none","Movie Book","Longman","0-582-53547-6",,,22,31,,,"Para vender",
1417,"Superace","Brian Abbs and Ingrid Freebairn","Galaxies book","Longman","0-582-52696-5",,,22,31,,,,
1418,"The Storm","Richard Musman","Longman Structural Readers Stage 1","Longman","0-582-53679-0",,,22,16,,,,
1415,"Jaws 2","none","Movie Book","Longman","0-582-53547-6",,,22,31,,,"Para vender",
1420,"The mystery of the Loch Ness Monster","Leslie Dunkling","Longman Structural Readers Stage 1","Longman","0-582-52514-4",,,22,16,,,,
1421,"Sherlock Holmes and the Dancing Men","A conan doyle- DK Swan","Longman Structural Readers Stage 1","Longman","0-582-53677-4",,,22,12,,,"damaged",
1422,"7 sketches","Leslie Dunkling","Longman Structural Readers Stage 1","Longman","0-582-52515-2",,,22,20,,,,
1423,"The Face on the screen and other short stories ","Paul Victor","Longman Structural Readers Stage 2","Longman","0-582-53676-6",,,22,43,,,,
1424,"Green Island","Anthony Eyre","Longman Structural Readers Stage 1","Longman","0-582-53703-7",,,22,16,,,"Para vender",
1425,"The flying Spy","Alwyn Cox","Longman Structural Readers Stage 1","Longman","0-582-53709-6",,,22,16,,,"Para vender",
1425,"The flying Spy","Alwyn Cox","Longman Structural Readers Stage 1","Longman","0-582-53709-6",,,22,16,,,,
1427,"Car Thieves","LG Alexander","Longman Structural Readers Stage 1","Longman","0-582-53705-3",,,22,16,,,,
1427,"Car Thieves","LG Alexander","Longman Structural Readers Stage 1","Longman","0-582-53705-3",,,22,16,,,,
1429,"Silver Streak","none","Longman MovieWorld easy reading edition","Longman","0-582-53549-2",,,22,31,,,"Para vender",
1430,"New York! New York!","Ingrid Freebairn","Galaxies book","Longman","0-582-52974-3",,,22,32,,,,
1431,"Superace!","Brian Abbs and Ingrid Freebairn","Galaxies book","Longman","0-582-52696-5",,,22,30,,,"Para vender",
1432,"My dear aunt and a morning in London","Donn Byrne","Longman Structural Readers Stage 2","Longman","0-582-53725-8",,,22,72,,,,
1422,"7 sketches","Leslie Dunkling","Longman Structural Readers Stage 1","Longman","0-582-52515-2",,,22,20,,,"Para vender",
1434,"The prisoner of Zenda","based on novel by Anthony Hope","Longman MovieWorld easy reading edition","Longman","0-582-54170-0",,,22,32,,,"Para vender",
1435,"Dance","Olivia Johnston","Galaxies book","Longman","0-582-52698-1",,,22,32,,,,
1436,"Thirty nine steps","none","Longman MovieWorld easy reading edition","Longman","0-582-53046-6",,,22,31,,,,
1437,"Star Wars  ","none","Longman Movieworld easy reading edition","Longman","0-582-53550-6",,,22,30,,,,
1438,"Roller Coaster","none","Longman MovieWorld easy reading edition","Longman","0-582-52793-7",,,22,31,,,,
1439,"Island of the Volcanoes","Donn byrne","Longman MovieWorld easy reading edition","Longman","0-582-53715-0",,,22,47,,,,
1440,"Worth a Fortune","LG Alexander","Longman Structural Readers Stage 2","Longman","0-582-53721-5",,,22,32,,,,
1441,"Pop Festival ","Ian Serraillier","Longman Structural Readers Stage 2","Longman","0-582-53714-2",,,22,32,,,,
1442,"Dead Man's River","Elizabeth Laird","Easy Starts","Longman","0-582-04612-2",,,22,16,,,,
1443,"April Fool's Day","LG Alexander","Longman Structural Readers Stage 2","Longman ","0-582-53719-3",,,22,31,,,"Para vender",
1444,"Green Island","Anthony Eyre","Longman Structural Readers Stage 1","Longman ","0-582-53703-7",,,22,16,,,,
1445,"The Rise of Silas Lapham","William Dean Howells'","American Classics","Regents Publishing Company, Inc.","None",,,22,114,,,,
1446,"House of the Seven Gables","Nathaniel Hawthornes","American Classics","Regents Publishing Company, Inc.","None",,,22,112,,,,
1447,"Indian Paint","Glenn Balch","American Classics","Webster Everyreaders","07-009287-7",,,22,138,,,,
1448,"Treasure Island","Robert Louis Stevenson","American Classics","Webster Everyreaders","07-034020-X",,,22,138,,,,
1449,"Cases of Sherlock Holmes","Sir Author conan Doyle","American Classics","Webster Everyreaders","07-033734-9",,,22,118,,,,
1450,"The hoosier Schoolmaster","Edward Eggleston's","American Classics","Webster Everyreaders","None",,,22,112,,,,
1451,"King Arthur and his Knights","adapted william kottmeyer","American Classics","Webster Everyreaders","07-033732-2",,,22,122,,,,
1452,"Outcasts of Poker flat/Luck of roaring camp","Bret Harte's","American Classics","Webster Everyreaders","None",,,22,96,,,,
1453,"To have and to hold","Mary Johnston","American Classics","Webster Everyreaders","07-033737-3",,,22,170,,,,
1454,"Moby Dick","Herman Melville's","American Classics","Webster everyreaders","None",,,22,116,,,,
1455,"The trojan war","none","Book  ","Webster Everyreaders","07-033733-0",,,22,122,,,,
1456,"Men of Iron","Howard Pyle","Book  ","Webster Everyreaders","07-033744-6",,,22,136,,,"Para vender",
1457,"The Flamingo Feather","Kirk Munroe","Book  ","Webster everyreaders","07-033745-4",,,22,138,,,,
1458,"Dicionario de giria e ingles coloquial","Fernando B Ximenes","Book  ","Ediouro","None",,,22,107,,,,
1459,"Graded English 1","Elisabeth Prescher Martins/Ernesto Pasqualin/Eduardo Amos","Grammar textbook","Editora moderna","None",,,22,200,,,,
1460,"Graded English 2","Elisabeth Prescher Martins/Ernesto Pasqualin/Eduardo Amos","Grammar textbook","Editora Moderna","None",,,22,200,,,,
1461,"English for life","Amadeus Marques","Grammar book","Editora Atica","85-08-02316-2",,,22,144,,,,
1462,"English 1","Amadeus Marques","Grammar book","editora Atica","85-08-05624-9",,,22,206,,,"Para vender",
1463,"English 1 Segundo grau","Amadeus Marques","Grammar book","editora atica","None",,,22,192,,,,
1464,"Graded English 3","Elisabeth Prescher Martins/Ernesto Pasqualin/Eduardo Amos","Grammar book","editora moderna","85-16-00007-9",,,22,167,,,,
1465,"The portrait of a lady","Robert J Dixson","Book 7","Regents Publishing Company, Inc.","None",,,22,124,,,,
1466,"The gold bug and other stories","Edgar allan poe","Book  ","Webster everyreaders","07-033735-7",,,22,119,,,,
1467,"Elementary reader in English","Robert J dixson","Revised Edition","A regents Publication","None",,,22,153,,,,
1468,"The Red Badge of courage book 10","Stephen Crane's","American Classics","A regents Publication","None",,,22,112,,,,
1469,"The pathfinder book 4","Robert J Dixson","Book  ","A regents Publication","None",,,22,112,,,,
1470,"The boy and the donkey ","Celia Turvey","Longman Structural Readers stage 2","Longman","0-582-53723-1",,,22,32,,,,
1422,"7 sketches","Leslie Dunkling","Longman Structural Readers Stage 1","Longman","0-582-52515-2",,,22,20,,,"Para vender",
1472,"Elementary stories for Reproduction","L.A Hill","Oxford University Press","Oxford University Press","0-19-432541-5",,,22,64,,,,
1473,"The flying Spy","Alwyn Cox","Longman Structural Readers Stage 1","Longman","0-582-53709-6",,,22,16,,,"damaged",
1474,"The Loch ness monster","Leslie Dunkling","Longman Structural Readers Stage 1","Longman","0-582-52514-4",,,22,16,,,"Para vender",
1475,"Girl Against the Jungle","Monica Vincent","LSR Adventure Stage 2","Longman","0-582-53729-0",,,22,32,,,,
1474,"The Loch ness monster","Leslie Dunkling","Longman Structural Readers Stage 1","Longman","0-582-52514-4",,,22,16,,,,
1477,"Swallow Valley stage 2","Eduardo Amos/Ernesto Pasqualin/Elisabeth Prescher Martins","modern readers","editora moderna","None",,,22,31,,,,
1478,"Marcel and the Mona lisa","Stephen Rabley","Easy Starts","Longman","0-582-06075-3",,,22,16,,,,
1479,"Island of the Volcanoes","Donn Byrne","Longman Structural Readers Stage 2","Longman","0-582-53715-0",,,22,47,,,"Para vender",
1480,"Detectives from Scotland Yard","LG Alexander","Longman Structural Readers Stage 1","Longman","0-582-53704-5",,,22,16,,,,
1479,"Island of the Volcanoes","Donn Byrne","Longman Structural Readers Stage 2","Longman","0-582-53715-0",,,22,47,,,"Para vender",
1482,"Worth a Fortune","LG Alexander","Longman Structural Readers Stage 2","Longman","0-582-53721-5",,,22,32,,,,
1483,"Don Quixote and Sancho Panza","Cervantes","Longman Structural Readers Stage 2","Longman","0-582-53718-5",,,22,32,,,,
1484,"April Fool's Day","LG Alexander","Longman Structural Readers Stage 2","Longman","0-582-53719-3",,,22,31,,,,
1485,"Roller Coaster","none","Longman movieworld easy reading edition","Longman","0-582-52793-7",,,22,31,,,"Para vender",
1486,"Fast Food","Lewis Jones","Galaxies book","Longman","0-582-52697-3",,,22,32,,,"Para vender",
1486,"Fast Food","Lewis Jones","Galaxies book","Longman","0-582-52697-3",,,22,32,,,,
1488,"The poseidon Adventure","none","Galaxies book","Longman","0-582-53548-4",,,22,31,,,"Para vender",
1488,"The poseidon Adventure","none","Galaxies book","Longman","0-582-53548-4",,,22,31,,,"Para vender",
1479,"Island of the Volcanoes","Donn Byrne","Longman Structural Readers Stage 2","Longman","0-582-53715-0",,,22,47,,,"Para vender",
1484,"April Fool's Day","LG Alexander","Longman Structural Readers Stage 2","Longman","0-582-53719-3",,,22,31,,,,
1492,"New York! New York!","Ingrid Freebairn","Galaxies book","Longman","0-582-52974-3",,,22,32,,,"Para vender",
1493,"Jane Eyre","Charlotte bronte","Longman movieworld easy reading edition","Longman","0-582-54125-5",,,22,32,,,"Para vender",
1494,"Roller Coaster","none","Longman MOvieWorld easy reading edition","Longman","0-582-52793-7",,,22,31,,,"Para vender",
1495,"Silver Streak","none","Longman MovieWorld easy reading edition","Longman","0-582-53549-2",,,22,31,,,"Para vender",
1493,"Jane Eyre","Charlotte bronte","Longman movieworld easy reading edition","Longman","0-582-54125-5",,,22,32,,,"Para vender",
1495,"Silver Streak","none","Longman MovieWorld easy reading edition","Longman","0-582-53549-2",,,22,31,,,,
1488,"The poseidon Adventure","none","Galaxies book","Longman","0-582-53548-4",,,22,31,,,,
1499,"Wuthering Heights","Emily Bronte  ","Longman MovieWorld easy reading edition","Longman","0-582-54124-7",,,22,32,,,"Para vender",
1493,"Jane Eyre","Charlotte bronte","Longman MovieWorld easy reading edition","Longman","0-582-54125-5",,,22,32,,,"Para vender",
1501,"Between two worlds","Stephen Rabley","Easy Starts","Longman","0-582-06074-5",,,22,16,,,,
1502,"Have you got your ticket?","Ian Serraillier","Longman Structural Readers Stage 2","Longman","0-582-53727-4",,,22,32,,,,
1503,"Star Wars  ","none","Longman MovieWorld easy reading edition","Longman","0-582-53550-6",,,22,31,,,"Para vender",
1504,"Blue Jeans","susan Axbey","Galaxies book","Longman","0-582-52685-X",,,22,32,,,"Para vender",
1504,"Blue Jeans","susan Axbey","Galaxies book","Longman","0-582-52685-X",,,22,32,,,,
1493,"Jane Eyre","Charlotte bronte","Longman MovieWorld easy reading edition","Longman","0-582-54125-5",,,22,32,,,,
1507,"Dance!","Olivia Johnston","Galaxies book","Longman ","0-582-52698-1",,,22,32,,,"Para vender",
1508,"Thirty nine steps","none","Longman MovieWorld easy reading edition","Longman","0-582-53046-6",,,22,31,,,"Para vender",
1509,"The prisoner of Zenda","none","Longman MovieWorld easy reading edition","Longman","0-582-54170-0",,,22,32,,,,
1510,"Star Wars  ","none","Longman MovieWorld easy reading edition","Longman","0-582-53550-6",,,22,31,,,"Para vender",
1511,"Wuthering Heights","Emily Bronte  ","Longman MovieWorld easy reading edition","Longman","0-582-54124-7",,,22,32,,,"Para vender",
1512,"A mesa Encantada","Irmaos Grimm","livro infantil","Verbo Infantil","None",,,23,32,,,"Para vender",
1513,"Muzzy BBC","none","muzzy book","BBC  ","84-7638-028-5",,,23,20,,,"Para vender",
1514,"Bridge to Communication","Santillana","Primary Level C Student Language Book","Santillana","1-56014-232-4",,,23,132,,,,
1515,"The roundabout picture book","Donn Byrne","Picture book","Modern English Publications","0-906149-12-6",,,23,24,,,"Para vender",
1516,"Storybook Dictionary","Richard Scarry's","picture Dictionary","A golden Book","0-307-15548-X",,,23,126,,,"Para vender",
1517,"The Jungle Book","none","children's book","Walt disney  ","0-8317-5291-2",,,23,95,,,"Para vender",
1518,"The Prince and the Pauper","none","Children's book","Walt disney  ","0-681-41428-6",,,23,96,,,"Para vender",
1519,"The little Mermaid","none","children's book","Walt disney  ","0-8317-5605-5",,,23,95,,,"Para vender",
1520,"The Great Mouse Detective","none","Children's book","Walt disney  ","0-8317-3992-2",,,23,95,,,"Para vender",
1521,"Peter Pan","none","Children's book","Walt disney  ","0-681-41426-X",,,23,95,,,"Para vender",
1522,"Beauty and the Beast","none","children's book","Walt disney  ","0-8317-2434-X",,,23,96,,,"Para vender",
1523,"Bridge to Communication","none","Primary Level B-homework sheets","santillana","0-88272-901-2",,,23,72,,,,
1524,"The Prince and the Pauper","none","children's book","Walt disney  ","0-681-41428-6",,,23,96,,,"Para vender",
1525,"The Rescuers down Under","none","Children's book","Walt disney  ","0-681-41430-8",,,23,96,,,"Para vender",
1526,"Pinocchio","none","children's book","walt disney  ","0-453-03026-2",,,23,95,,,"Para vender",
1527,"Bridge to Communication","none","English for limited English proficient students – Primary Level A","santillana","0-88272-590-4",,,23,72,,,,
1528,"The Rescuers down Under","none","Walt disney  ","Walt disney  ","0-681-41430-8",,,23,96,,,"Para vender",
1529,"Manchete Special Issue","none","Magazine","bloch","None",,,23,130,,,"Para vender",
1530,"Pinocchio","none","Children's book","Walt disney  ","0-8317-6889-4",,,23,95,,,"Para vender",
1531,"Peter Pan","none","children's book","Walt disney  ","0-8317-6799-5",,,23,95,,,"peter pan",
1532,"What's the story? ","Linda Markstein/Dorien Grunbaum","Teacher's Guide-sequential photographs for language practice","Longman","0-582-79787-X",,,23,44,,,,
1533,"501 French Verbs","Christopher Kendris, P.h.D","French Verb book","Barron's Educational Series","0-8120-9281-3",,,23,688,,,,
1534,"Fundamental Concepts of Language Teaching","H.H. Stern","Linguistics book","Oxford University Press","0-19-437065-8",,,23,582,,,,
1535,"O menino Invisivel","Jose Mauro de Vasconcelos","livro infantil","Melhoramentos","None",,,23,25,,,"Para vender",
1536,"Puzzlemania","none","Puzzle book","Highlights","87534-704-5",,,23,50,,,,
1537,"Linguistica e comunicacao","Roman Jakobson","livro de linguistica em portugues","Cultrix","None",,,23,166,,,,
1538,"Aquisicao e desenvolvimento da linguagem","Paula Menyuk","livro de linguistica em portugues","biblioteca Pioneira de ciencias sociais","None",,,23,399,,,,
1539,"First and Second Language Acquisition Processes","Carol Pfaff, Editor","Linguistics book","Newbury House Publishers","0-88377-298-1",,,23,283,,,,
1540,"Los Perros Hambrientos","Ciro Alegria","libro en espanol","ediciones nuevo mundo","None",,,23,174,,,"Para vender",
1541,"The global atlas A new view of the world from space","none","atlas","Simon & Schuster books","None",,,23,97,,,"Para vender",
1542,"Crossword Puzzles Ages 8-10","none","Puzzle book-kid stuff","Whitman","None",,,23,64,,,,
1543,"My first word book","none","picture Dictionary","dk publishing, inc.","0-7894-3977-8",,,23,64,,,"Para vender",
1544,"A Brazilian way to English","Lafayette Megale","Book  ","FTD","None",,,24,128,,,,
1545,"Foundations of Modern Psychology Series","Richard S Lazarus","Book  ","Prentice Hall, Inc.","None",,,24,118,,,"Para vender",
1546,"O mundo de sofia","Jostein Gaarder","Book  ","CIA das Letras","85-7164-475-6",,,24,555,,,"Para vender",
1547,"A course in modern Linguistics","Hockett","Book  ","Macmillan  publishing","None",,,24,621,,,"Para vender",
1548,"Teorias da Linguagem teorias da aprendizagem","Jean Piaget & Noam Chomsky","O debate entre Jean Piaget & Noam Chomsky","Cultrix","None",,,24,456,,,"Para vender",
1549,"Elementary Japanese for University Students texts","Serge Elisseeff, Edwin O reischauer","Book  ","Harvard University Press","None",,,24,66,,,"Para vender",
1550,"Longman Preparation for the TOEFL","Deborah Phillips","Book  ","Longman","0-582-03748-4",,,24,56,,,"Para vender",
1551,"Way in Teacher's guide","Margaret Iggulden","Book  ","Longman","0-582-51078-3",,,24,126,,,,
1552,"PET Practice tests","Diana L Fried-Booth","Book  ","Oxford University Press","0-19-453444-8",,,24,128,,,,
1553,"Beginning Composition through Pictures","J B Heaton","Book  ","Longman","0-582-55519-1",,,24,64,,,,
1554,"Elementary Japanese for University Students ","Serge Elisseeff, Edwin O reischauer","Book  ","Harvard University Press","None",,,24,199,,,"Para vender",
1555,"Preparation PET and practice","Ann Ward","Book  ","Oxford University Press","0-19-453447-2",,,24,135,,,,
1556,"Survival English International Communication for Professional People","Peter Viney","Book  ","Heinemann  ","0-435-29642-6",,,24,104,,,,
1557,"Gateways 2 Student book","Irene Frankel/Victoria Kimbrough","Book  ","Oxford University Press","0-19-434614-5",,,24,136,,,,
1558,"A survey of French Literature","Morris bishop","Book  ","Harcourt, Brace & world Inc.","None",,,24,462,,,"Para vender",
1559,"New Wave 1","Robert Maple","Book  ","Longman","0-582-01288-0",,,24,77,,,,
1560,"New Wave 2","Robert Maple","Book  ","Longman","0-582-01289-9",,,24,78,,,,
1561,"Small Talk-more jazz chants","Carolyn Graham","Book  ","Oxford American English","0-19-434220-4",,,24,86,,,,
1562,"Lucky's last laugh photo stories book 2","andy martin/joseph greene","Book  ","Longman","0-582-79809-4",,,24,46,,,,
1563,"Interchange English for International Communication","Jack C Richards","Student's Book","Cambridge University Press","0-521-46744-6",,,24,107,,,,
1564,"Jazz Chants for children","Carolyn Graham","Book  ","Oxford University Press","0-19-502496-6",,,24,84,,,,
1565,"Interchange English for International Communication","Jack C Richards","Workbook  ","Cambridge University Press","0-521-46743-8",,,24,64,,,,
1566,"Bob, son of battle","alfred Ollivant","Adventures in English","McGraw Hill","07-099691-1",,,24,154,,,"Para vender",
1567,"Dicionario de Linguistica","Jean Dubois","livro de linguistica em portugues","cultrix","None",,,24,653,,,"Para vender",
1568,"English for Today book four: Our changing technology","none","second edition book","McGraw Hill","0-07-045813-8",,,24,182,,,,
1569,"Aspects of Language","Dwight Bolingero","Book  ","Harcourt, Brace & world Inc.","0-15-503865-6",,,24,326,,,"Para vender",
1570,"O vale do sao francisco","Flores Rego","livro bem velho","none","None",,,24,242,,,"Para vender",
1571,"English for Today book three: The way we live","none","english book","McGraw Hill","07-045810-3",,,24,282,,,,
1572,"Teaching Spanish ","Politzer, Staubach","Book  ","Blaisdell Publishing company","None",,,24,198,,,"Para vender",
1573,"American Idioms and Idiomatic usage","Harold C whitford and Robert Dixson","Book  ","Regents Publishing Company, Inc.","None",,,24,188,,,,
1574,"Lado English Series- lado english series book 3","Robert Lado","Book  ","Prentice Hall Regents","0-13-522020-3",,,24,196,,,,
1575,"The robe","Lloyd C Douglas","Book  ","Houghton Mifflin Company Boston","None",,,24,508,,,"Para vender",
1576,"French Visual Grammar","Gerald Fleming","Book  ","Ginn and company","None",,,24,296,,,"Para vender",
1577,"French Level two","none","Book  ","Harcourt, brace & world Inc.","None",,,24,356,,,"Para vender",
1578,"Reading Literature","Roger Gower and Margaret Pearson","Book  ","Longman","0-582-74501-2",,,24,278,,,"Para vender",
1579,"Games Big book of games","Ronie Shushan","Book  ","Workman Publishing, New York","0-89480-806-0",,,24,192,,,,
1580,"Crossword Puzzles Ages 8-10","none","Book  ","whitman","None",,,25,64,,,,
1581,"A Pequena Sereia","none","Comic Book","Disney  ","1413-1781",,,25,50,,,,
1582,"new Happy book Happy game","none","cutting book","editora scipione","None",,,25,29,,,"Para vender",
1583,"The adventures of Huckleberry Finn","Mark Twain","audio tape for a book American Classics","Regents Publishing Company, Inc.","None",,,25,"n.a.",,,"4 audio tapes",
1584,"The Hoosier Schoolmaster","Edward Eggleston's","audio tape for a book American Classics","Regents Publishing Company, Inc.","None",,,25,"n.a.",,,"4 audio tapes",
1585,"English 3","Amadeus Marques","Grammar book","Editora Atica","85-08-05493-9",,,25,207,,,,
1586,"101 Dalmatians","none","Comic Book","Disney  ","1-56115-271-4",,,25,48,,,,
1587,"Investigacion de gramatica","Patricia Vining Lunn/Janet A decesaris","Grammar book","Heinle & Heinle Publishers","0-8384-2348-5",,,25,216,,,,
1588,"Fafhrd and the Gray Mouser","Fritz Leiber's","Comic Book","Epic comics","0-87135-721-6",,,25,47,,,,
1589,"500 Words to grow on","Harry McNaught","Picture book","A random house pictureback","0-394-82668-X",,,25,31,,,"Para vender",
1590,"Super Mario Bros.","none","Comic Book","Valiant","None",,,25,32,,,,
1591,"English Junior","none","poster","editora Abril","None",,,25,"n.a.",,,"poster","para vender"
1592,"English Junior 1","none","Book  ","Editora Abril","None",,,25,16,,,"Para vender",
1593,"mathematics Mastering Arabic Numerals","none","Book  ","Golden","0-307-05973-1",,,25,96,,,"Para vender",
1594,"Young English Series Yes!","Lars Mellgren Michael Walker","Workbook  ","Addison-Wesley Publishing company","0-201-4954-6",,,25,48,,,,
1595,"Way in A Pupil's book ","Margared","pupil's book","Longman","0-582-51073-2",,,25,64,,,"Para vender",
1596,"Crossword Puzzles grades 3-4","none","Puzzle book","whitman","None",,,25,64,,,,
1597,"Way in B Pupil's book","Margaret Iggulden","pupil's book","Longman","0-582-51076-7",,,25,64,,,"Para vender",
1598,"Time for English  Book 2 workbook","Amadeus Marques","Workbook  ","editora atica","85-08-00447-8",,,25,64,,,,
1599,"Time for English book 3","Amadeus Marques","Textbook","editora atica","None",,,25,112,,,,
1600,"New Happy book Pictures","Tania Moraes Gaspar","children's book","editora scipione","None",,,25,31,,,"Para vender",
1601,"The wild west","Waldo Clarke","Book  grade 4","Evans","0-237-50047-7",,,25,44,,,,
1602,"The Young Warriors Stage 6","Vic Reid","Longman Structural Readers  ","Longman","0-582-53779-7",,,25,78,,,,
1603,"Jason and Argonauts","none","Comic Book","tome press","1055-4815",,,25,34,,,,
1604,"Time for English book 4","Amadeus Marques","Grammar textbook","editora atica","85-08-02313-8",,,25,62,,,,
1605,"storylines","Mark Fletcher/David Birt","Book  ","Longman","0-582-79103-0",,,25,48,,,,
1606,"metrics.time.money","none","a help yourself workbook grades 1 and 2","whitman","0-307-01446-0",,,25,64,,,"Para vender",
1607,"The Hammond World Atlas","none","presented by fortune","Fortune","None",,,25,256,,,"Para vender",
1608,"New Happy book Pictures","Tania Moraes Gaspar","Happy pictures","editora scipione","None",,,25,31,,,"Para vender",
1609,"Bambi","none","disney book","walt disney  ","0-8317-0681-3",,,25,95,,,"Para vender",
1610,"Greece in photographs","jean charbonneaux","photography book","t&H","None",,,25,196,,,"Para vender",
1611,"English 2","Amadeus Marques","Grammar book","editora atica","85-08-05492-0",,,25,216,,,,
1612,"Inspector Holt cats in the dark","John Tully","Book  ","collins english library","0-00-370131-X",,,25,32,,,,
1613,"English 1","Amadeus Marques","Grammar book","editora atica","None",,,25,206,,,,
1614,"English 1","Amadeus Marques","Grammar book","editora atica","85-08-05624-9",,,25,206,,,"Para vender",
1615,"Dictionnaire Fondamental","G. Gougenheim","Dictionary ","didier","None",,,25,255,,,"Para vender",
1616,"Pride and Prejudice","Jane Austen","Book  ","collins English Library","0-00-370075-5",,,25,96,,,,
1617,"Ingles Segundo Grau volume 2","Cleide B Cerdeira/Patricia H.C. Senne","Book  ","editora moderna","None",,,25,273,,,,
1618,"Ingles Segundo Grau volume 1","Cleide B Cerdeira/Patricia H.C. Senne","Book  ","editora Moderna","None",,,25,223,,,,
1619,"Ingles segundo grau volume 3","Cleide B Cerdeira/Patricia H.C. Senne","Book  ","editora moderna","None",,,25,318,,,,
1620,"A christmas Carol","Charles Dickens","Book  ","Collins English Library","0-00-370078-X",,,25,92,,,,
1621,"I know my love","Catherine Gaskin","Book  ","Collins English Library","0-00-370092-5",,,25,112,,,,
1622,"The lutheran digest","none","church booklet","allen","None",,,25,72,,,"Para vender",
1623,"Japanese manga","none","Comic Book","bonita comics","4-253-09291-8",,,25,208,,,"Para vender",
1624,"An international Reader's dictionary","michael west","Book  ","longman","0-582-55535-3",,,25,310,,,"Para vender",
1625,"General Linguistics an introductory Survey","R.H Robbins","Book  ","a longman paperback","0-582-55364-4",,,25,330,,,"Para vender",
1626,"Japones Portugues","none","dicionario","editora rideel ltda","None",,,25,375,,,"Para vender",
1627,"Death in the northeast – Poverty and revolution in the northeast of Brazil","Josue de castro","Book  ","A vintage book","None",,,25,206,,,"Para vender",
1628,"Know your own I.Q.","H.J. Eysenck","Book  ","A pelican Original","None",,,25,192,,,"Para vender",
1629,"Graded english 2","Eduardo Amos/Ernesto Pasqualin/Elisabeth Prescher Martins","Grammar book","editora Moderna","None",,,25,192,,,,
1630,"graded english 3","Eduardo Amos/Ernesto Pasqualin/Elisabeth Prescher Martins","Grammar book","editora moderna","None",,,25,175,,,,
1631,"The systems view of the world","Ervin Laszlo","Author of Introduction to systems Philosophy","Braziller","None",,,25,131,,,"Para vender",
1632,"Lado English Series 2-lado english series new edition","Robert Lado","a complete course in English as a second language","Prentice Hall Regents","0-13-522012-2",,,25,167,,,,
1633,"English 3 segundo grau","Amadeus Marques","Grammar book","editora atica","85-08-02352-9",,,25,208,,,,
1634,"English 2","Amadeus Marques","Grammar book","editora atica","85-08-05492-0",,,25,216,,,"Para vender",
1635,"Listen and Perform The TPR student workbook","Stephen Mark Silvers","Book  ","sky oaks production, inc.","0-940296-29-2",,,25,214,,,,
1636,"English 1","Amadeus Marques","Grammar book","editora atica","85-08-05491-2",,,25,206,,,,
1637,"English 2 segundo grau","Amadeus Marques","Grammar book","editora atica","None",,,25,216,,,,
1638,"Pathways to English- national council of teachers of English","harold Allen","Book 1","McGraw Hill","0-07-046581-9",,,25,186,,,,
1639,"Graded English 1","Eduardo Amos/Ernesto Pasqualin/Elisabeth Prescher Martins","Book 1","Editora Moderna","None",,,25,184,,,,
1640,"English 1 segundo grau","Amadeus Marques","Book  ","editora atica","None",,,25,206,,,"Para vender",
1641,"chariots of fire","W.J. Weatherby","Book  ","collins English Library","0-00-370163-8",,,25,48,,,"Para vender",
1641,"chariots of fire","W.J. Weatherby","Book  ","collins English Library","0-00-370163-8",,,25,48,,,,
1643,"Japan an interpretation","Lafcadio Hearn","Book  ","charles e tuttle company","0-8048-0272-6",,,25,507,,,"Para vender",
1644,"Magic Eye 1995 desk calendar","none","3d illusions by N.E. Thing enterprises","andrews and mcmeel","0-8362-7589-6",,,25,129,,,"Para vender",
1645,"English for life","Amadeus Marques","Book 3","Editora Atica","85-08-02317-0",,,26,224,,,,
1646,"English 3","Amadeus Marques","Book 3","Editora Atica","85-08-05493-9",,,26,208,,,,
1647,"English for life","Amadeus Marques","Book 3","editora atica","85-08-02317-0",,,26,223,,,,
1648,"English 1","Amadeus Marques","Book 1","editora atica","85-08-05491-2",,,26,206,,,,
1649,"English 2","Amadeus Marques","Book 2","editora atica","None",,,26,216,,,,
1650,"HL","none","Audio Tape ","none","None",,,26,"n.a.",,,"Audio Tape ",
1651,"Les Chouans-narracao-agnes partie III (original)","none","Audio Tape ","none","None",,,26,"n.a.",,,"Audio Tape ",
1652,"Les Chouans-narracao-agnes partie II (original)","none","Audio Tape ","none","None",,,26,"n.a.",,,"Audio Tape ",
1653,"French Muzzy II Narracao fita I (original)","none","Audio Tape ","none","None",,,26,"n.a.",,,"Audio Tape ",
1654,"Fita 2 -french Muzzy II Narration","none","Audio Tape ","none","None",,,26,"n.a.",,,"Audio Tape ",
1655,"Curso de idiomas globo Frances (comedia)","none","Audio Tape ","none","None",,,26,"n.a.",,,"Audio Tape ",
1656,"Plein soleil orig.","none","Audio Tape ","none","None",,,26,"n.a.",,,"Audio Tape ",
1657,"japact copy 4","none","Audio Tape ","none","None",,,26,"n.a.",,,"Audio Tape ",
1658,"Muzzy I","none","Audio Tape ","none","None",,,26,"n.a.",,,"Audio Tape ",
1659,"Lost Secret Narration p.55 -end/Muzzy 3-6","none","Audio Tape ","none","None",,,26,"n.a.",,,"Audio Tape ",
1660,"Follow me-1999 unit 4 original 1-78/78-83 end","none","Audio Tape ","none","None",,,26,"n.a.",,,"Audio Tape ",
1661,"Action stories 1-23/24-40","none","Audio Tape ","none","None",,,26,"n.a.",,,"Audio Tape ",
1662,"Lost Secret compact 1-7/7-11","none","Audio Tape ","none","None",,,26,"n.a.",,,"Audio Tape ",
1663,"Follow me -1998 units 1-3/3-5","none","Audio Tape ","none","None",,,26,"n.a.",,,"Audio Tape ",
1664,"Conversation Action Stories 1-16/Action stories 16-20/kid 1-16","none","Audio Tape ","none","None",,,26,"n.a.",,,"Audio Tape ",
1665,"toefl cambridge 1","none","Audio Tape ","none","None",,,26,"n.a.",,,"Audio Tape ",
1666,"toefl cambridge 4","none","Audio Tape ","none","None",,,26,"n.a.",,,"Audio Tape ",
1667,"Back to the future sound track","none","Audio Tape ","none","None",,,26,"n.a.",,,"Audio Tape ",
1668,"rescuers down under tape one","none","Audio Tape ","none","None",,,26,"n.a.",,,"Audio Tape ",
1669,"Short stories (henry I)","none","Audio Tape ","none","None",,,26,"n.a.",,,"Audio Tape ",
1670,"follow me to san francisco units 1-7/ units 8-10","none","Audio Tape ","none","None",,,26,"n.a.",,,"Audio Tape ",
1671,"tom and jerry I copy one/pages 1-10/10-end","none","Audio Tape ","none","None",,,26,"n.a.",,,"Audio Tape ",
1672,"Precious puppy 1999-original/all precious puppy","none","Audio Tape ","none","None",,,26,"n.a.",,,"Audio Tape ",
1673,"Side A cycle one/side b cycle two","none","Audio Tape ","none","None",,,26,"n.a.",,,"Audio Tape ",
1674,"The last leaf","none","Audio Tape ","none","None",,,26,"n.a.",,,"Audio Tape ",
1675,"Conversation 5 indiana jones","none","Audio Tape ","none","None",,,26,"n.a.",,,"Audio Tape ",
1676,"songs two (music)","none","Audio Tape ","none","None",,,26,"n.a.",,,"Audio Tape ",
1677,"Sheriff/troy stone","none","Audio Tape ","none","None",,,26,"n.a.",,,"Audio Tape ",
1678,"Kid-slow 1999 orig.","none","Audio Tape ","none","None",,,26,"n.a.",,,"Audio Tape ",
1679,"kid master 96","none","Audio Tape ","none","None",,,26,"n.a.",,,"Audio Tape ",
1680,"Original Muzzy I-story tell tape 1 units 1-2/units 3-4","none","Audio Tape ","none","None",,,26,"n.a.",,,"Audio Tape ",
1681,"Muzzy II narration tape 2/copy 2 34-51/52-70","none","Audio Tape ","none","None",,,26,"n.a.",,,"Audio Tape ",
1682,"follow me unit one","none","Audio Tape ","none","None",,,26,"n.a.",,,"Audio Tape ",
1683,"Look ahead 6-10 tape 2","none","Audio Tape ","none","None",,,26,"n.a.",,,"Audio Tape ",
1684,"follow me (Henry)","none","Audio Tape ","none","None",,,26,"n.a.",,,"Audio Tape ",
1685,"class copy 1 muzzy one","none","Audio Tape ","none","None",,,26,"n.a.",,,"Audio Tape ",
1686,"who killed taylor french tape two","none","Audio Tape ","none","None",,,26,"n.a.",,,"Audio Tape ",
1687,"tintin","none","Audio Tape ","none","None",,,26,"n.a.",,,"Audio Tape ",
1688,"easy starts dino's day/flying home/Maisie and the dolphin/tinkers island","none","Audio Tape ","Longman","None",,,26,"n.a.",,,"Audio Tape ",
1689,"meditacao por Mirna Grzich","none","Audio Tape ","none","None",,,26,"n.a.",,,"Audio Tape ",
1690,"Follow me -unit 6 original six","none","Audio Tape ","none","None",,,26,"n.a.",,,"Audio Tape ",
1691,"C3-1999 orig. precious pup/kid","none","Audio Tape ","none","None",,,26,"n.a.",,,"Audio Tape ",
1692,"kid copy I 1-24/24-51 end","none","Audio Tape ","none","None",,,26,"n.a.",,,"Audio Tape ",
1693,"Back to the future tape 2 orig.","none","Audio Tape ","none","None",,,26,"n.a.",,,"Audio Tape ",
1694,"back to fut tape 3","none","Audio Tape ","none","None",,,26,"n.a.",,,"Audio Tape ",
1695,"follow me 1999 unit 3 orig.","none","Audio Tape ","none","None",,,26,"n.a.",,,"Audio Tape ",
1696,"follow me to san francisco narration","none","Audio Tape ","none","None",,,26,"n.a.",,,"Audio Tape ",
1697,"follow me 1999 unit 7 orig.","none","Audio Tape ","none","None",,,26,"n.a.",,,"Audio Tape ",
1698,"Master 2 Interactive stories 1-15/precious pup/precious pup/kid","none","Audio Tape ","none","None",,,26,"n.a.",,,"Audio Tape ",
1699,"the kid old version","none","Audio Tape ","none","None",,,26,"n.a.",,,"Audio Tape ",
1700,"kid interrogative and negative copy 2","none","Audio Tape ","none","None",,,26,"n.a.",,,"Audio Tape ",
1701,"tintin in america orig.","none","Audio Tape ","none","None",,,26,"n.a.",,,"Audio Tape ",
1702,"Kid 1998 B","none","Audio Tape ","none","None",,,26,"n.a.",,,"Audio Tape ",
1703,"Action stories  ","none","Audio Tape ","none","None",,,26,"n.a.",,,"Audio Tape ",
1704,"action stories(painho)","none","Audio Tape ","none","None",,,26,"n.a.",,,"Audio Tape ",
1705,"A bela e a fera I orig.","none","Audio Tape ","none","None",,,26,"n.a.",,,"Audio Tape ",
1706," back to the future tape I copy I","none","Audio Tape ","none","None",,,26,"n.a.",,,"Audio Tape ",
1707,"Muznar I orig 6","none","Audio Tape ","none","None",,,26,"n.a.",,,"Audio Tape ",
1708,"romancing the stone pref.","none","Audio Tape ","none","None",,,26,"n.a.",,,"Audio Tape ",
1709,"follow me to san francisco soundtrack","none","Audio Tape ","none","None",,,26,"n.a.",,,"Audio Tape ",
1710,"back to the future tape one-copy 2","none","Audio Tape ","none","None",,,26,"n.a.",,,"Audio Tape ",
1711,"follow me 1999 unit 2","none","Audio Tape ","none","None",,,26,"n.a.",,,"Audio Tape ",
1712,"tennessee ernie ford","none","Audio Tape ","none","None",,,26,"n.a.",,,"Audio Tape ",
1713,"honey","none","Audio Tape ","none","None",,,26,"n.a.",,,"Audio Tape ",
1714,"tintin in america narration","none","Audio Tape ","none","None",,,26,"n.a.",,,"Audio Tape ",
1715,"back to the fut. Tape II orig.","none","Audio Tape ","none","None",,,26,"n.a.",,,"Audio Tape ",
1716,"bela e fera I copy","none","Audio Tape ","none","None",,,26,"n.a.",,,"Audio Tape ",
1717,"back to future part 4","none","Audio Tape ","none","None",,,26,"n.a.",,,"Audio Tape ",
1718,"back to the future tape III","none","Audio Tape ","none","None",,,26,"n.a.",,,"Audio Tape ",
1719,"gold rush orig. eng.","none","Audio Tape ","none","None",,,26,"n.a.",,,"Audio Tape ",
1720,"Interactive stories 1999 original","none","Audio Tape ","none","None",,,26,"n.a.",,,"Audio Tape ",
1721,"tintin in america tape 3 soundtrack","none","Audio Tape ","none","None",,,26,"n.a.",,,"Audio Tape ",
1722,"music program","none","Audio Tape ","none","None",,,26,"n.a.",,,"Audio Tape ",
1723,"empty box","none","Audio Tape ","none","None",,,26,"n.a.",,,"Audio Tape ",
1724,"Kid 7 copy 3 1-30/31-end","none","Audio Tape ","none","None",,,26,"n.a.",,,"Audio Tape ",
1725,"back to the future tape I orig.","none","Audio Tape ","none","None",,,26,"n.a.",,,"Audio Tape ",
1726,"lado/lado 2","none","Audio Tape ","none","None",,,26,"n.a.",,,"Audio Tape ",
1727,"readings/gram/book one-master","none","Audio Tape ","none","None",,,26,"n.a.",,,"Audio Tape ",
1728,"3 little pigs/little red hen","none","Audio Tape ","none","None",,,26,"n.a.",,,"Audio Tape ",
1729,"follow me I copy 1","none","Audio Tape ","none","None",,,26,"n.a.",,,"Audio Tape ",
1730,"payday","none","Audio Tape ","none","None",,,26,"n.a.",,,"Audio Tape ",
1731,"back to the future tape 4","none","Audio Tape ","none","None",,,26,"n.a.",,,"Audio Tape ",
1732,"kid  c4 master","none","Audio Tape ","none","None",,,26,"n.a.",,,"Audio Tape ",
1733,"romancing the stone I original","none","Audio Tape ","none","None",,,26,"n.a.",,,"Audio Tape ",
1734,"Kid 1998 tape a","none","Audio Tape ","none","None",,,26,"n.a.",,,"Audio Tape ",
1735,"readings/grammar book/master units 5.5","none","Audio Tape ","none","None",,,26,"n.a.",,,"Audio Tape ",
1736,"Gold rush part 2 tape one original","none","Audio Tape ","none","None",,,26,"n.a.",,,"Audio Tape ",
1737,"moby dick original","none","Audio Tape ","none","None",,,26,"n.a.",,,"Audio Tape ",
1738,"Muzzy II english original narration","none","Audio Tape ","none","None",,,26,"n.a.",,,"Audio Tape ",
1739,"action stories 1-40","none","Audio Tape ","none","None",,,26,"n.a.",,,"Audio Tape ",
1740,"c4 muz nar./gold rush","none","Audio Tape ","none","None",,,26,"n.a.",,,"Audio Tape ",
1741,"conundrum","none","Audio Tape ","none","None",,,26,"n.a.",,,"Audio Tape ",
1742,"the sheriff","none","Audio Tape ","longman","None",,,26,"n.a.",,,"Audio Tape ",
1743,"romancing the stone 2 orig.","none","Audio Tape ","none","None",,,26,"n.a.",,,"Audio Tape ",
1744,"gold rush copy 1","none","Audio Tape ","none","None",,,26,"n.a.",,,"Audio Tape ",
1745,"gold rush copy 60 min","none","Audio Tape ","none","None",,,26,"n.a.",,,"Audio Tape ",
1746,"Interview 1999 original","none","Audio Tape ","none","None",,,26,"n.a.",,,"Audio Tape ",
1747,"TOEFL building skills for the toefl","none","Audio Tape ","none","None",,,26,"n.a.",,,"Audio Tape ",
1748,"muzzy II /tape 3","none","Audio Tape ","none","None",,,26,"n.a.",,,"Audio Tape ",
1749,"lucia tintin in america","none","Audio Tape ","none","None",,,26,"n.a.",,,"Audio Tape ",
1750,"lost secret II orig","none","Audio Tape ","none","None",,,26,"n.a.",,,"Audio Tape ",
1751,"c1 master 1998 interactive stories 1-15/precious pup/kid","none","Audio Tape ","none","None",,,26,"n.a.",,,"Audio Tape ",
1752,"kid copy 2","none","Audio Tape ","none","None",,,26,"n.a.",,,"Audio Tape ",
1753,"read book 6/6 am master","none","Audio Tape ","none","None",,,26,"n.a.",,,"Audio Tape ",
1754,"muzzy I slow motion stories","none","Audio Tape ","none","None",,,26,"n.a.",,,"Audio Tape ",
1755,"read (a. marques original)","none","Audio Tape ","none","None",,,26,"n.a.",,,"Audio Tape ",
1756,"Lost secret I orig.","none","Audio Tape ","none","None",,,26,"n.a.",,,"Audio Tape ",
1757,"Ghost 1 orig.","none","Audio Tape ","none","None",,,26,"n.a.",,,"Audio Tape ",
1758,"payday orig.","none","Audio Tape ","none","None",,,26,"n.a.",,,"Audio Tape ",
1759,"toefl building skills for the toefl","none","Audio Tape ","none","None",,,26,"n.a.",,,"Audio Tape ",
1760,"jazz chants/goldilocks/little red","none","Audio Tape ","none","None",,,26,"n.a.",,,"Audio Tape ",
1761,"tape one Muz. II narr","none","Audio Tape ","none","None",,,26,"n.a.",,,"Audio Tape ",
1762,"Muzzy I original","none","Audio Tape ","none","None",,,26,"n.a.",,,"Audio Tape ",
1763,"what to say II master copy","none","Audio Tape ","none","None",,,26,"n.a.",,,"Audio Tape ",
1764,"indy narr original","none","Audio Tape ","none","None",,,26,"n.a.",,,"Audio Tape ",
1765,"pingu orig.","none","Audio Tape ","none","None",,,26,"n.a.",,,"Audio Tape ",
1766,"tom and jerry I orig 10 cart","none","Audio Tape ","none","None",,,26,"n.a.",,,"Audio Tape ",
1767,"Read 3 and 4 marque orig.","none","Audio Tape ","none","None",,,26,"n.a.",,,"Audio Tape ",
1768,"questions and answers","none","Audio Tape ","none","None",,,26,"n.a.",,,"Audio Tape ",
1769,"what to say I master copy","none","Audio Tape ","none","None",,,26,"n.a.",,,"Audio Tape ",
1770,"Read 8 orig.","none","Audio Tape ","none","None",,,26,"n.a.",,,"Audio Tape ",
1771,"tom and jerry comp.","none","Audio Tape ","none","None",,,26,"n.a.",,,"Audio Tape ",
1772,"Longman practice tests for the TOEFL","none","Audio Tape ","none","None",,,26,"n.a.",,,"Audio Tape ",
1773,"Face to face fast-original","none","Audio Tape ","none","None",,,26,"n.a.",,,"Audio Tape ",
1774,"readings grammar book one -orig narration","none","Audio Tape ","none","None",,,26,"n.a.",,,"Audio Tape ",
1775,"uni dune-dei 2","none","Audio Tape ","none","None",,,26,"n.a.",,,"Audio Tape ",
1776,"sound track tintin the crab with the golden claws","none","Audio Tape ","none","None",,,26,"n.a.",,,"Audio Tape ",
1777,"amadeus marques read book original","none","Audio Tape ","none","None",,,26,"n.a.",,,"Audio Tape ",
1778,"sea wolf original","none","Audio Tape ","none","None",,,26,"n.a.",,,"Audio Tape ",
1779,"read /grammar book on 1-5","none","Audio Tape ","none","None",,,26,"n.a.",,,"Audio Tape ",
1780,"tom and jerry compact orig.","none","Audio Tape ","none","None",,,26,"n.a.",,,"Audio Tape ",
1781,"back to fut II copy","none","Audio Tape ","none","None",,,26,"n.a.",,,"Audio Tape ",
1782,"Marques ½/20","none","Audio Tape ","none","None",,,26,"n.a.",,,"Audio Tape ",
1783,"conversation c2-1998","none","Audio Tape ","none","None",,,26,"n.a.",,,"Audio Tape ",
1784,"Huck finn copy 1","none","Audio Tape ","none","None",,,26,"n.a.",,,"Audio Tape ",
1785,"Marques 2o grau book 3","none","Audio Tape ","none","None",,,26,"n.a.",,,"Audio Tape ",
1786,"Huck Finn orig.","none","Audio Tape ","none","None",,,26,"n.a.",,,"Audio Tape ",
1787,"Marques 1 and 2, 2o grau","none","Audio Tape ","none","None",,,26,"n.a.",,,"Audio Tape ",
1788,"back to the future orig III","none","Audio Tape ","none","None",,,26,"n.a.",,,"Audio Tape ",
1789,"amadeus marques 2o grau copy 1","none","Audio Tape ","none","None",,,26,"n.a.",,,"Audio Tape ",
1790,"Honey-amadeus marques","none","Audio Tape ","none","None",,,26,"n.a.",,,"Audio Tape ",
1791,"london","none","Audio Tape ","none","None",,,26,"n.a.",,,"Audio Tape ",
1792,"Back to the future sound track","none","Audio Tape ","none","None",,,26,"n.a.",,,"Audio Tape ",
1793,"tom and jerry II orig","none","Audio Tape ","none","None",,,26,"n.a.",,,"Audio Tape ",
1794,"Read 3 and 4 a. marques","none","Audio Tape ","none","None",,,26,"n.a.",,,"Audio Tape ",
1795,"what to say master","none","Audio Tape ","none","None",,,26,"n.a.",,,"Audio Tape ",
1796,"sea wolf copy one","none","Audio Tape ","none","None",,,26,"n.a.",,,"Audio Tape ",
1797,"amadeus book 1,2","none","Audio Tape ","none","None",,,26,"n.a.",,,"Audio Tape ",
1798,"Fly soup(dentro da pasta verde que diz 'the rescuers down under)","none","pasta","none","None",,,27,"n.a.",,,"Audio Tape ",
1799,"miscellaneous folder(it says 'toefl program master' but different content)","none","pasta","none","None",,,27,"n.a.",,,,
1800,"tintin in america part one","none","folhas encardenadas ","none","None",,,27,"n.a.",,,,
1801,"pasta vermemlha","none","figuras entre outros","none","None",,,27,"n.a.",,,,
1802,"lost secret  ","none","encardenado","none","None",,,27,"n.a.",,,,
1803,"pasta azul miscellaneous sheets of paper","none","folhas avulsas","none","None",,,27,"n.a.",,,,
1804,"pasta preta","none","payday entre varias outras","none","None",,,27,"n.a.",,,,
1805,"The flying cat  e outros tom and jerry ","none","folhas encardenadas ","none","None",,,27,"n.a.",,,,
1806,"Action stories figuras","none","folhas encardenadas ","none","None",,,27,"n.a.",,,,
1807,"Questions and answers face to face","none","folhas encardenadas ","none","None",,,27,"n.a.",,,,
1808,"Lado book 4 Exercises pasta vermelha","none","transparencias","none","None",,,27,"n.a.",,,,
1809,"Lost Secret  compact version","none","folhas avulsas","none","None",,,27,"n.a.",,,,
1810,"pasta marrom tempos verbais gerundio","none","folhas avulsas","none","None",,,27,"n.a.",,,,
1811,"Table Masters documents","none","folhas avulsas","none","None",,,27,"n.a.",,,,
1812,"Tintin-crab tape 1","none","Audio Tape ","none","None",,,27,"n.a.",,,"Audio Tape ",
1813,"Lost secret Narration Orig.","none","Audio Tape ","none","None",,,27,"n.a.",,,"Audio Tape ",
1814,"Interactive stories /pup","none","Audio Tape ","none","None",,,27,"n.a.",,,"Audio Tape ",
1815,"c8 master","none","Audio Tape ","none","None",,,27,"n.a.",,,"Audio Tape ",
1816,"last leaf lost love the doll/david swan","none","Audio Tape ","none","None",,,27,"n.a.",,,"Audio Tape ",
1817,"Tintin-amer nar 1","none","Audio Tape ","none","None",,,27,"n.a.",,,"Audio Tape ",
1818,"back fut tape 4 mhs copy","none","Audio Tape ","none","None",,,27,"n.a.",,,"Audio Tape ",
1819,"Conversation 3","none","Audio Tape ","none","None",,,27,"n.a.",,,"Audio Tape ",
1820,"follow me I orig.","none","Audio Tape ","none","None",,,27,"n.a.",,,"Audio Tape ",
1821,"follow me s.f. Tape 3","none","Audio Tape ","none","None",,,27,"n.a.",,,"Audio Tape ",
1822,"C3 1998","none","Audio Tape ","none","None",,,27,"n.a.",,,"Audio Tape ",
1823,"kid I -orig ","none","Audio Tape ","none","None",,,27,"n.a.",,,"Audio Tape ",
1824,"muzzy I compact original","none","Audio Tape ","none","None",,,27,"n.a.",,,"Audio Tape ",
1825,"Lost secret compact original","none","Audio Tape ","none","None",,,27,"n.a.",,,"Audio Tape ",
1826,"muzzy II  ","none","Audio Tape ","none","None",,,27,"n.a.",,,"Audio Tape ",
1827,"follow me 1999 unit 5 original","none","Audio Tape ","none","None",,,27,"n.a.",,,"Audio Tape ",
1828,"follow san fran nar. Orig","none","Audio Tape ","none","None",,,27,"n.a.",,,"Audio Tape ",
1829,"follow me sf 9","none","Audio Tape ","none","None",,,27,"n.a.",,,"Audio Tape ",
1830,"orig muzzy I nar","none","Audio Tape ","none","None",,,27,"n.a.",,,"Audio Tape ",
1831,"c5 master","none","Audio Tape ","none","None",,,27,"n.a.",,,"Audio Tape ",
1832,"Conversation 6 indy 38-end","none","Audio Tape ","none","None",,,27,"n.a.",,,"Audio Tape ",
1833,"c6 master","none","Audio Tape ","none","None",,,27,"n.a.",,,"Audio Tape ",
1834,"tintin america tape orig","none","Audio Tape ","none","None",,,27,"n.a.",,,"Audio Tape ",
1835,"c7 master","none","Audio Tape ","none","None",,,27,"n.a.",,,"Audio Tape ",
1836,"precious puppy c.2.","none","Audio Tape ","none","None",,,27,"n.a.",,,"Audio Tape ",
1837,"R.P. Directions","none","Audio Tape ","none","None",,,27,"n.a.",,,"Audio Tape ",
1838,"tom and jerry 1","none","Audio Tape ","none","None",,,27,"n.a.",,,"Audio Tape ",
1839,"moby dick copy 1","none","Audio Tape ","none","None",,,27,"n.a.",,,"Audio Tape ",
1840,"c2 face-read 61 face to face/readings grammar book narration 1-7","none","Audio Tape ","none","None",,,27,"n.a.",,,"Audio Tape ",
1841,"gold rush copy I","none","Audio Tape ","none","None",,,27,"n.a.",,,"Audio Tape ",
1842,"precious puppy orig A","none","Audio Tape ","none","None",,,27,"n.a.",,,"Audio Tape ",
1843,"Indy 2 narr orig","none","Audio Tape ","none","None",,,27,"n.a.",,,"Audio Tape ",
1844,"Longman practice tests for the TOEFL","none","Audio Tape ","none","None",,,27,"n.a.",,,"Audio Tape ",
1845,"follow s.f. Narration master B","none","Audio Tape ","none","None",,,27,"n.a.",,,"Audio Tape ",
1846,"back to fut tape 3","none","Audio Tape ","none","None",,,27,"n.a.",,,"Audio Tape ",
1847,"payday copy one","none","Audio Tape ","none","None",,,27,"n.a.",,,"Audio Tape ",
1848,"Conversation 4 lost secret 3-11","none","Audio Tape ","none","None",,,27,"n.a.",,,"Audio Tape ",
1849,"Tintin-crabs tape 2 original","none","Audio Tape ","none","None",,,27,"n.a.",,,"Audio Tape ",
1850,"back to the future I (master)","none","Audio Tape ","none","None",,,27,"n.a.",,,"Audio Tape ",
1851,"ET news","none","folhas grampeadas noticias ET","none","None",,,28,"n.a.",,,,
1852,"Historias de acao Portugues","none","folhas encardenadas ","none","None",,,28,"n.a.",,,"Programa de Portugues",
1853,"Tom e jerry","none","folhas encardenadas ","none","None",,,28,"n.a.",,,"Programa de Portugues",
1854,"historias de acao Portugues","none","folhas encardenadas ","none","None",,,28,"n.a.",,,"Programa de Portugues",
1855,"historias de acao Portugues","none","folhas encardenadas ","none","None",,,28,"n.a.",,,"Programa de Portugues",
1856,"muzzy story tell","none","folhas encardenadas programa portugues ","none","None",,,28,"n.a.",,,"Programa de Portugues",
1857,"a corrida do ouro","none","folhas encardenadas programa portugues ","none","None",,,28,"n.a.",,,"Programa de Portugues",
1858,"O garoto","none","folhas encardenadas programa portugues ","none","None",,,28,"n.a.",,,"Programa de Portugues",
1859,"muzzy story tell","none","folhas encardenadas ","none","None",,,28,"n.a.",,,"Programa de Portugues",
1860,"tom e jerry","none","folhas encardenadas ","none","None",,,28,"n.a.",,,"Programa de Portugues",
1861,"A corrida do ouro","none","folhas encardenadas ","none","None",,,28,"n.a.",,,"Programa de Portugues",
1862,"tom y jerry programa espanhol","none","folhas encardenadas ","none","None",,,28,"n.a.",,,"programa de espanhol",
1863,"tom e jerry programa espanhol","none","folhas encardenadas ","none","None",,,28,"n.a.",,,"programa de espanhol",
1864,"el nino I programa de espanhol","none","folhas encardenadas ","none","None",,,28,"n.a.",,,"programa de espanhol",
1865,"el nino programa de espanhol","none","folhas encardenadas ","none","None",,,28,"n.a.",,,"programa de espanhol",
1866,"tom y jerry  ","none","folhas encardenadas ","none","None",,,28,"n.a.",,,"programa de espanhol",
1867,"historias en accion programa de espanhol (escrito)","none","folhas encardenadas ","none","None",,,28,"n.a.",,,"programa de espanhol",
1868,"El nino  ","none","folhas encardenadas ","none","None",,,28,"n.a.",,,"programa de espanhol",
1869,"tom y jerry programa de espanhol","none","folhas encardenadas ","none","None",,,28,"n.a.",,,"programa de espanhol",
1870,"tom y jerry programa de espanhol","none","folhas encardenadas ","none","None",,,28,"n.a.",,,"programa de espanhol",
1871,"El nino  ","none","folhas encardenadas ","none","None",,,28,"n.a.",,,"programa de espanhol",
1872,"historias en accion programa de espanhol (escrito)","none","folhas encardenadas ","none","None",,,28,"n.a.",,,"programa de espanhol",
1873,"viaje al espanol programa de espanhol escrito","none","folhas encardenadas ","none","None",,,28,"n.a.",,,"programa de espanhol",
1874,"muzzy I ","none","folhas encardenadas ","none","None",,,28,"n.a.",,,"programa de espanhol",
1875,"Self-scoring Personality Tests","victor Serebriakoff","Book  ","honorary international president, mensa","0-76070-162-8",,,28,"n.a.",,,,
1876,"Vamos a hablar","felipe pedraza Jimenez","spanish Textbook","editora atica","85-08-04107-1",,,28,"n.a.",,,,
1877,"vamos a hablar","felipe pedraza Jimenez","spanish textbook","editora atica","85-08-03719-8",,,28,"n.a.",,,,
1878,"vamos a hablar","felipe pedraza Jimenez","spanish Textbook","editora atica","85-08-03591-8",,,28,"n.a.",,,,
1879,"big book of games II 10 great years","none","game book","Workman Publishing New York","0-89480-632-7",,,28,"n.a.",,,,
1880,"the inspector holidays","amadeus marques","booklet","first readers series","85-08-03961-1",,,28,"n.a.",,,,
1881,"japanese book kumon no kogakko dorimu","none","Book  ","kumon","4-87576-574-6",,,28,"n.a.",,,,
1882,"Gramatica Basica del espanol","ramon sarmiento/aquilino sanchez","Book  ","SGEL","84-7143-410-5",,,28,"n.a.",,,,
1883,"Historias en accion spanish 1999 (inside tom y jerry)","none","pasta","none","None",,,28,"n.a.",,,"programa de espanhol",
1884,"pasta vermelha historias en accion","none","pasta","none","None",,,28,"n.a.",,,"programa de espanhol",
1885,"el nino  ","none","folhas grampeadas ","none","None",,,28,"n.a.",,,"programa de espanhol",
1886,"pasta azul sitcom1.doc nightcourt/martin(inside tom y jerry)","none","folhas grampeadas ","none","None",,,28,"n.a.",,,"programa de espanhol",
1887,"historias en accion  programa de espanhol","none","folhas encardenadas ","none","None",,,28,"n.a.",,,"programa de espanhol",
1888,"viaje al espanol  ","none","folhas encardenadas ","none","None",,,28,"n.a.",,,"programa de espanhol",
1889,"Historias en accion spanish escrito","none","folhas encardenadas ","none","None",,,28,"n.a.",,,"programa de espanhol",
1890,"Historias en accion spanish  ","none","folhas encardenadas ","none","None",,,28,"n.a.",,,"programa de espanhol",
1891,"muzzy Historia","none","folhas encardenadas ","none","None",,,28,"n.a.",,,"programa de espanhol",
1892,"historias en accion spanish  ","none","folhas encardenadas ","none","None",,,28,"n.a.",,,"programa de espanhol",
1893,"viaje al espanol 2","none","Audio Tape ","none","None",,,28,"n.a.",,,"Audio Tape ",
1894,"span kid 1","none","Audio Tape ","none","None",,,28,"n.a.",,,"Audio Tape ",
1895,"Destinos 17/18 orig.","none","Audio Tape ","none","None",,,28,"n.a.",,,"Audio Tape ",
1896,"spanish act s I orig.","none","Audio Tape ","none","None",,,28,"n.a.",,,"Audio Tape ",
1897,"Tom & jerry spanish 1999 orig.","none","Audio Tape ","none","None",,,28,"n.a.",,,"Audio Tape ",
1898,"Paloma san basilio musica Spanish","none","Audio Tape ","none","None",,,28,"n.a.",,,"Audio Tape ",
1899,"spanish kid tape 2 orig. 1996","none","Audio Tape ","none","None",,,28,"n.a.",,,"Audio Tape ",
1900,"tom y jerry spanish","none","Audio Tape ","none","None",,,28,"n.a.",,,"Audio Tape ",
1901,"Historia accion 1999 copy 1","none","Audio Tape ","none","None",,,28,"n.a.",,,"Audio Tape ",
1902,"nuevos destinos orig.","none","Audio Tape ","none","None",,,28,"n.a.",,,"Audio Tape ",
1903,"nuevos destinos orig.","none","Audio Tape ","none","None",,,28,"n.a.",,,"Audio Tape ",
1904,"Spanish 4 muzzy I el nino","none","Audio Tape ","none","None",,,28,"n.a.",,,"Audio Tape ",
1905,"Espanol-action stories historias en accion","none","Audio Tape ","none","None",,,28,"n.a.",,,"audio  tape",
1906,"abismos span","none","Audio Tape ","none","None",,,28,"n.a.",,,"Audio Tape ",
1907,"spanish tom & jerry","none","Audio Tape ","none","None",,,28,"n.a.",,,"Audio Tape ",
1908,"Action Spanish","none","Audio Tape ","none","None",,,28,"n.a.",,,"Audio Tape ",
1909,"Nino-1999 copy 2","none","Audio Tape ","none","None",,,28,"n.a.",,,"Audio Tape ",
1910,"Destinos 27/28","none","Audio Tape ","none","None",,,28,"n.a.",,,"Audio Tape ",
1911,"Nuevos destinos 13-15","none","Audio Tape ","none","None",,,28,"n.a.",,,"Audio Tape ",
1912,"spanish tom & jerry II","none","Audio Tape ","none","None",,,28,"n.a.",,,"Audio Tape ",
1913,"spanish tom & jerry master orig.","none","Audio Tape ","none","None",,,28,"n.a.",,,"Audio Tape ",
1914,"Destinos 1 and 2","none","Audio Tape ","none","None",,,28,"n.a.",,,"Audio Tape ",
1915,"historias accion 1999","none","Audio Tape ","none","None",,,28,"n.a.",,,"Audio Tape ",
1916,"spanish tom & jerry original I","none","Audio Tape ","none","None",,,28,"n.a.",,,"Audio Tape ",
1917,"Roxete span music","none","Audio Tape ","none","None",,,28,"n.a.",,,"Audio Tape ",
1918,"lucia tintin in america narration A","none","Audio Tape ","none","None",,,28,"n.a.",,,"Audio Tape ",
1919,"roxette spanish mus","none","Audio Tape ","none","None",,,28,"n.a.",,,"Audio Tape ",
1920,"el nino orig. 1996","none","Audio Tape ","none","None",,,28,"n.a.",,,"Audio Tape ",
1921,"Nuevos destinos 9-12","none","Audio Tape ","none","None",,,28,"n.a.",,,"Audio Tape ",
1922,"a bela e a fera II orig. end ","none","Audio Tape ","none","None",,,28,"n.a.",,,"Audio Tape ",
1923,"charlie chaplin 1-20 portugues","none","Audio Tape ","none","None",,,28,"n.a.",,,"Audio Tape ",
1924,"charlie chaplin Portugues","none","Audio Tape ","none","None",,,28,"n.a.",,,"Audio Tape ",
1925,"spanish  ","none","Audio Tape ","none","None",,,28,"n.a.",,,"Audio Tape ",
1926,"pasta azul follow me I masters","none","folhas avulsas","none","None",,,29,"n.a.",,,"apostila de ingles",
1927,"pasta verde miscellaneous","none","folhas avulsas","none","None",,,29,"n.a.",,,"apostila de ingles",
1928,"pasta laranja Interrogative and negative masters","none","folhas avulsas","none","None",,,29,"n.a.",,,"apostila de ingles",
1929,"action pictures Italian","none","folder papel de carta","none","None",,,29,"n.a.",,,"programa de italiano",
1930,"tintin in america part one","none","folhas encardenadas ","none","None",,,29,"n.a.",,,"apostila de ingles",
1931,"folhas avulsas dialogos","none","folhas grampeadas ","none","None",,,29,"n.a.",,,"apostila de ingles",
1932,"payday   ","none","folhas grampeadas ","none","None",,,29,"n.a.",,,"apostila de ingles",
1933,"action stories  escrito","none","folhas encardenadas ","none","None",,,29,"n.a.",,,"apostila de ingles",
1934,"interactive story telling: talking movies","none","folhas grampeadas ","none","None",,,29,"n.a.",,,"apostila de ingles",
1935,"sea wolf  ","none","folhas encardenadas ","none","None",,,29,"n.a.",,,"apostila de ingles",
1936,"follow me to san francisco","none","folhas encardenadas ","none","None",,,29,"n.a.",,,"apostila de ingles",
1937,"Action stories figuras","none","folhas encardenadas ","none","None",,,29,"n.a.",,,"apostila de ingles",
1938,"Pasta azul old apostilas","none","folhas avulsas","none","None",,,29,"n.a.",,,"apostila de ingles",
1939,"payday ","none","apostila encardenada","none","None",,,29,"n.a.",,,"apostila de ingles",
1940,"pasta verde  look ahead","none","folhas avulsas","none","None",,,29,"n.a.",,,"apostila de ingles",
1941,"Read one masters","none","apostilas de ingles","none","None",,,29,"n.a.",,,"apostila de ingles",
1942,"readings  ","none","apostilas avulsas","none","None",,,29,"n.a.",,,"apostila de ingles",
1943,"follow me to san francisco","none","apostila avulsas","none","None",,,29,"n.a.",,,"apostila de ingles",
1944,"pasta verde in on at prepositions(","none","apostilas avulsas pontos gramaticais","none","None",,,29,"n.a.",,,"apostila de ingles",
1945,"Lost Secret   ","none","apostila avulsas","none","None",,,29,"n.a.",,,"apostila de ingles",
1946,"Action stories figuras","none","apostila encardenada","none","None",,,29,"n.a.",,,"apostila de ingles",
1947,"action stories figuras e escrito","none","apostila encardenada","none","None",,,29,"n.a.",,,"apostila de ingles",
1948,"Dr. zhivago narration & dialog","none","apostila encardenada","none","None",,,29,"n.a.",,,"apostila de ingles",
1949,"Action stories figuras e escrito ingles","none","apostila encardenada","none","None",,,29,"n.a.",,,"apostila de ingles",
1950,"Lost Secret   ","none","apostila grampeada","none","None",,,29,"n.a.",,,"apostila de ingles",
1951,"Unit 6 Making Scrambled eggs vocabulary track 1","none","apostila grampeada","none","None",,,29,"n.a.",,,"apostila de ingles",
1952,"tom and jerry 1","none","vocabulary apostila tom and jerry","none","None",,,29,"n.a.",,,"apostila de ingles",
1953,"Tom & jerry I original ","none","Audio Tape ","none","None",,,29,"n.a.",,,"Audio Tape ",
1954,"Music orquest.","none","Audio Tape ","none","None",,,29,"n.a.",,,"Audio Tape ",
1955,"corvex by H.","none","Audio Tape ","none","None",,,29,"n.a.",,,"Audio Tape ",
1956,"Lucia natali/titanic","none","Audio Tape ","none","None",,,29,"n.a.",,,"Audio Tape ",
1957,"action stories H.","none","Audio Tape ","none","None",,,29,"n.a.",,,"Audio Tape ",
1958,"action stories orig.","none","Audio Tape ","none","None",,,29,"n.a.",,,"Audio Tape ",
1959,"Tom to jerry chiisana minashigo","none","apostila de japones","none","None",,,30,"n.a.",,,"apostila de japones",
1960,"action stories japanese","none","apostila de japones","none","None",,,30,"n.a.",,,"apostila de japones",
1961,"action stories japanese","none","apostila de japones","none","None",,,30,"n.a.",,,"apostila de japones",
1962,"Kid Hohoemi to namida no monogatari","none","apostila de japones","none","None",,,30,"n.a.",,,"apostila de japones",
1963,"apostila avulsa yan e seu povo japones","none","apostila de japones","none","None",,,30,"n.a.",,,"apostila de japones",
1964,"action stories japanese","none","apostila de japones","none","None",,,30,"n.a.",,,"apostila de japones",
1965,"the kid japanese","none","apostila de japones","none","None",,,30,"n.a.",,,"apostila de japones",
1966,"action stories figuras e escrito  ","none","apostila de frances","none","None",,,30,"n.a.",,,"apostila de frances",
1967,"Muzzy 1 premiere partie","none","apostila de frances","none","None",,,30,"n.a.",,,"apostila de frances",
1968,"Plein soleil","none","apostila de frances","none","None",,,30,"n.a.",,,"apostila de frances",
1969,"prof henrique 861-2040(action stories frances inside)","none","apostila de frances","none","None",,,30,"n.a.",,,"apostila de frances",
1970,"Muzzy 1 script","none","apostila de frances","none","None",,,30,"n.a.",,,"apostila de frances",
1971,"L'enfant der Junge/Tom & jerry(German's masters)","none","apostila de frances","none","None",,,30,"n.a.",,,"apostila de frances",
1972,"french muzzy originals","none","apostila de frances","none","None",,,30,"n.a.",,,"apostila de frances",
1973,"chinese english dictionary","chauncey goodrich","pocket dictionary","none","None",,,30,"n.a.",,,"Book",
1974,"situazioni glossario","none","apostila italiano vocabulario action stories","none","None",,,30,"n.a.",,,"apostila de italiano",
1975,"Situazioni action stories","none","apostila italiano action stories","none","None",,,30,"n.a.",,,"apostila italiano",
1976,"Situazioni action stories","none","apostila italiano action stories","none","None",,,30,"n.a.",,,"apostila italiano",
1977,"situazioni glossario italian","none","apostila italiano action stories","none","None",,,30,"n.a.",,,"apostila italiano",
1978,"situazioni action stories","none","apostila italiano action stories","none","None",,,30,"n.a.",,,"apostila italiano",
1979,"ragazzo the kid italian","none","apostila italiano the kid","none","None",,,30,"n.a.",,,"apostila de italiano",
1980,"situazioni action stories","none","apostila italiano action stories","none","None",,,30,"n.a.",,,"apostila de italiano",
1981,"italian muzzy I masters text voc","none","apostila italiano muzzy","none","None",,,30,"n.a.",,,"apostila italiano",
1982,"Italian-English dictionary","none","copia de dicionario italiano","none","None",,,30,"n.a.",,,"apostila italiano",
1983,"In italiano 1-6","none","copia de gramatica italiana per stranieri","none","None",,,30,"n.a.",,,"apostila de in italiano",
1984,"In italiano 1 edizioni guerra perugia","none","copia de grammatica italiana per stranieri","none","None",,,30,"n.a.",,,"apostila in italiano",
1985,"italian english dictionary","none","copia de dicionario italiano","none","None",,,30,"n.a.",,,"apostila de italiano",
1986,"Muzzy 2 french","none","audio tape french","none","None",,,30,"n.a.",,,"Audio Tape ",
1987,"Muzzy 1 french trilha sonora original","none","Audio Tape ","none","None",,,30,"n.a.",,,"Audio Tape ",
1988,"Bienvenue 8-10","none","Audio Tape ","none","None",,,30,"n.a.",,,"Audio Tape ",
1989,"Bienvenue 14-17","none","Audio Tape ","none","None",,,30,"n.a.",,,"Audio Tape ",
1990,"frances","none","Audio Tape ","none","None",,,30,"n.a.",,,"Audio Tape ",
1991,"in italiano 13-18","none","Audio Tape ","none","None",,,30,"n.a.",,,"Audio Tape ",
1992,"situazini copy 4","none","Audio Tape ","none","None",,,30,"n.a.",,,"Audio Tape ",
1993,"Italiano 1","none","Audio Tape ","none","None",,,30,"n.a.",,,"Audio Tape ",
1994,"in italiano 1 24","none","Audio Tape ","none","None",,,30,"n.a.",,,"Audio Tape ",
1995,"Tom & jerry  ","none","Audio Tape ","none","None",,,30,"n.a.",,,"Audio Tape ",
1996,"italian I 1-3/4-6","none","Audio Tape ","none","None",,,30,"n.a.",,,"Audio Tape ",
1997,"honey'","none","Audio Tape ","none","None",,,30,"n.a.",,,"Audio Tape ",
1998,"in italiano 1-6/7-12","none","Audio Tape ","none","None",,,30,"n.a.",,,"Audio Tape ",
1999,"ragazzo orig. alessandra","none","Audio Tape ","none","None",,,30,"n.a.",,,"Audio Tape ",
2000,"italian muzzy I orig","none","Audio Tape ","none","None",,,30,"n.a.",,,"Audio Tape ",
2001,"italian action pictures 30-39/40","none","Audio Tape ","none","None",,,30,"n.a.",,,"Audio Tape ",
2002,"Italian muzzy II 6-3/4-","none","Audio Tape ","none","None",,,30,"n.a.",,,"Audio Tape ",
2003,"jap kid eugenia","none","audio tape japanese","none","None",,,30,"n.a.",,,"Audio Tape ",
2004,"Japanese kid original","none","audio tape japanese","none","None",,,30,"n.a.",,,"Audio Tape ",
2005,"jap pablo kid","none","Audio Tape ","none","None",,,30,"n.a.",,,"Audio Tape ",
2006,"japanese action stories","none","Audio Tape ","none","None",,,30,"n.a.",,,"Audio Tape ",
2007,"action japanese copy","none","Audio Tape ","none","None",,,30,"n.a.",,,"Audio Tape ",
2008,"action stories japanese","none","audio tape japanese","none","None",,,30,"n.a.",,,"Audio Tape ",
2009,"frances","none","audio tape french","none","None",,,30,"n.a.",,,"Audio Tape ",
2010,"nouveau","none","Audio Tape ","none","None",,,30,"n.a.",,,"Audio Tape ",
2011,"Bienvenue 1-4","none","Audio Tape ","none","None",,,30,"n.a.",,,"Audio Tape ",
2012,"orange francais 1, 2a, 2b, 3a, 3b, 4a, 4b, 5,6, 7, 8,9","none ","Audio Tape ","none ","None",,,30,"n.a. ",,,"Audio Tape ",
2013,"sans frontier 3 frances","none","Audio Tape ","none","None",,,30,"n.a.",,,"Audio Tape ",
2014,"action stories figuras","none","apostila  ","none","None",,,31,"n.a.",,,"apostila  ",
2014,"action stories figuras","none","apostila  ","none","None",,,31,"n.a.",,,"apostila  ",
2014,"action stories figuras","none","apostila  ","none","None",,,31,"n.a.",,,"apostila  ",
2017,"Tom und Jerry German","none","apostila de alemao","none","None",,,31,"n.a.",,,"apostila de alemao",
2018,"action stories German escrito","none","apostila de alemao","none","None",,,31,"n.a.",,,"apostila de alemao",
2019,"action stories german escrito","none","apostila de alemao","none","None",,,31,"n.a.",,,"apostila de alemao",
2020,"action stories figuras alemao","none","apostila de alemao","none","None",,,31,"n.a.",,,"apostila de alemao",
2021,"muzzy II curso de alemao E.T.","none","apostila de alemao","none","None",,,31,"n.a.",,,"apostila de alemao",
2022,"muzzy II german master (corrected)","none","apostila de alemao","none","None",,,31,"n.a.",,,"apostila de alemao",
2023,"alles gute 1-15","none","apostila de alemao","none","None",,,31,"n.a.",,,"apostila de alemao",
2024,"Muzzy 1 alemao","none","apostila de alemao","none","None",,,31,"n.a.",,,"apostila de alemao",
2025,"Muzzy 1 alemao","none","apostila de alemao","none","None",,,31,"n.a.",,,"apostila de alemao",
2026,"the kid german vocabulary","none","apostila de alemao","none","None",,,31,"n.a.",,,"apostila de alemao",
2027,"aguirre german movie","none","apostila de alemao","none","None",,,31,"n.a.",,,"apostila de alemao",
2028,"tom & jerry  alemao","none","apostila de alemao","none","None",,,31,"n.a.",,,"apostila de alemao",
2029," alles gute 16-26","none","apostila de alemao","none","None",,,31,"n.a.",,,"apostila de alemao",
2030,"tintin die krabe mit den goldenen scheren","none","apostila de alemao","none","None",,,31,"n.a.",,,"apostila de alemao",
2031,"tom & jerry  curso de alemao no E.T.","none","apostila de alemao","none","None",,,31,"n.a.",,,"apostila de alemao",
2032,"Peter & co. action stories curso de alemao","none","apostila de alemao","none","None",,,31,"n.a.",,,"apostila de alemao",
2033,"Situacoes 1-40 Portugues?","none","Audio Tape ","none","None",,,31,"n.a.",,,"Audio Tape ",
2034,"themen neu 1","none","Audio Tape ","none","None",,,31,"n.a.",,,"Audio Tape ",
2035,"themen lektion 9","none","Audio Tape ","none","None",,,31,"n.a.",,,"Audio Tape ",
2036,"birgit","none","Audio Tape ","none","None",,,31,"n.a.",,,"Audio Tape ",
2037,"german muzzy II tape 1 pablo","none","Audio Tape ","none","None",,,31,"n.a.",,,"Audio Tape ",
2038,"alles gute narration original 13-14","none","Audio Tape ","none","None",,,31,"n.a.",,,"Audio Tape ",
2039,"ein mann tape 4","none","Audio Tape ","none","None",,,31,"n.a.",,,"Audio Tape ",
2040,"Themen 3 Lektionen 2-4","none","Audio Tape ","none","None",,,31,"n.a.",,,"Audio Tape ",
2041,"muz II german t3","none","Audio Tape ","none","None",,,31,"n.a.",,,"Audio Tape ",
2042,"muzzy II German Tape 3 81-96","none","Audio Tape ","none","None",,,31,"n.a.",,,"Audio Tape ",
2043,"German music","none","Audio Tape ","none","None",,,31,"n.a.",,,"Audio Tape ",
2044,"henry teaching kid","none","Audio Tape ","none","None",,,31,"n.a.",,,"Audio Tape ",
2045,"easy listening I","none","Audio Tape ","none","None",,,31,"n.a.",,,"Audio Tape ",
2046,"tintin crabs with golden claws","none","Audio Tape ","none","None",,,31,"n.a.",,,"Audio Tape ",
2047,"krabbe/tape 2/orig","none","Audio Tape ","none","None",,,31,"n.a.",,,"Audio Tape ",
2048,"student cassette hola amigos!","Jarvis/lebredo/mena-ayllon","Audio Tape ","none","None",,,31,"n.a.",,,"Audio Tape ",
2049,"ghost narration orig.","none","Audio Tape ","none","None",,,31,"n.a.",,,"Audio Tape ",
2050,"muzzy Ii german  ","none","Audio Tape ","none","None",,,31,"n.a.",,,"Audio Tape ",
2051,"themen neui 52-63","none","Audio Tape ","none","None",,,31,"n.a.",,,"Audio Tape ",
2052,"main file children's music","none","Audio Tape ","none","None",,,31,"n.a.",,,"Audio Tape ",
2051,"celine dion/birgit","none","Audio Tape ","none","None",,,31,"n.a.",,,"Audio Tape ",
2054,"alles gute studio 1-14/15-26","none","Audio Tape ","none","None",,,31,"n.a.",,,"Audio Tape ",
2055,"muzzy I slo-mo 1-8 german","none","Audio Tape ","none","None",,,31,"n.a.",,,"Audio Tape ",
2056,"themen neu I","none","Audio Tape ","none","None",,,31,"n.a.",,,"Audio Tape ",
2057,"alles gute 1-7/8-13","none","Audio Tape ","none","None",,,31,"n.a.",,,"Audio Tape ",
2058,"alles gute 9-10","none","Audio Tape ","none","None",,,31,"n.a.",,,"Audio Tape ",
2059,"birgit music","none","Audio Tape ","none","None",,,31,"n.a.",,,"Audio Tape ",
2060,"Themen 3 Lektionen 9 & 10","none","Audio Tape ","none","None",,,31,"n.a.",,,"Audio Tape ",
2061,"themen neu 1 64-87/87-99 fita V","none","Audio Tape ","none","None",,,31,"n.a.",,,"Audio Tape ",
2062,"titanic pt mast","none","Audio Tape ","none","None",,,31,"n.a.",,,"Audio Tape ",
2063,"themen II 5","none","Audio Tape ","none","None",,,31,"n.a.",,,"Audio Tape ",
2064,"german muzzy II tape 1  ","none","Audio Tape ","none","None",,,31,"n.a.",,,"Audio Tape ",
2065,"german muzzy I 1-7/8-13","none","audio tape  ","none","None",,,31,"n.a.",,,"Audio Tape ",
2066,"german muzzy I slo-mo 1-3/4-6","none","Audio Tape ","none","None",,,31,"n.a.",,,"Audio Tape ",
2067,"italian action pictures  ","none","Video Tape  ","none","None",,,31,"n.a.",,,"Audio Tape ",
2068,"Eugenia 1989 back to future","none","Video Tape  ","none","None",,,31,"n.a.",,,"Audio Tape ",
2069,"como se deve estudar em casa","none","apostila  ","none","None",,,31,"n.a.",,,"apostila  ",
2070,"Action stories English escrito e figuras","none","apostila  ","none","None",,,31,"n.a.",,,"apostila  ",
2071,"tintin in America part one","none","apostila  ","none","None",,,31,"n.a.",,,"apostila  ",
